parameter_id,parameter_name,parameter_kind,effect_step_category,scope,lifecycle_or_update,visibility,consumer_unit_ids
GP-001,规则版本,全局配置 GP,配置加载与整场初始化,match_global,整场创建时加载、校验并冻结；仅新match/规则版本可变,配置/权威私有；仅经GP-021和PlayerView白名单公开,ALGO-001|ALGO-003|ALGO-004|ALGO-005|ALGO-006|ALGO-008|ALGO-009|AUDIT-004|AUDIT-005|AUDIT-008|AUDIT-010|AUDIT-011|AUDIT-013|HEUR-003|HEUR-015|MODEL-001|MODEL-002|RULE-001|RULE-015|SCORE-002|SCORE-003|SCORE-004|SCORE-005|SCORE-006|STATE-001|STATE-004|STATE-007|STATE-008|STATE-010
GP-002,规则集标识,全局配置 GP,配置加载与整场初始化,match_global,整场创建时加载、校验并冻结；仅新match/规则版本可变,配置/权威私有；仅经GP-021和PlayerView白名单公开,ALGO-001|ALGO-003|ALGO-004|ALGO-005|ALGO-006|ALGO-008|ALGO-009|AUDIT-004|AUDIT-005|AUDIT-008|AUDIT-010|AUDIT-011|AUDIT-013|HEUR-003|HEUR-015|MODEL-001|MODEL-002|RULE-001|RULE-002|RULE-003|RULE-004|RULE-005|RULE-006|RULE-007|RULE-008|RULE-009|RULE-010|RULE-011|RULE-012|RULE-013|RULE-014|RULE-015|SCORE-002|SCORE-003|SCORE-004|SCORE-005|SCORE-006|STATE-001|STATE-004|STATE-008|STATE-010
GP-003,整场游戏配置,全局配置 GP,整场初始化与跨局控制,match_global,整场创建时加载、校验并冻结；仅新match/规则版本可变,配置/权威私有；仅经GP-021和PlayerView白名单公开,ALGO-001|ALGO-003|ALGO-004|ALGO-005|ALGO-006|ALGO-008|ALGO-009|AUDIT-004|AUDIT-005|AUDIT-008|AUDIT-010|AUDIT-011|AUDIT-013|HEUR-003|HEUR-015|MODEL-001|MODEL-002|RULE-001|RULE-002|RULE-003|RULE-004|RULE-005|RULE-006|RULE-007|RULE-008|RULE-009|RULE-010|RULE-011|RULE-012|RULE-013|RULE-014|RULE-015|SCORE-002|SCORE-003|SCORE-004|SCORE-005|SCORE-006|STATE-001|STATE-004|STATE-008|STATE-010|TRAIN-001|TRAIN-007
GP-004,牌组配置,全局配置 GP,牌墙构建与发牌,match_global,整场创建时加载、校验并冻结；仅新match/规则版本可变,配置/权威私有；仅经GP-021和PlayerView白名单公开,ALGO-001|ALGO-003|ALGO-004|ALGO-005|ALGO-006|ALGO-008|ALGO-009|AUDIT-001|AUDIT-002|AUDIT-003|AUDIT-004|AUDIT-005|AUDIT-008|AUDIT-010|AUDIT-011|AUDIT-013|HEUR-003|HEUR-015|MODEL-001|MODEL-002|RULE-001|RULE-002|RULE-003|RULE-004|RULE-005|RULE-006|RULE-007|RULE-008|RULE-009|RULE-010|RULE-011|RULE-012|RULE-013|RULE-014|RULE-015|SCORE-002|SCORE-003|SCORE-004|SCORE-005|SCORE-006|STATE-001|STATE-004|STATE-008|STATE-010
GP-005,换三张配置,全局配置 GP,换三张,match_global,整场创建时加载、校验并冻结；仅新match/规则版本可变,配置/权威私有；仅经GP-021和PlayerView白名单公开,ALGO-001|ALGO-003|ALGO-004|ALGO-005|ALGO-006|ALGO-008|ALGO-009|AUDIT-004|AUDIT-005|AUDIT-008|AUDIT-010|AUDIT-011|AUDIT-013|HEUR-003|HEUR-015|MODEL-001|MODEL-002|RULE-001|RULE-002|RULE-003|RULE-004|RULE-005|RULE-006|RULE-007|RULE-008|RULE-009|RULE-010|RULE-011|RULE-012|RULE-013|RULE-014|RULE-015|SCORE-002|SCORE-003|SCORE-004|SCORE-005|SCORE-006|STATE-001|STATE-004|STATE-008|STATE-010
GP-006,定缺配置,全局配置 GP,定缺,match_global,整场创建时加载、校验并冻结；仅新match/规则版本可变,配置/权威私有；仅经GP-021和PlayerView白名单公开,ALGO-001|ALGO-003|ALGO-004|ALGO-005|ALGO-006|ALGO-008|ALGO-009|AUDIT-004|AUDIT-005|AUDIT-008|AUDIT-010|AUDIT-011|AUDIT-013|HEUR-003|HEUR-015|MODEL-001|MODEL-002|RULE-001|RULE-002|RULE-003|RULE-004|RULE-005|RULE-006|RULE-007|RULE-008|RULE-009|RULE-010|RULE-011|RULE-012|RULE-013|RULE-014|RULE-015|SCORE-002|SCORE-003|SCORE-004|SCORE-005|SCORE-006|STATE-001|STATE-004|STATE-008|STATE-010
GP-007,基本动作配置,全局配置 GP,行牌与合法动作,match_global,整场创建时加载、校验并冻结；仅新match/规则版本可变,配置/权威私有；仅经GP-021和PlayerView白名单公开,ALGO-001|ALGO-003|ALGO-004|ALGO-005|ALGO-006|ALGO-008|ALGO-009|AUDIT-004|AUDIT-005|AUDIT-008|AUDIT-010|AUDIT-011|AUDIT-013|HEUR-003|HEUR-015|MODEL-001|MODEL-002|RULE-001|RULE-002|RULE-003|RULE-004|RULE-005|RULE-006|RULE-007|RULE-008|RULE-009|RULE-010|RULE-011|RULE-012|RULE-013|RULE-014|RULE-015|SCORE-002|SCORE-003|SCORE-004|SCORE-005|SCORE-006|STATE-001|STATE-004|STATE-008|STATE-010
GP-008,多人响应优先级,全局配置 GP,多人响应解析,match_global,整场创建时加载、校验并冻结；仅新match/规则版本可变,配置/权威私有；仅经GP-021和PlayerView白名单公开,ALGO-001|ALGO-003|ALGO-004|ALGO-005|ALGO-006|ALGO-008|ALGO-009|AUDIT-004|AUDIT-005|AUDIT-008|AUDIT-010|AUDIT-011|AUDIT-013|HEUR-003|HEUR-012|HEUR-015|MODEL-001|MODEL-002|MODEL-004|RULE-001|RULE-002|RULE-003|RULE-004|RULE-005|RULE-006|RULE-007|RULE-008|RULE-009|RULE-010|RULE-011|RULE-012|RULE-013|RULE-014|RULE-015|SCORE-002|SCORE-003|SCORE-004|SCORE-005|SCORE-006|STATE-001|STATE-004|STATE-008|STATE-010|TRAIN-001|TRAIN-007|TRAIN-008|TRAIN-009
GP-009,胡牌权限配置,全局配置 GP,胡牌资格与响应,match_global,整场创建时加载、校验并冻结；仅新match/规则版本可变,配置/权威私有；仅经GP-021和PlayerView白名单公开,ALGO-001|ALGO-003|ALGO-004|ALGO-005|ALGO-006|ALGO-008|ALGO-009|AUDIT-004|AUDIT-005|AUDIT-008|AUDIT-010|AUDIT-011|AUDIT-013|HEUR-003|HEUR-015|MODEL-001|MODEL-002|MODEL-004|RULE-001|RULE-002|RULE-003|RULE-004|RULE-005|RULE-006|RULE-007|RULE-008|RULE-009|RULE-010|RULE-011|RULE-012|RULE-013|RULE-014|RULE-015|SCORE-002|SCORE-003|SCORE-004|SCORE-005|SCORE-006|STATE-001|STATE-004|STATE-008|STATE-010|TRAIN-001|TRAIN-007|TRAIN-008|TRAIN-009
GP-010,牌墙与终止配置,全局配置 GP,牌墙推进与终局判定,match_global,整场创建时加载、校验并冻结；仅新match/规则版本可变,配置/权威私有；仅经GP-021和PlayerView白名单公开,ALGO-001|ALGO-003|ALGO-004|ALGO-005|ALGO-006|ALGO-008|ALGO-009|AUDIT-004|AUDIT-005|AUDIT-008|AUDIT-010|AUDIT-011|AUDIT-013|HEUR-003|HEUR-015|MODEL-001|MODEL-002|MODEL-004|RULE-001|RULE-002|RULE-003|RULE-004|RULE-005|RULE-006|RULE-007|RULE-008|RULE-009|RULE-010|RULE-011|RULE-012|RULE-013|RULE-014|RULE-015|SCORE-002|SCORE-003|SCORE-004|SCORE-005|SCORE-006|STATE-001|STATE-004|STATE-008|STATE-010|TRAIN-001|TRAIN-007|TRAIN-008|TRAIN-009
GP-011,番型目录,全局配置 GP,番型识别与结算,match_global,整场创建时加载、校验并冻结；仅新match/规则版本可变,配置/权威私有；仅经GP-021和PlayerView白名单公开,ALGO-001|ALGO-003|ALGO-004|ALGO-005|ALGO-006|ALGO-008|ALGO-009|AUDIT-004|AUDIT-005|AUDIT-008|AUDIT-010|AUDIT-011|AUDIT-013|HEUR-003|HEUR-011|HEUR-015|HEUR-020|MODEL-001|MODEL-002|RULE-001|RULE-002|RULE-003|RULE-004|RULE-005|RULE-006|RULE-007|RULE-008|RULE-009|RULE-010|RULE-011|RULE-012|RULE-013|RULE-014|RULE-015|SCORE-001|SCORE-002|SCORE-003|SCORE-004|SCORE-005|SCORE-006|STATE-001|STATE-003|STATE-004|STATE-008|STATE-010|TRAIN-002
GP-012,番型关系,全局配置 GP,番型识别与结算,match_global,整场创建时加载、校验并冻结；仅新match/规则版本可变,配置/权威私有；仅经GP-021和PlayerView白名单公开,ALGO-001|ALGO-003|ALGO-004|ALGO-005|ALGO-006|ALGO-008|ALGO-009|AUDIT-004|AUDIT-005|AUDIT-008|AUDIT-010|AUDIT-011|AUDIT-013|HEUR-003|HEUR-011|HEUR-015|HEUR-020|MODEL-001|MODEL-002|RULE-001|RULE-002|RULE-003|RULE-004|RULE-005|RULE-006|RULE-007|RULE-008|RULE-009|RULE-010|RULE-011|RULE-012|RULE-013|RULE-014|RULE-015|SCORE-001|SCORE-002|SCORE-003|SCORE-004|SCORE-005|SCORE-006|STATE-001|STATE-003|STATE-004|STATE-008|STATE-010|TRAIN-002
GP-013,番数和封顶配置,全局配置 GP,番型识别与结算,match_global,整场创建时加载、校验并冻结；仅新match/规则版本可变,配置/权威私有；仅经GP-021和PlayerView白名单公开,ALGO-001|ALGO-003|ALGO-004|ALGO-005|ALGO-006|ALGO-008|ALGO-009|AUDIT-004|AUDIT-005|AUDIT-008|AUDIT-010|AUDIT-011|AUDIT-013|HEUR-003|HEUR-011|HEUR-015|HEUR-020|MODEL-001|MODEL-002|RULE-001|RULE-002|RULE-003|RULE-004|RULE-005|RULE-006|RULE-007|RULE-008|RULE-009|RULE-010|RULE-011|RULE-012|RULE-013|RULE-014|RULE-015|SCORE-001|SCORE-002|SCORE-003|SCORE-004|SCORE-005|SCORE-006|STATE-001|STATE-003|STATE-004|STATE-008|STATE-010|TRAIN-002
GP-014,自摸结算配置,全局配置 GP,胡牌计分,match_global,整场创建时加载、校验并冻结；仅新match/规则版本可变,配置/权威私有；仅经GP-021和PlayerView白名单公开,ALGO-001|ALGO-003|ALGO-004|ALGO-005|ALGO-006|ALGO-008|ALGO-009|AUDIT-004|AUDIT-005|AUDIT-008|AUDIT-010|AUDIT-011|AUDIT-013|HEUR-003|HEUR-011|HEUR-013|HEUR-015|HEUR-020|MODEL-001|MODEL-002|RULE-001|RULE-002|RULE-003|RULE-004|RULE-005|RULE-006|RULE-007|RULE-008|RULE-009|RULE-010|RULE-011|RULE-012|RULE-013|RULE-014|RULE-015|SCORE-001|SCORE-002|SCORE-003|SCORE-004|SCORE-005|SCORE-006|STATE-001|STATE-003|STATE-004|STATE-008|STATE-010|TRAIN-002
GP-015,杠分配置,全局配置 GP,杠牌计分,match_global,整场创建时加载、校验并冻结；仅新match/规则版本可变,配置/权威私有；仅经GP-021和PlayerView白名单公开,ALGO-001|ALGO-003|ALGO-004|ALGO-005|ALGO-006|ALGO-008|ALGO-009|AUDIT-004|AUDIT-005|AUDIT-008|AUDIT-010|AUDIT-011|AUDIT-013|HEUR-003|HEUR-011|HEUR-013|HEUR-015|HEUR-020|MODEL-001|MODEL-002|RULE-001|RULE-002|RULE-003|RULE-004|RULE-005|RULE-006|RULE-007|RULE-008|RULE-009|RULE-010|RULE-011|RULE-012|RULE-013|RULE-014|RULE-015|SCORE-001|SCORE-002|SCORE-003|SCORE-004|SCORE-005|SCORE-006|STATE-001|STATE-003|STATE-004|STATE-008|STATE-010|TRAIN-002
GP-016,呼叫转移配置,全局配置 GP,呼叫转移结算,match_global,整场创建时加载、校验并冻结；仅新match/规则版本可变,配置/权威私有；仅经GP-021和PlayerView白名单公开,ALGO-001|ALGO-003|ALGO-004|ALGO-005|ALGO-006|ALGO-008|ALGO-009|AUDIT-004|AUDIT-005|AUDIT-008|AUDIT-010|AUDIT-011|AUDIT-013|HEUR-003|HEUR-011|HEUR-013|HEUR-015|HEUR-020|MODEL-001|MODEL-002|RULE-001|RULE-002|RULE-003|RULE-004|RULE-005|RULE-006|RULE-007|RULE-008|RULE-009|RULE-010|RULE-011|RULE-012|RULE-013|RULE-014|RULE-015|SCORE-001|SCORE-002|SCORE-003|SCORE-004|SCORE-005|SCORE-006|STATE-001|STATE-003|STATE-004|STATE-008|STATE-010|TRAIN-002
GP-017,查花猪配置,全局配置 GP,终局花猪结算,match_global,整场创建时加载、校验并冻结；仅新match/规则版本可变,配置/权威私有；仅经GP-021和PlayerView白名单公开,ALGO-001|ALGO-003|ALGO-004|ALGO-005|ALGO-006|ALGO-008|ALGO-009|AUDIT-004|AUDIT-005|AUDIT-008|AUDIT-010|AUDIT-011|AUDIT-013|HEUR-003|HEUR-011|HEUR-013|HEUR-015|HEUR-020|MODEL-001|MODEL-002|RULE-001|RULE-002|RULE-003|RULE-004|RULE-005|RULE-006|RULE-007|RULE-008|RULE-009|RULE-010|RULE-011|RULE-012|RULE-013|RULE-014|RULE-015|SCORE-001|SCORE-002|SCORE-003|SCORE-004|SCORE-005|SCORE-006|STATE-001|STATE-003|STATE-004|STATE-008|STATE-010|TRAIN-002
GP-018,查大叫配置,全局配置 GP,终局查大叫,match_global,整场创建时加载、校验并冻结；仅新match/规则版本可变,配置/权威私有；仅经GP-021和PlayerView白名单公开,ALGO-001|ALGO-003|ALGO-004|ALGO-005|ALGO-006|ALGO-008|ALGO-009|AUDIT-004|AUDIT-005|AUDIT-008|AUDIT-010|AUDIT-011|AUDIT-013|HEUR-003|HEUR-011|HEUR-013|HEUR-015|HEUR-020|MODEL-001|MODEL-002|RULE-001|RULE-002|RULE-003|RULE-004|RULE-005|RULE-006|RULE-007|RULE-008|RULE-009|RULE-010|RULE-011|RULE-012|RULE-013|RULE-014|RULE-015|SCORE-001|SCORE-002|SCORE-003|SCORE-004|SCORE-005|SCORE-006|STATE-001|STATE-003|STATE-004|STATE-008|STATE-010|TRAIN-002
GP-019,退税配置,全局配置 GP,终局退税,match_global,整场创建时加载、校验并冻结；仅新match/规则版本可变,配置/权威私有；仅经GP-021和PlayerView白名单公开,ALGO-001|ALGO-003|ALGO-004|ALGO-005|ALGO-006|ALGO-008|ALGO-009|AUDIT-004|AUDIT-005|AUDIT-008|AUDIT-010|AUDIT-011|AUDIT-013|HEUR-003|HEUR-011|HEUR-013|HEUR-015|HEUR-020|MODEL-001|MODEL-002|RULE-001|RULE-002|RULE-003|RULE-004|RULE-005|RULE-006|RULE-007|RULE-008|RULE-009|RULE-010|RULE-011|RULE-012|RULE-013|RULE-014|RULE-015|SCORE-001|SCORE-002|SCORE-003|SCORE-004|SCORE-005|SCORE-006|STATE-001|STATE-003|STATE-004|STATE-008|STATE-010|TRAIN-002
GP-020,庄家配置,全局配置 GP,庄家与座位管理,match_global,整场创建时加载、校验并冻结；仅新match/规则版本可变,配置/权威私有；仅经GP-021和PlayerView白名单公开,ALGO-001|ALGO-003|ALGO-004|ALGO-005|ALGO-006|ALGO-008|ALGO-009|AUDIT-004|AUDIT-005|AUDIT-008|AUDIT-010|AUDIT-011|AUDIT-013|HEUR-003|HEUR-011|HEUR-013|HEUR-015|HEUR-020|MODEL-001|MODEL-002|RULE-001|RULE-002|RULE-003|RULE-004|RULE-005|RULE-006|RULE-007|RULE-008|RULE-009|RULE-010|RULE-011|RULE-012|RULE-013|RULE-014|RULE-015|SCORE-001|SCORE-002|SCORE-003|SCORE-004|SCORE-005|SCORE-006|STATE-001|STATE-003|STATE-004|STATE-008|STATE-010|TRAIN-002
GP-021,信息可见性配置,全局配置 GP,PlayerView构建与信息隔离,match_global,整场创建时加载、校验并冻结；仅新match/规则版本可变,配置/权威私有；仅经GP-021和PlayerView白名单公开,ALGO-001|ALGO-003|ALGO-004|ALGO-005|ALGO-006|ALGO-007|ALGO-008|ALGO-009|ALGO-010|AUDIT-001|AUDIT-002|AUDIT-004|AUDIT-005|AUDIT-008|AUDIT-010|AUDIT-011|AUDIT-013|HEUR-003|HEUR-015|HEUR-019|HEUR-020|MODEL-001|MODEL-002|RULE-001|RULE-015|RULE-016|SCORE-002|SCORE-003|SCORE-004|SCORE-005|SCORE-006|STATE-001|STATE-004|STATE-005|STATE-008|STATE-010
GP-022,时间控制配置,全局配置 GP,决策时间控制与超时回退,match_global,整场创建时加载、校验并冻结；仅新match/规则版本可变,配置/权威私有；仅经GP-021和PlayerView白名单公开,ALGO-001|ALGO-003|ALGO-004|ALGO-005|ALGO-006|ALGO-008|ALGO-009|AUDIT-004|AUDIT-005|AUDIT-008|AUDIT-010|AUDIT-011|AUDIT-013|HEUR-003|HEUR-015|MODEL-001|MODEL-002|RULE-001|RULE-015|SCORE-002|SCORE-003|SCORE-004|SCORE-005|SCORE-006|STATE-001|STATE-004|STATE-008|STATE-010
GP-023,AI玩家基础档案,全局配置 GP,玩家初始化与人格策略,match_global,整场创建时加载、校验并冻结；仅新match/规则版本可变,配置/权威私有；仅经GP-021和PlayerView白名单公开,ALGO-001|ALGO-003|ALGO-004|ALGO-005|ALGO-006|ALGO-007|ALGO-008|ALGO-009|AUDIT-002|AUDIT-004|AUDIT-005|AUDIT-008|AUDIT-010|AUDIT-011|AUDIT-013|HEUR-001|HEUR-003|HEUR-004|HEUR-005|HEUR-012|HEUR-015|HEUR-019|HEUR-020|HEUR-021|HEUR-022|HEUR-023|MODEL-001|MODEL-002|MODEL-003|RULE-001|RULE-007|RULE-015|SCORE-002|SCORE-003|SCORE-004|SCORE-005|SCORE-006|STATE-001|STATE-004|STATE-008|STATE-009|STATE-010
GP-024,记忆与学习配置,全局配置 GP,认知记忆与跨局学习,match_global,整场创建时加载、校验并冻结；仅新match/规则版本可变,配置/权威私有；仅经GP-021和PlayerView白名单公开,ALGO-001|ALGO-003|ALGO-004|ALGO-005|ALGO-006|ALGO-007|ALGO-008|ALGO-009|AUDIT-002|AUDIT-004|AUDIT-005|AUDIT-008|AUDIT-010|AUDIT-011|AUDIT-013|HEUR-001|HEUR-003|HEUR-004|HEUR-005|HEUR-015|HEUR-017|HEUR-018|HEUR-019|HEUR-020|HEUR-021|HEUR-022|HEUR-023|MODEL-001|MODEL-002|MODEL-003|RULE-001|RULE-015|SCORE-002|SCORE-003|SCORE-004|SCORE-005|SCORE-006|STATE-001|STATE-004|STATE-008|STATE-009|STATE-010|STATE-012
GP-025,人类化行为配置,全局配置 GP,候选评价与人类化选择,match_global,整场创建时加载、校验并冻结；仅新match/规则版本可变,配置/权威私有；仅经GP-021和PlayerView白名单公开,ALGO-001|ALGO-003|ALGO-004|ALGO-005|ALGO-006|ALGO-007|ALGO-008|ALGO-009|AUDIT-002|AUDIT-004|AUDIT-005|AUDIT-008|AUDIT-010|AUDIT-011|AUDIT-013|HEUR-001|HEUR-003|HEUR-004|HEUR-005|HEUR-015|HEUR-017|HEUR-018|HEUR-019|HEUR-020|HEUR-021|HEUR-022|HEUR-023|MODEL-001|MODEL-002|MODEL-003|RULE-001|RULE-015|SCORE-002|SCORE-003|SCORE-004|SCORE-005|SCORE-006|STATE-001|STATE-004|STATE-008|STATE-009|STATE-010|STATE-012
GP-026,有限认知配置,全局配置 GP,有限注意、搜索与思考节奏,match_global,整场创建时加载、校验并冻结；仅新match/规则版本可变,配置/权威私有；仅经GP-021和PlayerView白名单公开,ALGO-001|ALGO-003|ALGO-004|ALGO-005|ALGO-006|ALGO-007|ALGO-008|ALGO-009|AUDIT-002|AUDIT-004|AUDIT-005|AUDIT-008|AUDIT-010|AUDIT-011|AUDIT-013|HEUR-001|HEUR-003|HEUR-004|HEUR-005|HEUR-015|HEUR-017|HEUR-018|HEUR-019|HEUR-020|HEUR-021|HEUR-022|HEUR-023|MODEL-001|MODEL-002|MODEL-003|RULE-001|RULE-015|SCORE-002|SCORE-003|SCORE-004|SCORE-005|SCORE-006|STATE-001|STATE-004|STATE-008|STATE-009|STATE-010|STATE-012
GP-027,收益与比赛目标配置,全局配置 GP,比分、名次与整场效用,match_global,整场创建时加载、校验并冻结；仅新match/规则版本可变,配置/权威私有；仅经GP-021和PlayerView白名单公开,ALGO-001|ALGO-003|ALGO-004|ALGO-005|ALGO-006|ALGO-007|ALGO-008|ALGO-009|AUDIT-002|AUDIT-004|AUDIT-005|AUDIT-008|AUDIT-010|AUDIT-011|AUDIT-013|HEUR-003|HEUR-004|HEUR-005|HEUR-008|HEUR-015|HEUR-019|HEUR-020|HEUR-021|HEUR-022|HEUR-023|MODEL-001|MODEL-002|MODEL-003|RULE-001|RULE-015|SCORE-002|SCORE-003|SCORE-004|SCORE-005|SCORE-006|STATE-001|STATE-004|STATE-008|STATE-009|STATE-010
RP-001,本局标识,运行态 RP,本局初始化与审计标识,round_dynamic,开局创建,权威状态；仅经GP-021和PlayerView白名单按座位/阶段投影,ALGO-001|ALGO-003|ALGO-004|ALGO-005|ALGO-006|ALGO-007|AUDIT-005|AUDIT-008|AUDIT-010|AUDIT-013|HEUR-004|HEUR-005|HEUR-019|HEUR-020|HEUR-021|HEUR-023|MODEL-001|MODEL-002|MODEL-003|RULE-002|STATE-001|STATE-002|STATE-003|STATE-004|STATE-005|STATE-006|STATE-010
RP-002,座位与庄家状态,运行态 RP,本局初始化与座位管理,round_dynamic,开局创建，胡牌后更新轮转,权威状态；仅经GP-021和PlayerView白名单按座位/阶段投影,ALGO-001|ALGO-003|ALGO-004|ALGO-005|ALGO-006|ALGO-007|AUDIT-005|AUDIT-008|AUDIT-010|AUDIT-013|HEUR-004|HEUR-005|HEUR-019|HEUR-020|HEUR-021|HEUR-023|MODEL-001|MODEL-002|MODEL-003|RULE-002|STATE-001|STATE-002|STATE-003|STATE-004|STATE-005|STATE-006|STATE-010
RP-003,当前比分与本局目标,运行态 RP,整场比分到本局目标转换,round_dynamic,开局创建，计分事件后更新,权威状态；仅经GP-021和PlayerView白名单按座位/阶段投影,ALGO-001|ALGO-002|ALGO-003|ALGO-004|ALGO-005|ALGO-006|ALGO-007|AUDIT-005|AUDIT-008|AUDIT-010|AUDIT-013|HEUR-002|HEUR-004|HEUR-005|HEUR-007|HEUR-014|HEUR-019|HEUR-020|HEUR-021|HEUR-023|MODEL-001|MODEL-002|MODEL-003|RULE-003|RULE-004|STATE-001|STATE-002|STATE-003|STATE-004|STATE-005|STATE-006|STATE-010
RP-004,初始手牌,运行态 RP,发牌后初始分析,round_dynamic,发牌后固定记录,权威状态；仅经GP-021和PlayerView白名单按座位/阶段投影,ALGO-001|ALGO-002|ALGO-003|ALGO-004|ALGO-005|ALGO-006|ALGO-007|AUDIT-005|AUDIT-008|AUDIT-010|AUDIT-013|HEUR-002|HEUR-004|HEUR-005|HEUR-007|HEUR-014|HEUR-019|HEUR-020|HEUR-021|HEUR-023|MODEL-001|MODEL-002|MODEL-003|STATE-001|STATE-002|STATE-003|STATE-004|STATE-005|STATE-006|STATE-010
RP-005,换三张状态,运行态 RP,换三张决策与执行,round_dynamic,换牌阶段更新后固定,权威状态；仅经GP-021和PlayerView白名单按座位/阶段投影,ALGO-001|ALGO-002|ALGO-003|ALGO-004|ALGO-005|ALGO-006|ALGO-007|AUDIT-005|AUDIT-008|AUDIT-010|AUDIT-013|HEUR-002|HEUR-004|HEUR-005|HEUR-007|HEUR-014|HEUR-019|HEUR-020|HEUR-021|HEUR-023|MODEL-001|MODEL-002|MODEL-003|STATE-001|STATE-002|STATE-003|STATE-004|STATE-005|STATE-006|STATE-010
RP-006,四家定缺状态,运行态 RP,定缺决策与清缺约束,round_dynamic,定缺后固定，清缺进度动态更新,权威状态；仅经GP-021和PlayerView白名单按座位/阶段投影,ALGO-001|ALGO-003|ALGO-004|ALGO-005|ALGO-006|ALGO-007|AUDIT-005|AUDIT-008|AUDIT-010|AUDIT-013|HEUR-004|HEUR-005|HEUR-006|HEUR-007|HEUR-015|HEUR-016|HEUR-018|HEUR-019|HEUR-020|HEUR-021|HEUR-023|MODEL-001|MODEL-002|MODEL-003|RULE-005|STATE-001|STATE-002|STATE-003|STATE-004|STATE-005|STATE-006|STATE-010
RP-007,当前手牌,运行态 RP,摸牌、出牌与手牌分析,round_dynamic,摸牌、出牌、碰杠后更新,权威状态；仅经GP-021和PlayerView白名单按座位/阶段投影,ALGO-001|ALGO-003|ALGO-004|ALGO-005|ALGO-006|ALGO-007|AUDIT-005|AUDIT-008|AUDIT-010|AUDIT-013|HEUR-004|HEUR-005|HEUR-006|HEUR-007|HEUR-015|HEUR-016|HEUR-018|HEUR-019|HEUR-020|HEUR-021|HEUR-023|MODEL-001|MODEL-002|MODEL-003|RULE-005|STATE-001|STATE-002|STATE-003|STATE-004|STATE-005|STATE-006|STATE-010
RP-008,公开组合状态,运行态 RP,碰杠后公开组合更新,round_dynamic,任一玩家碰杠后更新,权威状态；仅经GP-021和PlayerView白名单按座位/阶段投影,ALGO-001|ALGO-003|ALGO-004|ALGO-005|ALGO-006|ALGO-007|AUDIT-005|AUDIT-008|AUDIT-010|AUDIT-013|HEUR-004|HEUR-005|HEUR-006|HEUR-007|HEUR-015|HEUR-016|HEUR-018|HEUR-019|HEUR-020|HEUR-021|HEUR-023|MODEL-001|MODEL-002|MODEL-003|RULE-005|STATE-001|STATE-002|STATE-003|STATE-004|STATE-005|STATE-006|STATE-010
RP-009,弃牌历史,运行态 RP,弃牌事件与行为序列更新,round_dynamic,每次出牌后更新,权威状态；仅经GP-021和PlayerView白名单按座位/阶段投影,ALGO-001|ALGO-003|ALGO-004|ALGO-005|ALGO-006|ALGO-007|AUDIT-005|AUDIT-008|AUDIT-010|AUDIT-013|HEUR-004|HEUR-005|HEUR-006|HEUR-007|HEUR-015|HEUR-016|HEUR-018|HEUR-019|HEUR-020|HEUR-021|HEUR-023|MODEL-001|MODEL-002|MODEL-003|RULE-005|STATE-001|STATE-002|STATE-003|STATE-004|STATE-005|STATE-006|STATE-010
RP-010,可见牌统计,运行态 RP,可见牌聚合与活牌估计,round_dynamic,公开牌变化后更新,权威状态；仅经GP-021和PlayerView白名单按座位/阶段投影,ALGO-001|ALGO-003|ALGO-004|ALGO-005|ALGO-006|ALGO-007|AUDIT-005|AUDIT-008|AUDIT-010|AUDIT-013|HEUR-004|HEUR-005|HEUR-006|HEUR-007|HEUR-015|HEUR-016|HEUR-018|HEUR-019|HEUR-020|HEUR-021|HEUR-023|MODEL-001|MODEL-002|MODEL-003|RULE-005|STATE-001|STATE-002|STATE-003|STATE-004|STATE-005|STATE-006|STATE-010
RP-011,牌墙与轮次状态,运行态 RP,牌墙推进与阶段判断,round_dynamic,每次摸牌、杠后补牌后更新,权威状态；仅经GP-021和PlayerView白名单按座位/阶段投影,ALGO-001|ALGO-003|ALGO-004|ALGO-005|ALGO-006|ALGO-007|AUDIT-005|AUDIT-008|AUDIT-010|AUDIT-013|HEUR-004|HEUR-005|HEUR-006|HEUR-007|HEUR-015|HEUR-016|HEUR-018|HEUR-019|HEUR-020|HEUR-021|HEUR-023|MODEL-001|MODEL-002|MODEL-003|RULE-005|STATE-001|STATE-002|STATE-003|STATE-004|STATE-005|STATE-006|STATE-010
RP-012,存活玩家与胡牌状态,运行态 RP,血战胡后状态与终止判断,round_dynamic,任一玩家胡牌后更新,权威状态；仅经GP-021和PlayerView白名单按座位/阶段投影,ALGO-001|ALGO-003|ALGO-004|ALGO-005|ALGO-006|ALGO-007|AUDIT-005|AUDIT-008|AUDIT-010|AUDIT-013|HEUR-004|HEUR-005|HEUR-006|HEUR-007|HEUR-015|HEUR-016|HEUR-018|HEUR-019|HEUR-020|HEUR-021|HEUR-023|MODEL-001|MODEL-002|MODEL-003|RULE-005|STATE-001|STATE-002|STATE-003|STATE-004|STATE-005|STATE-006|STATE-010
RP-013,当前事件,运行态 RP,当前原子事件处理,round_dynamic,每个操作事件创建,权威状态；仅经GP-021和PlayerView白名单按座位/阶段投影,ALGO-001|ALGO-003|ALGO-004|ALGO-005|ALGO-006|ALGO-007|AUDIT-005|AUDIT-008|AUDIT-010|AUDIT-013|HEUR-004|HEUR-005|HEUR-006|HEUR-007|HEUR-015|HEUR-016|HEUR-018|HEUR-019|HEUR-020|HEUR-021|HEUR-023|MODEL-001|MODEL-002|MODEL-003|RULE-005|STATE-001|STATE-002|STATE-003|STATE-004|STATE-005|STATE-006|STATE-010
RP-014,合法行动与响应窗口,运行态 RP,合法候选与响应窗口,round_dynamic,每次需要决策时创建,权威状态；仅经GP-021和PlayerView白名单按座位/阶段投影,ALGO-001|ALGO-003|ALGO-004|ALGO-005|ALGO-006|ALGO-007|AUDIT-005|AUDIT-008|AUDIT-010|AUDIT-013|HEUR-004|HEUR-005|HEUR-006|HEUR-007|HEUR-015|HEUR-016|HEUR-018|HEUR-019|HEUR-020|HEUR-021|HEUR-023|MODEL-001|MODEL-002|MODEL-003|RULE-005|STATE-001|STATE-002|STATE-003|STATE-004|STATE-005|STATE-006|STATE-010
RP-015,过胡与权限状态,运行态 RP,过胡与胡牌权限判断,round_dynamic,放弃胡牌或恢复事件后更新,权威状态；仅经GP-021和PlayerView白名单按座位/阶段投影,ALGO-001|ALGO-003|ALGO-004|ALGO-005|ALGO-006|ALGO-007|AUDIT-005|AUDIT-008|AUDIT-010|AUDIT-013|HEUR-004|HEUR-005|HEUR-006|HEUR-007|HEUR-015|HEUR-016|HEUR-018|HEUR-019|HEUR-020|HEUR-021|HEUR-023|MODEL-001|MODEL-002|MODEL-003|RULE-005|STATE-001|STATE-002|STATE-003|STATE-004|STATE-005|STATE-006|STATE-010
RP-016,手牌结构状态,运行态 RP,手牌结构与向听分析,round_dynamic,摸打、碰杠、方向变化后更新,权威状态；仅经GP-021和PlayerView白名单按座位/阶段投影,ALGO-001|ALGO-003|ALGO-004|ALGO-005|ALGO-006|ALGO-007|AUDIT-005|AUDIT-008|AUDIT-010|AUDIT-013|HEUR-004|HEUR-005|HEUR-006|HEUR-007|HEUR-015|HEUR-016|HEUR-018|HEUR-019|HEUR-020|HEUR-021|HEUR-023|MODEL-001|MODEL-002|MODEL-003|RULE-005|STATE-001|STATE-002|STATE-003|STATE-004|STATE-005|STATE-006|STATE-010
RP-017,当前做牌计划,运行态 RP,做牌计划形成与切换,round_dynamic,定缺后创建，每次复核后更新,权威状态；仅经GP-021和PlayerView白名单按座位/阶段投影,ALGO-001|ALGO-003|ALGO-004|ALGO-005|ALGO-006|ALGO-007|AUDIT-005|AUDIT-008|AUDIT-010|AUDIT-013|HEUR-004|HEUR-005|HEUR-006|HEUR-007|HEUR-015|HEUR-016|HEUR-018|HEUR-019|HEUR-020|HEUR-021|HEUR-023|MODEL-001|MODEL-002|MODEL-003|RULE-005|STATE-001|STATE-002|STATE-003|STATE-004|STATE-005|STATE-006|STATE-010
RP-018,听牌与活牌状态,运行态 RP,听牌、等待与活牌评估,round_dynamic,手牌和可见牌变化后更新,权威状态；仅经GP-021和PlayerView白名单按座位/阶段投影,ALGO-001|ALGO-003|ALGO-004|ALGO-005|ALGO-006|ALGO-007|AUDIT-005|AUDIT-008|AUDIT-010|AUDIT-013|HEUR-004|HEUR-005|HEUR-006|HEUR-007|HEUR-009|HEUR-015|HEUR-019|HEUR-020|HEUR-021|HEUR-023|MODEL-001|MODEL-002|MODEL-003|RULE-005|RULE-014|STATE-001|STATE-002|STATE-003|STATE-004|STATE-005|STATE-006|STATE-010
RP-019,对手推测状态,运行态 RP,逐对手方向与牌型推测,round_dynamic,对手公开行为后更新,权威状态；仅经GP-021和PlayerView白名单按座位/阶段投影,ALGO-001|ALGO-002|ALGO-003|ALGO-004|ALGO-005|ALGO-006|ALGO-007|ALGO-008|AUDIT-005|AUDIT-008|AUDIT-010|AUDIT-013|HEUR-004|HEUR-005|HEUR-007|HEUR-010|HEUR-014|HEUR-019|HEUR-020|HEUR-021|HEUR-023|MODEL-001|MODEL-002|MODEL-003|STATE-001|STATE-002|STATE-003|STATE-004|STATE-005|STATE-006|STATE-009|STATE-010
RP-020,威胁与安全状态,运行态 RP,威胁、放铳损失与安全评估,round_dynamic,公开信息和局势变化后更新,权威状态；仅经GP-021和PlayerView白名单按座位/阶段投影,ALGO-001|ALGO-003|ALGO-004|ALGO-005|ALGO-006|ALGO-007|ALGO-008|AUDIT-005|AUDIT-008|AUDIT-010|AUDIT-013|HEUR-004|HEUR-005|HEUR-007|HEUR-010|HEUR-019|HEUR-020|HEUR-021|HEUR-023|MODEL-001|MODEL-002|MODEL-003|STATE-001|STATE-002|STATE-003|STATE-004|STATE-005|STATE-006|STATE-009|STATE-010
RP-021,剩余机会状态,运行态 RP,逐座剩余摸牌机会估计,round_dynamic,轮次、碰杠、胡牌后更新,权威状态；仅经GP-021和PlayerView白名单按座位/阶段投影,ALGO-001|ALGO-003|ALGO-004|ALGO-005|ALGO-006|ALGO-007|ALGO-008|AUDIT-005|AUDIT-008|AUDIT-010|AUDIT-013|HEUR-004|HEUR-005|HEUR-007|HEUR-009|HEUR-019|HEUR-020|HEUR-021|HEUR-023|MODEL-001|MODEL-002|MODEL-003|RULE-014|STATE-001|STATE-002|STATE-003|STATE-004|STATE-005|STATE-006|STATE-009|STATE-010
RP-022,牌局阶段,运行态 RP,早中晚局阶段判定,round_dynamic,随轮次和玩家状态更新,权威状态；仅经GP-021和PlayerView白名单按座位/阶段投影,ALGO-001|ALGO-003|ALGO-004|ALGO-005|ALGO-006|ALGO-007|ALGO-008|AUDIT-005|AUDIT-008|AUDIT-010|AUDIT-013|HEUR-004|HEUR-005|HEUR-008|HEUR-009|HEUR-019|HEUR-020|HEUR-021|HEUR-023|MODEL-001|MODEL-002|MODEL-003|SCORE-001|STATE-001|STATE-002|STATE-003|STATE-004|STATE-005|STATE-006|STATE-009|STATE-010|TRAIN-003|TRAIN-004
RP-023,候选行动集合,运行态 RP,候选生成、裁剪与排序,round_dynamic,每次决策时创建,权威状态；仅经GP-021和PlayerView白名单按座位/阶段投影,ALGO-001|ALGO-003|ALGO-004|ALGO-005|ALGO-006|ALGO-007|ALGO-008|AUDIT-005|AUDIT-008|AUDIT-010|AUDIT-013|HEUR-004|HEUR-005|HEUR-009|HEUR-019|HEUR-020|HEUR-021|HEUR-023|MODEL-001|MODEL-002|MODEL-003|RULE-006|SCORE-001|STATE-001|STATE-002|STATE-003|STATE-004|STATE-005|STATE-006|STATE-009|STATE-010
RP-024,当前注意力状态,运行态 RP,有限注意分配,round_dynamic,每次事件后更新,权威状态；仅经GP-021和PlayerView白名单按座位/阶段投影,ALGO-001|ALGO-003|ALGO-004|ALGO-005|ALGO-006|ALGO-007|ALGO-008|AUDIT-001|AUDIT-002|AUDIT-003|AUDIT-005|AUDIT-008|AUDIT-010|AUDIT-013|AUDIT-014|HEUR-004|HEUR-005|HEUR-010|HEUR-017|HEUR-018|HEUR-019|HEUR-020|HEUR-021|HEUR-022|HEUR-023|MODEL-001|MODEL-002|MODEL-003|RULE-006|RULE-013|SCORE-002|SCORE-003|SCORE-004|SCORE-005|SCORE-006|STATE-001|STATE-002|STATE-003|STATE-004|STATE-005|STATE-006|STATE-008|STATE-009|STATE-010|STATE-012|TRAIN-006
RP-025,当前记忆状态,运行态 RP,有限记忆衰减与强化,round_dynamic,公开事件后更新,权威状态；仅经GP-021和PlayerView白名单按座位/阶段投影,ALGO-001|ALGO-003|ALGO-004|ALGO-005|ALGO-006|ALGO-007|ALGO-008|AUDIT-001|AUDIT-002|AUDIT-003|AUDIT-005|AUDIT-008|AUDIT-010|AUDIT-013|AUDIT-014|HEUR-004|HEUR-005|HEUR-010|HEUR-017|HEUR-018|HEUR-019|HEUR-020|HEUR-021|HEUR-022|HEUR-023|MODEL-001|MODEL-002|MODEL-003|RULE-006|RULE-013|SCORE-002|SCORE-003|SCORE-004|SCORE-005|SCORE-006|STATE-001|STATE-002|STATE-003|STATE-004|STATE-005|STATE-006|STATE-008|STATE-009|STATE-010|STATE-012|TRAIN-006
RP-026,当前搜索状态,运行态 RP,有限推演与满意停止,round_dynamic,每次决策时创建,权威状态；仅经GP-021和PlayerView白名单按座位/阶段投影,ALGO-001|ALGO-003|ALGO-004|ALGO-005|ALGO-006|ALGO-007|ALGO-008|AUDIT-001|AUDIT-002|AUDIT-003|AUDIT-005|AUDIT-008|AUDIT-010|AUDIT-013|AUDIT-014|HEUR-004|HEUR-005|HEUR-010|HEUR-017|HEUR-018|HEUR-019|HEUR-020|HEUR-021|HEUR-022|HEUR-023|MODEL-001|MODEL-002|MODEL-003|RULE-006|RULE-013|SCORE-002|SCORE-003|SCORE-004|SCORE-005|SCORE-006|STATE-001|STATE-002|STATE-003|STATE-004|STATE-005|STATE-006|STATE-008|STATE-009|STATE-010|STATE-012|TRAIN-006
RP-027,本次操作剩余时间,运行态 RP,思考预算与剩余时间,round_dynamic,决策窗口中动态更新,权威状态；仅经GP-021和PlayerView白名单按座位/阶段投影,ALGO-001|ALGO-003|ALGO-004|ALGO-005|ALGO-006|ALGO-007|ALGO-008|AUDIT-001|AUDIT-002|AUDIT-003|AUDIT-005|AUDIT-008|AUDIT-010|AUDIT-013|AUDIT-014|HEUR-004|HEUR-005|HEUR-010|HEUR-017|HEUR-018|HEUR-019|HEUR-020|HEUR-021|HEUR-022|HEUR-023|MODEL-001|MODEL-002|MODEL-003|RULE-006|RULE-013|SCORE-002|SCORE-003|SCORE-004|SCORE-005|SCORE-006|STATE-001|STATE-002|STATE-003|STATE-004|STATE-005|STATE-006|STATE-008|STATE-009|STATE-010|STATE-012|TRAIN-006
RP-028,当前人格与情绪修正,运行态 RP,人格、水平与情绪修正,round_dynamic,开局创建，重要结果后更新,权威状态；仅经GP-021和PlayerView白名单按座位/阶段投影,ALGO-001|ALGO-003|ALGO-004|ALGO-005|ALGO-006|ALGO-007|ALGO-008|AUDIT-001|AUDIT-002|AUDIT-003|AUDIT-005|AUDIT-008|AUDIT-010|AUDIT-013|AUDIT-014|HEUR-004|HEUR-005|HEUR-010|HEUR-017|HEUR-018|HEUR-019|HEUR-020|HEUR-021|HEUR-022|HEUR-023|MODEL-001|MODEL-002|MODEL-003|RULE-006|RULE-013|SCORE-002|SCORE-003|SCORE-004|SCORE-005|SCORE-006|STATE-001|STATE-002|STATE-003|STATE-004|STATE-005|STATE-006|STATE-008|STATE-009|STATE-010|STATE-012|TRAIN-006
RP-029,行动历史与决策记录,运行态 RP,动作选择、解释与决策审计,round_dynamic,每次决策后追加,权威状态；仅经GP-021和PlayerView白名单按座位/阶段投影,ALGO-001|ALGO-003|ALGO-004|ALGO-005|ALGO-006|ALGO-007|ALGO-008|AUDIT-001|AUDIT-002|AUDIT-003|AUDIT-005|AUDIT-008|AUDIT-010|AUDIT-013|AUDIT-014|HEUR-004|HEUR-005|HEUR-010|HEUR-017|HEUR-018|HEUR-019|HEUR-020|HEUR-021|HEUR-022|HEUR-023|MODEL-001|MODEL-002|MODEL-003|RULE-006|RULE-013|SCORE-002|SCORE-003|SCORE-004|SCORE-005|SCORE-006|STATE-001|STATE-002|STATE-003|STATE-004|STATE-005|STATE-006|STATE-008|STATE-009|STATE-010|STATE-012|TRAIN-006
RP-030,本局计分事件,运行态 RP,局内计分事件处理,round_dynamic,胡牌、杠牌和转移后更新,权威状态；仅经GP-021和PlayerView白名单按座位/阶段投影,ALGO-001|ALGO-003|ALGO-004|ALGO-005|ALGO-006|ALGO-007|AUDIT-001|AUDIT-002|AUDIT-003|AUDIT-005|AUDIT-008|AUDIT-009|AUDIT-010|AUDIT-012|AUDIT-013|AUDIT-014|HEUR-004|HEUR-005|HEUR-019|HEUR-020|HEUR-021|HEUR-022|HEUR-023|MODEL-001|MODEL-002|MODEL-003|RULE-013|SCORE-002|SCORE-003|SCORE-004|SCORE-005|SCORE-006|STATE-001|STATE-002|STATE-003|STATE-004|STATE-005|STATE-006|STATE-008|STATE-010|TRAIN-005|TRAIN-006|TRAIN-007
RP-031,终局公开信息,运行态 RP,终局公开信息与审计,round_dynamic,胡牌或流局公开时更新,权威状态；仅经GP-021和PlayerView白名单按座位/阶段投影,ALGO-001|ALGO-003|ALGO-004|ALGO-005|ALGO-006|ALGO-007|AUDIT-001|AUDIT-002|AUDIT-003|AUDIT-005|AUDIT-008|AUDIT-009|AUDIT-010|AUDIT-012|AUDIT-013|AUDIT-014|HEUR-004|HEUR-005|HEUR-019|HEUR-020|HEUR-021|HEUR-022|HEUR-023|MODEL-001|MODEL-002|MODEL-003|RULE-013|RULE-016|SCORE-002|SCORE-003|SCORE-004|SCORE-005|SCORE-006|STATE-001|STATE-002|STATE-003|STATE-004|STATE-005|STATE-006|STATE-008|STATE-010|TRAIN-005|TRAIN-006|TRAIN-007
RP-032,本局结算结果,运行态 RP,单局结算与整场累计,round_dynamic,结算后固定,权威状态；仅经GP-021和PlayerView白名单按座位/阶段投影,ALGO-001|ALGO-003|ALGO-004|ALGO-005|ALGO-006|ALGO-007|AUDIT-001|AUDIT-002|AUDIT-003|AUDIT-005|AUDIT-008|AUDIT-009|AUDIT-010|AUDIT-012|AUDIT-013|AUDIT-014|HEUR-004|HEUR-005|HEUR-019|HEUR-020|HEUR-021|HEUR-022|HEUR-023|MODEL-001|MODEL-002|MODEL-003|RULE-013|SCORE-002|SCORE-003|SCORE-004|SCORE-005|SCORE-006|STATE-001|STATE-002|STATE-003|STATE-004|STATE-005|STATE-006|STATE-008|STATE-010|TRAIN-005|TRAIN-006|TRAIN-007
RP-033,跨局学习输出,运行态 RP,跨局画像学习与训练输出,round_dynamic,结算和复盘后生成,权威状态；仅经GP-021和PlayerView白名单按座位/阶段投影,ALGO-001|ALGO-003|ALGO-004|ALGO-005|ALGO-006|ALGO-007|AUDIT-002|AUDIT-005|AUDIT-008|AUDIT-009|AUDIT-010|AUDIT-012|AUDIT-013|HEUR-004|HEUR-005|HEUR-019|HEUR-020|HEUR-021|HEUR-022|HEUR-023|MODEL-001|MODEL-002|MODEL-003|SCORE-002|SCORE-003|SCORE-004|SCORE-005|SCORE-006|STATE-001|STATE-002|STATE-003|STATE-004|STATE-005|STATE-006|STATE-010|TRAIN-003|TRAIN-004
