unit_id,ac_id,result,objective_oracle,evidence,finding
STATE-010,AC-STATE-010-01,PASS,决策表中STATE默认/null与RP归档两项为Approved，并给出60项字段表及33项归档规则,tests/spec_v3/test_b1a_*.py; evidence/task18b_b1a/B1-A_runtime_evidence.json; B1-A_golden_execution.json,oracle satisfied by current implementation/evidence
STATE-010,AC-STATE-010-02,PASS,注册表返回恰好GP-001..027和RP-001..033；重复ID=DUPLICATE_PARAMETER，漏项=SCHEMA_INVALID,tests/spec_v3/test_b1a_*.py; evidence/task18b_b1a/B1-A_runtime_evidence.json; B1-A_golden_execution.json,oracle satisfied by current implementation/evidence
STATE-010,AC-STATE-010-03,PASS,"registry.resolve(source_config,phase)正常返回owned state；未知ID返回UNKNOWN_PARAMETER且result=null",tests/spec_v3/test_b1a_*.py; evidence/task18b_b1a/B1-A_runtime_evidence.json; B1-A_golden_execution.json,oracle satisfied by current implementation/evidence
STATE-010,AC-STATE-010-04,PASS,orchestrator创建match的E4 call_site经过STATE-010，输出四座owner hash和committed version,tests/spec_v3/test_b1a_*.py; evidence/task18b_b1a/B1-A_runtime_evidence.json; B1-A_golden_execution.json,oracle satisfied by current implementation/evidence
STATE-010,AC-STATE-010-05,PASS,owned state记录parameter_version/ruleset_hash/config_hash；VERSION_CONFLICT时next_state_version不变,tests/spec_v3/test_b1a_*.py; evidence/task18b_b1a/B1-A_runtime_evidence.json; B1-A_golden_execution.json,oracle satisfied by current implementation/evidence
STATE-010,AC-STATE-010-06,PASS,VALIDATED/RESOLVED阶段故障时before_state_hash=after_state_hash；成功仅version+1一次,tests/spec_v3/test_b1a_*.py; evidence/task18b_b1a/B1-A_runtime_evidence.json; B1-A_golden_execution.json,oracle satisfied by current implementation/evidence
STATE-010,AC-STATE-010-07,PASS,直接测试逐项断言60 ID、owner、phase、default来源、accepted、error_code和next_state_version,tests/spec_v3/test_b1a_*.py; evidence/task18b_b1a/B1-A_runtime_evidence.json; B1-A_golden_execution.json,oracle satisfied by current implementation/evidence
STATE-010,AC-STATE-010-08,PASS,缺失必填、允许缺省、null不可空、闭区间外、未知键、重复/迟到event各有准确错误码,tests/spec_v3/test_b1a_*.py; evidence/task18b_b1a/B1-A_runtime_evidence.json; B1-A_golden_execution.json,oracle satisfied by current implementation/evidence
STATE-010,AC-STATE-010-09,PASS,settings→load_config→orchestrator装配四座；修改seat2授权RP后seat0/1/3 hash不变,tests/spec_v3/test_b1a_*.py; evidence/task18b_b1a/B1-A_runtime_evidence.json; B1-A_golden_execution.json,oracle satisfied by current implementation/evidence
STATE-010,AC-STATE-010-10,PASS,真实match创建与一局归档trace包含phase_before/after、version/hash前后及生产call_site,tests/spec_v3/test_b1a_*.py; evidence/task18b_b1a/B1-A_runtime_evidence.json; B1-A_golden_execution.json,oracle satisfied by current implementation/evidence
STATE-010,AC-STATE-010-11,PASS,每个SEM-STATE-010行映射到registry/runtime符号、直接测试、生产trace SHA-256和对应AC,tests/spec_v3/test_b1a_*.py; evidence/task18b_b1a/B1-A_runtime_evidence.json; B1-A_golden_execution.json,oracle satisfied by current implementation/evidence
STATE-010,AC-STATE-010-12,PASS,固定环境分别测60项resolve和33项snapshot的P50/P95/P99；只登记基线，不设通过阈值,tests/spec_v3/test_b1a_*.py; evidence/task18b_b1a/B1-A_runtime_evidence.json; B1-A_golden_execution.json,oracle satisfied by current implementation/evidence
STATE-010,AC-STATE-010-13,PASS,策略对象图无registry、seed_ref和其他座private RP；隐藏字段扰动后DecisionResult相同,tests/spec_v3/test_b1a_*.py; evidence/task18b_b1a/B1-A_runtime_evidence.json; B1-A_golden_execution.json,oracle satisfied by current implementation/evidence
STATE-010,AC-STATE-010-14,PASS,同source config/event序列100次及跨进程owned state/fingerprint逐字段相同；事件排列符合规范排序,tests/spec_v3/test_b1a_*.py; evidence/task18b_b1a/B1-A_runtime_evidence.json; B1-A_golden_execution.json,oracle satisfied by current implementation/evidence
ALGO-009,AC-ALGO-009-01,PASS,迁移图、extensions、canonical数字/Unicode及fallback五项决策Approved并带字节golden,tests/spec_v3/test_b1a_*.py; evidence/task18b_b1a/B1-A_runtime_evidence.json; B1-A_golden_execution.json,oracle satisfied by current implementation/evidence
ALGO-009,AC-ALGO-009-02,PASS,"给定current配置输出FrozenConfig及SHA-256（32字节，序列化为64个小写十六进制字符）；NaN输入result=null,error_code=NON_FINITE",tests/spec_v3/test_b1a_*.py; evidence/task18b_b1a/B1-A_runtime_evidence.json; B1-A_golden_execution.json,oracle satisfied by current implementation/evidence
ALGO-009,AC-ALGO-009-03,PASS,validate_and_freeze(raw)依次产生migration_steps/defaults/canonical_hash；未知字段=PARAM_UNKNOWN,tests/spec_v3/test_b1a_*.py; evidence/task18b_b1a/B1-A_runtime_evidence.json; B1-A_golden_execution.json,oracle satisfied by current implementation/evidence
ALGO-009,AC-ALGO-009-04,PASS,settings_service.validate_raw/save_raw的E4 call_site调用统一ALGO-009入口且active hash等于返回hash,tests/spec_v3/test_b1a_*.py; evidence/task18b_b1a/B1-A_runtime_evidence.json; B1-A_golden_execution.json,oracle satisfied by current implementation/evidence
ALGO-009,AC-ALGO-009-05,PASS,输出formula_version/baseline_version/schema_before_after/config_hash；未知组合=SCHEMA_VERSION_UNSUPPORTED,tests/spec_v3/test_b1a_*.py; evidence/task18b_b1a/B1-A_runtime_evidence.json; B1-A_golden_execution.json,oracle satisfied by current implementation/evidence
ALGO-009,AC-ALGO-009-06,PASS,解析、每条迁移、default、交叉约束和hash阶段逐点失败时文件bytes及active config hash均不变,tests/spec_v3/test_b1a_*.py; evidence/task18b_b1a/B1-A_runtime_evidence.json; B1-A_golden_execution.json,oracle satisfied by current implementation/evidence
ALGO-009,AC-ALGO-009-07,PASS,直接测试断言解析→版本→迁移→默认→类型范围→交叉→未知→hash的阶段序列和最终bytes,tests/spec_v3/test_b1a_*.py; evidence/task18b_b1a/B1-A_runtime_evidence.json; B1-A_golden_execution.json,oracle satisfied by current implementation/evidence
ALGO-009,AC-ALGO-009-08,PASS,missing/null/false/0/empty、NaN/Inf、NFC/NFD、非BMP、2^53±1、-0、指数及未知/废弃键均有golden,tests/spec_v3/test_b1a_*.py; evidence/task18b_b1a/B1-A_runtime_evidence.json; B1-A_golden_execution.json,oracle satisfied by current implementation/evidence
ALGO-009,AC-ALGO-009-09,PASS,真实settings保存后重新load所得normalized config和hash相等；失败时按批准fallback语义保留或拒绝,tests/spec_v3/test_b1a_*.py; evidence/task18b_b1a/B1-A_runtime_evidence.json; B1-A_golden_execution.json,oracle satisfied by current implementation/evidence
ALGO-009,AC-ALGO-009-10,PASS,真实settings链E4记录source_hash、schema_before_after、migration_steps、defaults、errors和canonical_hash,tests/spec_v3/test_b1a_*.py; evidence/task18b_b1a/B1-A_runtime_evidence.json; B1-A_golden_execution.json,oracle satisfied by current implementation/evidence
ALGO-009,AC-ALGO-009-11,PASS,每个SEM-ALGO-009行映射到validation/migration/canonical符号、字节golden、E4 artifact及SHA-256,tests/spec_v3/test_b1a_*.py; evidence/task18b_b1a/B1-A_runtime_evidence.json; B1-A_golden_execution.json,oracle satisfied by current implementation/evidence
ALGO-009,AC-ALGO-009-12,PASS,1MB输入从parse到freeze在规定环境单次≤50ms，并报告样本数、预热、P50/P95/P99及最大值,tests/spec_v3/test_b1a_*.py; evidence/task18b_b1a/B1-A_runtime_evidence.json; B1-A_golden_execution.json,oracle satisfied by current implementation/evidence
ALGO-009,AC-ALGO-009-13,PASS,配置原文/私有参数不进入策略或普通日志；策略只取得批准字段与config_hash，投毒不改变公开投影,tests/spec_v3/test_b1a_*.py; evidence/task18b_b1a/B1-A_runtime_evidence.json; B1-A_golden_execution.json,oracle satisfied by current implementation/evidence
ALGO-009,AC-ALGO-009-14,PASS,键序/空白不同但语义等价输入100次和跨进程canonical bytes/hash完全相同；迁移二次执行字节不变,tests/spec_v3/test_b1a_*.py; evidence/task18b_b1a/B1-A_runtime_evidence.json; B1-A_golden_execution.json,oracle satisfied by current implementation/evidence
ALGO-011,AC-ALGO-011-01,PASS,RNG版本选择与逻辑坐标两项决策Approved，明确旧缺版本、新录制、新回放和重试规则,tests/spec_v3/test_b1a_*.py; evidence/task18b_b1a/B1-A_runtime_evidence.json; B1-A_golden_execution.json,oracle satisfied by current implementation/evidence
ALGO-011,AC-ALGO-011-02,PASS,legacy-v1三个seed及deal golden零变化；v2按Locked拼接bytes产生固定master/stream seed,tests/spec_v3/test_b1a_*.py; evidence/task18b_b1a/B1-A_runtime_evidence.json; B1-A_golden_execution.json,oracle satisfied by current implementation/evidence
ALGO-011,AC-ALGO-011-03,PASS,"derive_named_seed(game_id,versions,stream,coordinate)正常返回注册流；未知流=STREAM_UNKNOWN且result=null",tests/spec_v3/test_b1a_*.py; evidence/task18b_b1a/B1-A_runtime_evidence.json; B1-A_golden_execution.json,oracle satisfied by current implementation/evidence
ALGO-011,AC-ALGO-011-04,PASS,create_dealt_game旧链及新回放/worker链E4均记录所选algorithm_version来源和命名流调用点,tests/spec_v3/test_b1a_*.py; evidence/task18b_b1a/B1-A_runtime_evidence.json; B1-A_golden_execution.json,oracle satisfied by current implementation/evidence
ALGO-011,AC-ALGO-011-05,PASS,SeedTrace七个Frozen字段类型准确；版本缺失/未知分别按批准规则或RNG_VERSION_UNKNOWN处理,tests/spec_v3/test_b1a_*.py; evidence/task18b_b1a/B1-A_runtime_evidence.json; B1-A_golden_execution.json,oracle satisfied by current implementation/evidence
ALGO-011,AC-ALGO-011-06,PASS,派生函数不写全局/cache index；非法ID/version/stream/index前后可观察映射完全相同,tests/spec_v3/test_b1a_*.py; evidence/task18b_b1a/B1-A_runtime_evidence.json; B1-A_golden_execution.json,oracle satisfied by current implementation/evidence
ALGO-011,AC-ALGO-011-07,PASS,直接测试断言domain、长度前缀、id bytes、versions、master bytes、name bytes、rng version和uint64结果,tests/spec_v3/test_b1a_*.py; evidence/task18b_b1a/B1-A_runtime_evidence.json; B1-A_golden_execution.json,oracle satisfied by current implementation/evidence
ALGO-011,AC-ALGO-011-08,PASS,1/256字节ID、空/257字节/null、uint16/uint64边界、重复/未知流及Unicode名称均有准确输出/错误,tests/spec_v3/test_b1a_*.py; evidence/task18b_b1a/B1-A_runtime_evidence.json; B1-A_golden_execution.json,oracle satisfied by current implementation/evidence
ALGO-011,AC-ALGO-011-09,PASS,真实deal保持旧wall/hands/dice；真实replay按持久化版本选择；worker乱序仍按逻辑坐标取得同值,tests/spec_v3/test_b1a_*.py; evidence/task18b_b1a/B1-A_runtime_evidence.json; B1-A_golden_execution.json,oracle satisfied by current implementation/evidence
ALGO-011,AC-ALGO-011-10,PASS,真实deal/replay/worker E4含game_id_hash、versions、algorithm、master_hash、stream_names和seed_hashes,tests/spec_v3/test_b1a_*.py; evidence/task18b_b1a/B1-A_runtime_evidence.json; B1-A_golden_execution.json,oracle satisfied by current implementation/evidence
ALGO-011,AC-ALGO-011-11,PASS,每个SEM-ALGO-011行映射到game_id符号、legacy/v2/concurrency/visibility测试和真实E4 artifact SHA-256,tests/spec_v3/test_b1a_*.py; evidence/task18b_b1a/B1-A_runtime_evidence.json; B1-A_golden_execution.json,oracle satisfied by current implementation/evidence
ALGO-011,AC-ALGO-011-12,PASS,固定ID长度/流数量/worker数记录P50/P95/P99及环境；规格无阈值，因此只登记基线,tests/spec_v3/test_b1a_*.py; evidence/task18b_b1a/B1-A_runtime_evidence.json; B1-A_golden_execution.json,oracle satisfied by current implementation/evidence
ALGO-011,AC-ALGO-011-13,PASS,策略序列化无master_seed、原始stream/index/seed_hash；完整SeedTrace仅引擎/受限trainer/audit可达,tests/spec_v3/test_b1a_*.py; evidence/task18b_b1a/B1-A_runtime_evidence.json; B1-A_golden_execution.json,oracle satisfied by current implementation/evidence
ALGO-011,AC-ALGO-011-14,PASS,同逻辑坐标100次/跨进程相同；100种worker调度、重试、取消排列不改变各坐标输出,tests/spec_v3/test_b1a_*.py; evidence/task18b_b1a/B1-A_runtime_evidence.json; B1-A_golden_execution.json,oracle satisfied by current implementation/evidence
