unit_id,unit_name,source_parameter_requirement,specific_parameter_id_found,concrete_current_behavior_difference,r1_decision,reason
RULE-001,规则、参数、不变量与合法性裁决优先级,### 6. 来源规则与参数 来源以锁定目录 [locked_unit_catalog.md](../02-unit-catalog/locked_unit_catalog.md) 的 RULE-001 行及其 AU/章节锚点为准；参数：GP-002、GP-008～GP-010、GP-001～GP-027。歧义必须新增决策记录，不静默推断。 ### 10. 内部状态 不持有跨事件可变策略状态；只读取冻结规则快照、输入状态版本和本次临时判定上下文。,,,DELETE_SEM_PARAMETER,原行仅引用参数范围并泛称接入，未证明任一具体参数未生效、错误生效或未绑定生产入口；不构成SEM业务差异
RULE-002,换三张同花色、方向与提交合法性,### 6. 来源规则与参数 来源以锁定目录 [locked_unit_catalog.md](../02-unit-catalog/locked_unit_catalog.md) 的 RULE-002 行及其 AU/章节锚点为准；参数：GP-005、GP-006、RP-001、RP-002。歧义必须新增决策记录，不静默推断。 ### 10. 内部状态 不持有跨事件可变策略状态；只读取冻结规则快照、输入状态版本和本次临时判定上下文。,,,DELETE_SEM_PARAMETER,原行仅引用参数范围并泛称接入，未证明任一具体参数未生效、错误生效或未绑定生产入口；不构成SEM业务差异
RULE-004,定缺、死叫与胡牌资格约束,### 6. 来源规则与参数 来源以锁定目录 [locked_unit_catalog.md](../02-unit-catalog/locked_unit_catalog.md) 的 RULE-004 行及其 AU/章节锚点为准；参数：GP-002、RP-003。歧义必须新增决策记录，不静默推断。 ### 10. 内部状态 不持有跨事件可变策略状态；只读取冻结规则快照、输入状态版本和本次临时判定上下文。,,,DELETE_SEM_PARAMETER,原行仅引用参数范围并泛称接入，未证明任一具体参数未生效、错误生效或未绑定生产入口；不构成SEM业务差异
RULE-005,座位、庄家与活动顺序,### 6. 来源规则与参数 来源以锁定目录 [locked_unit_catalog.md](../02-unit-catalog/locked_unit_catalog.md) 的 RULE-005 行及其 AU/章节锚点为准；参数：校验座位为0..N-1且庄家唯一→验证 actor 活动→从actor后一个座按环序扫描→跳过已胡/退出座→返回首个活动座或终止标志。歧义必须新增决策记录，不静默推断。 ### 10. 内部状态 不持有跨事件可变策略状态；只读取冻结规则快照、输入状态版本和本次临时判定上下文。,,,DELETE_SEM_PARAMETER,原行仅引用参数范围并泛称接入，未证明任一具体参数未生效、错误生效或未绑定生产入口；不构成SEM业务差异
RULE-006,摸牌、可选响应与出牌标准顺序,### 6. 来源规则与参数 来源以锁定目录 [locked_unit_catalog.md](../02-unit-catalog/locked_unit_catalog.md) 的 RULE-006 行及其 AU/章节锚点为准；参数：ready由庄家进入discard→无副露后续轮到者先draw→摸后进入本座discard并提供自摸/杠/弃牌→弃牌后有响应者进入response→无人/全过则下家draw→碰后响应者discard→杠后补摸再discard。歧义必须新增决策记录，不静默推断。 ### 10. 内部状态 不持有跨事件可变策略状态；只读取冻结规则快照、输入状态版本和本次临时判定上下文。,,,DELETE_SEM_PARAMETER,原行仅引用参数范围并泛称接入，未证明任一具体参数未生效、错误生效或未绑定生产入口；不构成SEM业务差异
RULE-007,碰牌资格、执行与后续出牌,### 6. 来源规则与参数 来源以锁定目录 [locked_unit_catalog.md](../02-unit-catalog/locked_unit_catalog.md) 的 RULE-007 行及其 AU/章节锚点为准；参数：确认响应窗口与未被消费弃牌→响应者活动且非出牌者→手中同牌面至少2个实体→经RULE-013获胜→从手牌移除2张并与弃牌组成pong→标记弃牌被领取→当前座改为碰者并进入discard。歧义必须新增决策记录，不静默推断。 ### 10. 内部状态 不持有跨事件可变策略状态；只读取冻结规则快照、输入状态版本和本次临时判定上下文。,,,DELETE_SEM_PARAMETER,原行仅引用参数范围并泛称接入，未证明任一具体参数未生效、错误生效或未绑定生产入口；不构成SEM业务差异
RULE-008,明杠、暗杠与补杠资格及执行,### 6. 来源规则与参数 来源以锁定目录 [locked_unit_catalog.md](../02-unit-catalog/locked_unit_catalog.md) 的 RULE-008 行及其 AU/章节锚点为准；参数：杠组恰4个同牌面唯一实体；补牌只在杠最终成立后；抢杠成功不得成立补杠；全局牌张守恒。歧义必须新增决策记录，不静默推断。 ### 10. 内部状态 不持有跨事件可变策略状态；只读取冻结规则快照、输入状态版本和本次临时判定上下文。,,,DELETE_SEM_PARAMETER,原行仅引用参数范围并泛称接入，未证明任一具体参数未生效、错误生效或未绑定生产入口；不构成SEM业务差异
RULE-009,补杠抢杠胡窗口与解析,### 6. 来源规则与参数 来源以锁定目录 [locked_unit_catalog.md](../02-unit-catalog/locked_unit_catalog.md) 的 RULE-009 行及其 AU/章节锚点为准；参数：窗口未决时不得修改碰副露或补摸；只允许HU/PASS；多个合法胡不得被返回时序吞掉。歧义必须新增决策记录，不静默推断。 ### 10. 内部状态 不持有跨事件可变策略状态；只读取冻结规则快照、输入状态版本和本次临时判定上下文。,,,DELETE_SEM_PARAMETER,原行仅引用参数范围并泛称接入，未证明任一具体参数未生效、错误生效或未绑定生产入口；不构成SEM业务差异
RULE-010,自摸、点炮与抢杠胡资格,### 6. 来源规则与参数 来源以锁定目录 [locked_unit_catalog.md](../02-unit-catalog/locked_unit_catalog.md) 的 RULE-010 行及其 AU/章节锚点为准；参数：同一胜牌/来源不得重复计入；非活动座不得胡；资格判定不包含响应优先或计分。歧义必须新增决策记录，不静默推断。 ### 10. 内部状态 不持有跨事件可变策略状态；只读取冻结规则快照、输入状态版本和本次临时判定上下文。,,,DELETE_SEM_PARAMETER,原行仅引用参数范围并泛称接入，未证明任一具体参数未生效、错误生效或未绑定生产入口；不构成SEM业务差异
RULE-011,过胡设置、持续与恢复,### 6. 来源规则与参数 来源以锁定目录 [locked_unit_catalog.md](../02-unit-catalog/locked_unit_catalog.md) 的 RULE-011 行及其 AU/章节锚点为准；参数：未获得合法胡机会的PASS不设置过胡；状态仅属于该玩家；恢复不得因他人事件误触发。歧义必须新增决策记录，不静默推断。 ### 10. 内部状态 不持有跨事件可变策略状态；只读取冻结规则快照、输入状态版本和本次临时判定上下文。,,,DELETE_SEM_PARAMETER,原行仅引用参数范围并泛称接入，未证明任一具体参数未生效、错误生效或未绑定生产入口；不构成SEM业务差异
RULE-012,强制胡与最后阶段必胡,### 6. 来源规则与参数 来源以锁定目录 [locked_unit_catalog.md](../02-unit-catalog/locked_unit_catalog.md) 的 RULE-012 行及其 AU/章节锚点为准；参数：只可强制已合法的HU；不得由策略绕过；相同墙状态和配置产生唯一结果。歧义必须新增决策记录，不静默推断。 ### 10. 内部状态 不持有跨事件可变策略状态；只读取冻结规则快照、输入状态版本和本次临时判定上下文。,,,DELETE_SEM_PARAMETER,原行仅引用参数范围并泛称接入，未证明任一具体参数未生效、错误生效或未绑定生产入口；不构成SEM业务差异
RULE-013,多人响应确定性优先级,### 6. 来源规则与参数 来源以锁定目录 [locked_unit_catalog.md](../02-unit-catalog/locked_unit_catalog.md) 的 RULE-013 行及其 AU/章节锚点为准；参数：解析与响应到达顺序无关；每响应座至多一项最终响应；同一弃牌至多由一个非HU副露消费。歧义必须新增决策记录，不静默推断。 ### 10. 内部状态 不持有跨事件可变策略状态；只读取冻结规则快照、输入状态版本和本次临时判定上下文。,,,DELETE_SEM_PARAMETER,原行仅引用参数范围并泛称接入，未证明任一具体参数未生效、错误生效或未绑定生产入口；不构成SEM业务差异
RULE-014,血战胡后退出、继续与终止,### 6. 来源规则与参数 来源以锁定目录 [locked_unit_catalog.md](../02-unit-catalog/locked_unit_catalog.md) 的 RULE-014 行及其 AU/章节锚点为准；参数：胡者仍可公开观察但不得再摸打响应；每座最多胡一次；终止后不再产生行动请求。歧义必须新增决策记录，不静默推断。 ### 10. 内部状态 不持有跨事件可变策略状态；只读取冻结规则快照、输入状态版本和本次临时判定上下文。,,,DELETE_SEM_PARAMETER,原行仅引用参数范围并泛称接入，未证明任一具体参数未生效、错误生效或未绑定生产入口；不构成SEM业务差异
RULE-015,启用番型、互斥/叠加与封顶规则,### 6. 来源规则与参数 来源以锁定目录 [locked_unit_catalog.md](../02-unit-catalog/locked_unit_catalog.md) 的 RULE-015 行及其 AU/章节锚点为准；参数：校验番型配置→从手牌事实匹配启用番型→执行互斥/替代规则→按固定次序叠加→应用封顶策略→输出番型ID、原始番、有效番和排除理由。歧义必须新增决策记录，不静默推断。 ### 10. 内部状态 不持有跨事件可变策略状态；只读取冻结规则快照、输入状态版本和本次临时判定上下文。,,,DELETE_SEM_PARAMETER,原行仅引用参数范围并泛称接入，未证明任一具体参数未生效、错误生效或未绑定生产入口；不构成SEM业务差异
ALGO-002,手牌分解、向听、弃牌向听与等待形状,### 1. 输入向量和字段含义 counts:int8[27]各0..4；melds 0..4；dingque enum/null；hand_size符合13/14-3m。区间均闭区间，枚举外值非法；来源锚点继承 [locked_unit_catalog.md](../02-unit-catalog/locked_unit_catalog.md) 的 ALGO-002 行。 ### 2. 数据类型、最小值和最大值 必须使用上述固定宽度整数、Decimal、稳定枚举和canonical集合；未另注的计数最小0，最大受108实体牌、27牌面、4玩家和int64约束。禁止NaN、±Inf、隐式截断和int64溢出。 ### 4. 基线公式及与规范差异 基线DFS普通向听；七对仅6-pairs且仅听牌返回ukeire；规范补distinct项、一般有效进张和完整等待形状 规范公式是目标契约；基线只用于兼容和差距审计，必须分别记录formula_version与baseline_version。,,,DELETE_SEM_PARAMETER,原行仅引用参数范围并泛称接入，未证明任一具体参数未生效、错误生效或未绑定生产入口；不构成SEM业务差异
ALGO-003,去重可见牌与未见牌聚合,### 1. 输入向量和字段含义 PlayerView；physical_id 0..107可选；event_id uint64；face 0..26；meld_count 3..4。区间均闭区间，枚举外值非法；来源锚点继承 [locked_unit_catalog.md](../02-unit-catalog/locked_unit_catalog.md) 的 ALGO-003 行。 ### 2. 数据类型、最小值和最大值 必须使用上述固定宽度整数、Decimal、稳定枚举和canonical集合；未另注的计数最小0，最大受108实体牌、27牌面、4玩家和int64约束。禁止NaN、±Inf、隐式截断和int64溢出。 ### 4. 基线公式及与规范差异 基线按牌面Counter跳过被认领弃牌，多个同面事件可能歧义；规范要求事件/实体级去重 规范公式是目标契约；基线只用于兼容和差距审计，必须分别记录formula_version与baseline_version。,,,DELETE_SEM_PARAMETER,原行仅引用参数范围并泛称接入，未证明任一具体参数未生效、错误生效或未绑定生产入口；不构成SEM业务差异
ALGO-004,墙内活牌区间或估计,### 1. 输入向量和字段含义 unseen Uf 0..4×27；wall W 0..108；opponent_hidden H 0..52。区间均闭区间，枚举外值非法；来源锚点继承 [locked_unit_catalog.md](../02-unit-catalog/locked_unit_catalog.md) 的 ALGO-004 行。 ### 2. 数据类型、最小值和最大值 必须使用上述固定宽度整数、Decimal、稳定枚举和canonical集合；未另注的计数最小0，最大受108实体牌、27牌面、4玩家和int64约束。禁止NaN、±Inf、隐式截断和int64溢出。 ### 4. 基线公式及与规范差异 当前无独立完整实现；模型估计不得替代组合上下界 规范公式是目标契约；基线只用于兼容和差距审计，必须分别记录formula_version与baseline_version。,,,DELETE_SEM_PARAMETER,原行仅引用参数范围并泛称接入，未证明任一具体参数未生效、错误生效或未绑定生产入口；不构成SEM业务差异
ALGO-005,逐座剩余摸牌机会估计,### 1. 输入向量和字段含义 active_order 2..4唯一seat；actor；phase；wall W；known_extra_draws；unknown_gang_budget。区间均闭区间，枚举外值非法；来源锚点继承 [locked_unit_catalog.md](../02-unit-catalog/locked_unit_catalog.md) 的 ALGO-005 行。 ### 2. 数据类型、最小值和最大值 必须使用上述固定宽度整数、Decimal、稳定枚举和canonical集合；未另注的计数最小0，最大受108实体牌、27牌面、4玩家和int64约束。禁止NaN、±Inf、隐式截断和int64溢出。 ### 4. 基线公式及与规范差异 ceil(W/A)只是粗基线，不能处理当前phase、碰、杠、胡后退出 规范公式是目标契约；基线只用于兼容和差距审计，必须分别记录formula_version与baseline_version。,,,DELETE_SEM_PARAMETER,原行仅引用参数范围并泛称接入，未证明任一具体参数未生效、错误生效或未绑定生产入口；不构成SEM业务差异
ALGO-006,mandatory 分类、候选上限与稳定排序,### 1. 输入向量和字段含义 legal_actions 1..N；context；force_flags；max_candidates 1..14；stable_action_key。区间均闭区间，枚举外值非法；来源锚点继承 [locked_unit_catalog.md](../02-unit-catalog/locked_unit_catalog.md) 的 ALGO-006 行。 ### 2. 数据类型、最小值和最大值 必须使用上述固定宽度整数、Decimal、稳定枚举和canonical集合；未另注的计数最小0，最大受108实体牌、27牌面、4玩家和int64约束。禁止NaN、±Inf、隐式截断和int64溢出。 ### 4. 基线公式及与规范差异 基线同样保留mandatory；规范明确cap只约束普通项并要求分类理由 规范公式是目标契约；基线只用于兼容和差距审计，必须分别记录formula_version与baseline_version。,,,DELETE_SEM_PARAMETER,原行仅引用参数范围并泛称接入，未证明任一具体参数未生效、错误生效或未绑定生产入口；不构成SEM业务差异
ALGO-007,六分量候选 Q 评价,"### 1. 输入向量和字段含义 x=(S,L,F,R,P,M) Decimal各0..1；权重w各0..1且Σw=1；action_key。区间均闭区间，枚举外值非法；来源锚点继承 [locked_unit_catalog.md](../02-unit-catalog/locked_unit_catalog.md) 的 ALGO-007 行。 ### 2. 数据类型、最小值和最大值 必须使用上述固定宽度整数、Decimal、稳定枚举和canonical集合；未另注的计数最小0，最大受108实体牌、27牌面、4玩家和int64约束。禁止NaN、±Inf、隐式截断和int64溢出。 ### 4. 基线公式及与规范差异 基线为speed/hand_value/defense/flexibility四项+动作调整；不是六分量规范；模型不得替代分量/Q 规范公式是目标契约；基线只用于兼容和差距审计，必须分别记录formula_version与baseline_version。",,,DELETE_SEM_PARAMETER,原行仅引用参数范围并泛称接入，未证明任一具体参数未生效、错误生效或未绑定生产入口；不构成SEM业务差异
ALGO-008,seed、噪声、思考时间与随机流确定派生,### 1. 输入向量和字段含义 stream_key uint64；seat0..3；decision/sample_index uint64；purpose枚举；distribution params。区间均闭区间，枚举外值非法；来源锚点继承 [locked_unit_catalog.md](../02-unit-catalog/locked_unit_catalog.md) 的 ALGO-008 行。 ### 2. 数据类型、最小值和最大值 必须使用上述固定宽度整数、Decimal、稳定枚举和canonical集合；未另注的计数最小0，最大受108实体牌、27牌面、4玩家和int64约束。禁止NaN、±Inf、隐式截断和int64溢出。 ### 4. 基线公式及与规范差异 基线少数流用XOR；规范采用purpose/version哈希域隔离；旧流必须按旧版本回放 规范公式是目标契约；基线只用于兼容和差距审计，必须分别记录formula_version与baseline_version。,,,DELETE_SEM_PARAMETER,原行仅引用参数范围并泛称接入，未证明任一具体参数未生效、错误生效或未绑定生产入口；不构成SEM业务差异
ALGO-009,配置类型/范围/版本校验、迁移与 canonical hash,### 1. 输入向量和字段含义 raw JSON；schema uint16；GP/RP registry范围；migration path。区间均闭区间，枚举外值非法；来源锚点继承 [locked_unit_catalog.md](../02-unit-catalog/locked_unit_catalog.md) 的 ALGO-009 行。 ### 2. 数据类型、最小值和最大值 必须使用上述固定宽度整数、Decimal、稳定枚举和canonical集合；未另注的计数最小0，最大受108实体牌、27牌面、4玩家和int64约束。禁止NaN、±Inf、隐式截断和int64溢出。 ### 4. 基线公式及与规范差异 基线已有sort_keys紧凑JSON/SHA256；规范补数字canonical及逐步迁移hash 规范公式是目标契约；基线只用于兼容和差距审计，必须分别记录formula_version与baseline_version。,,,DELETE_SEM_PARAMETER,原行仅引用参数范围并泛称接入，未证明任一具体参数未生效、错误生效或未绑定生产入口；不构成SEM业务差异
ALGO-011,game_id 到牌墙、骰子及子随机流的确定映射,### 1. 输入向量和字段含义 game_id UTF-8 1..256字节；版本uint16；注册stream_name；index uint64。区间均闭区间，枚举外值非法；来源锚点继承 [locked_unit_catalog.md](../02-unit-catalog/locked_unit_catalog.md) 的 ALGO-011 行。 ### 2. 数据类型、最小值和最大值 必须使用上述固定宽度整数、Decimal、稳定枚举和canonical集合；未另注的计数最小0，最大受108实体牌、27牌面、4玩家和int64约束。禁止NaN、±Inf、隐式截断和int64溢出。 ### 4. 基线公式及与规范差异 基线master=BLAKE2b(id)且dice/exchange固定XOR；规范为版本化域隔离，旧版保留回放 规范公式是目标契约；基线只用于兼容和差距审计，必须分别记录formula_version与baseline_version。,,,DELETE_SEM_PARAMETER,原行仅引用参数范围并泛称接入，未证明任一具体参数未生效、错误生效或未绑定生产入口；不构成SEM业务差异
HEUR-001,换三张候选评价,"### 1. 输入特征 合法同花色三元组；孤张、搭子损失、进张损失、送牌风险。每项必须携带来源、缺失mask与版本。 ### 2. 特征范围 连续特征默认[0,1]，修正量[-1,1]；离散计数受牌局上限，时间为[0,deadline_ms]。越界、NaN、Inf拒绝，未知值不得伪装0。 ### 4. 基线评分公式 孤张+0.8弱牌-1.2结构损失-0.4送牌风险。固定顺序Decimal计算，ROUND_HALF_EVEN至1e-8；同分按stable_candidate_key。此公式是默认实现，不是唯一正确答案。",,,DELETE_SEM_PARAMETER,原行仅引用参数范围并泛称接入，未证明任一具体参数未生效、错误生效或未绑定生产入口；不构成SEM业务差异
HEUR-002,定缺花色评价,"### 1. 输入特征 三门张数、孤张率、搭子/对子、清一色潜力。每项必须携带来源、缺失mask与版本。 ### 2. 特征范围 连续特征默认[0,1]，修正量[-1,1]；离散计数受牌局上限，时间为[0,deadline_ms]。越界、NaN、Inf拒绝，未知值不得伪装0。 ### 4. 基线评分公式 少张+0.8零散-结构-0.5清一色潜力。固定顺序Decimal计算，ROUND_HALF_EVEN至1e-8；同分按stable_candidate_key。此公式是默认实现，不是唯一正确答案。",,,DELETE_SEM_PARAMETER,原行仅引用参数范围并泛称接入，未证明任一具体参数未生效、错误生效或未绑定生产入口；不构成SEM业务差异
HEUR-003,动态风格调节,"### 1. 输入特征 profile、标准化分差、剩余局、阶段、风险。每项必须携带来源、缺失mask与版本。 ### 2. 特征范围 连续特征默认[0,1]，修正量[-1,1]；离散计数受牌局上限，时间为[0,deadline_ms]。越界、NaN、Inf拒绝，未知值不得伪装0。 ### 4. 基线评分公式 clamp(base+score_mod+stage_mod,-1,1)。固定顺序Decimal计算，ROUND_HALF_EVEN至1e-8；同分按stable_candidate_key。此公式是默认实现，不是唯一正确答案。",,,DELETE_SEM_PARAMETER,原行仅引用参数范围并泛称接入，未证明任一具体参数未生效、错误生效或未绑定生产入口；不构成SEM业务差异
HEUR-004,初始做牌方向形成,"### 1. 输入特征 普通/七对向听、番潜力、花色集中、速度、灵活。每项必须携带来源、缺失mask与版本。 ### 2. 特征范围 连续特征默认[0,1]，修正量[-1,1]；离散计数受牌局上限，时间为[0,deadline_ms]。越界、NaN、Inf拒绝，未知值不得伪装0。 ### 4. 基线评分公式 速度+0.7番+0.6集中+0.5灵活。固定顺序Decimal计算，ROUND_HALF_EVEN至1e-8；同分按stable_candidate_key。此公式是默认实现，不是唯一正确答案。",,,DELETE_SEM_PARAMETER,原行仅引用参数范围并泛称接入，未证明任一具体参数未生效、错误生效或未绑定生产入口；不构成SEM业务差异
HEUR-005,主备计划生命周期,"### 1. 输入特征 现/新计划效用、持续证据、转换成本、阶段。每项必须携带来源、缺失mask与版本。 ### 2. 特征范围 连续特征默认[0,1]，修正量[-1,1]；离散计数受牌局上限，时间为[0,deadline_ms]。越界、NaN、Inf拒绝，未知值不得伪装0。 ### 4. 基线评分公式 switch_gain=Qnew-Qold-cost；连续k次超过阈值才切换。固定顺序Decimal计算，ROUND_HALF_EVEN至1e-8；同分按stable_candidate_key。此公式是默认实现，不是唯一正确答案。",,,DELETE_SEM_PARAMETER,原行仅引用参数范围并泛称接入，未证明任一具体参数未生效、错误生效或未绑定生产入口；不构成SEM业务差异
HEUR-006,定缺花色环境评估,"### 1. 输入特征 四座公开定缺、副露门数、弃牌比例。每项必须携带来源、缺失mask与版本。 ### 2. 特征范围 连续特征默认[0,1]，修正量[-1,1]；离散计数受牌局上限，时间为[0,deadline_ms]。越界、NaN、Inf拒绝，未知值不得伪装0。 ### 4. 基线评分公式 定缺压力-0.5竞争+0.3供给。固定顺序Decimal计算，ROUND_HALF_EVEN至1e-8；同分按stable_candidate_key。此公式是默认实现，不是唯一正确答案。",,,DELETE_SEM_PARAMETER,原行仅引用参数范围并泛称接入，未证明任一具体参数未生效、错误生效或未绑定生产入口；不构成SEM业务差异
HEUR-007,公开事件驱动的逐家方向更新,"### 1. 输入特征 先验、弃碰杠定缺事件、阶段、新鲜度。每项必须携带来源、缺失mask与版本。 ### 2. 特征范围 连续特征默认[0,1]，修正量[-1,1]；离散计数受牌局上限，时间为[0,deadline_ms]。越界、NaN、Inf拒绝，未知值不得伪装0。 ### 4. 基线评分公式 evidence=Σevent_weight×0.9^age。固定顺序Decimal计算，ROUND_HALF_EVEN至1e-8；同分按stable_candidate_key。此公式是默认实现，不是唯一正确答案。",,,DELETE_SEM_PARAMETER,原行仅引用参数范围并泛称接入，未证明任一具体参数未生效、错误生效或未绑定生产入口；不构成SEM业务差异
HEUR-008,整场比分与剩余局效用调节,"### 1. 输入特征 排名、分差、剩余局、末局标记。每项必须携带来源、缺失mask与版本。 ### 2. 特征范围 连续特征默认[0,1]，修正量[-1,1]；离散计数受牌局上限，时间为[0,deadline_ms]。越界、NaN、Inf拒绝，未知值不得伪装0。 ### 4. 基线评分公式 risk_mod=lead×late-deficit×late；value反向。固定顺序Decimal计算，ROUND_HALF_EVEN至1e-8；同分按stable_candidate_key。此公式是默认实现，不是唯一正确答案。",,,DELETE_SEM_PARAMETER,原行仅引用参数范围并泛称接入，未证明任一具体参数未生效、错误生效或未绑定生产入口；不构成SEM业务差异
HEUR-009,先胡、做大和血战顺序效用,"### 1. 输入特征 胡序、向听、摸牌机会、番值、被先胡风险，以及当前合法胡选择PASS后的过胡门槛、恢复事件和预计机会成本。每项必须携带来源、缺失mask与版本。 ### 2. 特征范围 连续特征默认[0,1]，修正量[-1,1]；离散计数受牌局上限，时间为[0,deadline_ms]。越界、NaN、Inf拒绝，未知值不得伪装0。 ### 4. 基线评分公式 speed=urgency+0.8draw_shortage；value=0.8fan-0.7urgency；允许过胡时 `pass_value=value_gain-1.0×lost_hu_opportunity-0.8×recovery_delay`。固定顺序Decimal计算，ROUND_HALF_EVEN至1e-8；同分按stable_candidate_key。此公式是默认实现，不是唯一正确答案。",,,DELETE_SEM_PARAMETER,原行仅引用参数范围并泛称接入，未证明任一具体参数未生效、错误生效或未绑定生产入口；不构成SEM业务差异
HEUR-010,多目标冲突复核,"### 1. 输入特征 S/L/F/R/P/M及计划一致性。每项必须携带来源、缺失mask与版本。 ### 2. 特征范围 连续特征默认[0,1]，修正量[-1,1]；离散计数受牌局上限，时间为[0,deadline_ms]。越界、NaN、Inf拒绝，未知值不得伪装0。 ### 4. 基线评分公式 resolved=ALGO-007_Q+0.08plan_consistency。固定顺序Decimal计算，ROUND_HALF_EVEN至1e-8；同分按stable_candidate_key。此公式是默认实现，不是唯一正确答案。",,,DELETE_SEM_PARAMETER,原行仅引用参数范围并泛称接入，未证明任一具体参数未生效、错误生效或未绑定生产入口；不构成SEM业务差异
HEUR-011,番型边际做牌价值,"### 1. 输入特征 启用番、可达番、到达成本、封顶余量。每项必须携带来源、缺失mask与版本。 ### 2. 特征范围 连续特征默认[0,1]，修正量[-1,1]；离散计数受牌局上限，时间为[0,deadline_ms]。越界、NaN、Inf拒绝，未知值不得伪装0。 ### 4. 基线评分公式 MV=min(fan_gain,cap_room)×reachability-cost。固定顺序Decimal计算，ROUND_HALF_EVEN至1e-8；同分按stable_candidate_key。此公式是默认实现，不是唯一正确答案。",,,DELETE_SEM_PARAMETER,原行仅引用参数范围并泛称接入，未证明任一具体参数未生效、错误生效或未绑定生产入口；不构成SEM业务差异
HEUR-012,碰牌策略评价,"### 1. 输入特征 向听/进张变化、暴露、后续弃牌、轮次收益。每项必须携带来源、缺失mask与版本。 ### 2. 特征范围 连续特征默认[0,1]，修正量[-1,1]；离散计数受牌局上限，时间为[0,deadline_ms]。越界、NaN、Inf拒绝，未知值不得伪装0。 ### 4. 基线评分公式 accept-pass=speed+0.5turn-0.7exposure-0.6bad_discard。固定顺序Decimal计算，ROUND_HALF_EVEN至1e-8；同分按stable_candidate_key。此公式是默认实现，不是唯一正确答案。",,,DELETE_SEM_PARAMETER,原行仅引用参数范围并泛称接入，未证明任一具体参数未生效、错误生效或未绑定生产入口；不构成SEM业务差异
HEUR-013,杠牌策略评价,"### 1. 输入特征 杠分、补牌、抢杠风险、损失、墙余量。每项必须携带来源、缺失mask与版本。 ### 2. 特征范围 连续特征默认[0,1]，修正量[-1,1]；离散计数受牌局上限，时间为[0,deadline_ms]。越界、NaN、Inf拒绝，未知值不得伪装0。 ### 4. 基线评分公式 accept-pass=0.8score+0.6draw-0.9rob-0.7loss。固定顺序Decimal计算，ROUND_HALF_EVEN至1e-8；同分按stable_candidate_key。此公式是默认实现，不是唯一正确答案。",,,DELETE_SEM_PARAMETER,原行仅引用参数范围并泛称接入，未证明任一具体参数未生效、错误生效或未绑定生产入口；不构成SEM业务差异
HEUR-014,出牌牌效与结构保留策略,"### 1. 输入特征 弃后向听、有效进张、将牌、搭子损失、换听增益。每项必须携带来源、缺失mask与版本。 ### 2. 特征范围 连续特征默认[0,1]，修正量[-1,1]；离散计数受牌局上限，时间为[0,deadline_ms]。越界、NaN、Inf拒绝，未知值不得伪装0。 ### 4. 基线评分公式 -1.2向听+进张+0.5将牌+0.4换听-0.7结构损失。固定顺序Decimal计算，ROUND_HALF_EVEN至1e-8；同分按stable_candidate_key。此公式是默认实现，不是唯一正确答案。",,,DELETE_SEM_PARAMETER,原行仅引用参数范围并泛称接入，未证明任一具体参数未生效、错误生效或未绑定生产入口；不构成SEM业务差异
HEUR-015,防守偏好与安全牌选择,"### 1. 输入特征 逐对手风险、等待概率、损失、公开安全证据，并为每个危险牌记录主要防守对象、次要防守对象及风险贡献。每项必须携带来源、缺失mask与版本。 ### 2. 特征范围 连续特征默认[0,1]，修正量[-1,1]；离散计数受牌局上限，时间为[0,deadline_ms]。越界、NaN、Inf拒绝，未知值不得伪装0。 ### 4. 基线评分公式 -Σrisk_i×loss_i+0.4safety。固定顺序Decimal计算，ROUND_HALF_EVEN至1e-8；同分按stable_candidate_key。此公式是默认实现，不是唯一正确答案。",,,DELETE_SEM_PARAMETER,原行仅引用参数范围并泛称接入，未证明任一具体参数未生效、错误生效或未绑定生产入口；不构成SEM业务差异
HEUR-017,思考节奏生成,"### 1. 输入特征 候选数、分差复杂度、阶段、profile、deadline。每项必须携带来源、缺失mask与版本。 ### 2. 特征范围 连续特征默认[0,1]，修正量[-1,1]；离散计数受牌局上限，时间为[0,deadline_ms]。越界、NaN、Inf拒绝，未知值不得伪装0。 ### 4. 基线评分公式 t=clamp(base+gain×complexity+jitter,0,deadline-margin)。固定顺序Decimal计算，ROUND_HALF_EVEN至1e-8；同分按stable_candidate_key。此公式是默认实现，不是唯一正确答案。",,,DELETE_SEM_PARAMETER,原行仅引用参数范围并泛称接入，未证明任一具体参数未生效、错误生效或未绑定生产入口；不构成SEM业务差异
HEUR-018,安全牌储备、扣牌与信息表达,"### 1. 输入特征 安全分、未来牌效损失、威胁座、自身暴露、阶段。每项必须携带来源、缺失mask与版本。 ### 2. 特征范围 连续特征默认[0,1]，修正量[-1,1]；离散计数受牌局上限，时间为[0,deadline_ms]。越界、NaN、Inf拒绝，未知值不得伪装0。 ### 4. 基线评分公式 0.8未来安全+0.5威胁聚焦-0.7牌效成本-0.3信息暴露。固定顺序Decimal计算，ROUND_HALF_EVEN至1e-8；同分按stable_candidate_key。此公式是默认实现，不是唯一正确答案。",,,DELETE_SEM_PARAMETER,原行仅引用参数范围并泛称接入，未证明任一具体参数未生效、错误生效或未绑定生产入口；不构成SEM业务差异
HEUR-020,有界记忆衰减与强化,"### 1. 输入特征 公开token、strength、age、salience、capacity。每项必须携带来源、缺失mask与版本。 ### 2. 特征范围 连续特征默认[0,1]，修正量[-1,1]；离散计数受牌局上限，时间为[0,deadline_ms]。越界、NaN、Inf拒绝，未知值不得伪装0。 ### 4. 基线评分公式 s'=clamp(s×(1-forget)^Δ+boost×salience,0,1)。固定顺序Decimal计算，ROUND_HALF_EVEN至1e-8；同分按stable_candidate_key。此公式是默认实现，不是唯一正确答案。",,,DELETE_SEM_PARAMETER,原行仅引用参数范围并泛称接入，未证明任一具体参数未生效、错误生效或未绑定生产入口；不构成SEM业务差异
HEUR-021,有限推演与满意停止,"### 1. 输入特征 候选Q、预算、深度、阈值、mandatory。每项必须携带来源、缺失mask与版本。 ### 2. 特征范围 连续特征默认[0,1]，修正量[-1,1]；离散计数受牌局上限，时间为[0,deadline_ms]。越界、NaN、Inf拒绝，未知值不得伪装0。 ### 4. 基线评分公式 稳定次序检查；best≥threshold且已查≥min即停，否则至预算。固定顺序Decimal计算，ROUND_HALF_EVEN至1e-8；同分按stable_candidate_key。此公式是默认实现，不是唯一正确答案。",,,DELETE_SEM_PARAMETER,原行仅引用参数范围并泛称接入，未证明任一具体参数未生效、错误生效或未绑定生产入口；不构成SEM业务差异
HEUR-022,人格、水平与情绪状态消费,"### 1. 输入特征 profile、level、情绪、疲劳、阶段。每项必须携带来源、缺失mask与版本。 ### 2. 特征范围 连续特征默认[0,1]，修正量[-1,1]；离散计数受牌局上限，时间为[0,deadline_ms]。越界、NaN、Inf拒绝，未知值不得伪装0。 ### 4. 基线评分公式 modifier=clamp(profile×level_factor+emotion,-1,1)。固定顺序Decimal计算，ROUND_HALF_EVEN至1e-8；同分按stable_candidate_key。此公式是默认实现，不是唯一正确答案。",,,DELETE_SEM_PARAMETER,原行仅引用参数范围并泛称接入，未证明任一具体参数未生效、错误生效或未绑定生产入口；不构成SEM业务差异
HEUR-023,有界近似选择与人类失误,"### 1. 输入特征 已查合法候选Q、near阈值、error_rate、命名seed、mandatory。每项必须携带来源、缺失mask与版本。 ### 2. 特征范围 连续特征默认[0,1]，修正量[-1,1]；离散计数受牌局上限，时间为[0,deadline_ms]。越界、NaN、Inf拒绝，未知值不得伪装0。 ### 4. 基线评分公式 近优集Qbest-Qa≤δ；有界噪声选择，mandatory优先。固定顺序Decimal计算，ROUND_HALF_EVEN至1e-8；同分按stable_candidate_key。此公式是默认实现，不是唯一正确答案。",,,DELETE_SEM_PARAMETER,原行仅引用参数范围并泛称接入，未证明任一具体参数未生效、错误生效或未绑定生产入口；不构成SEM业务差异
MODEL-002,逐对手听牌/等待/损失风险模型,### 1. 预测目标 预测每个对手听牌概率、每个可弃牌面成为其等待牌的条件概率、条件损失及综合点炮风险。 ### 2. 预测单位 单个决策事件 × 对手 × 候选弃牌面；听牌概率按对手级，等待/风险按牌面级。 ### 4. 禁止输入 对手隐藏手牌、精确墙序、实际等待牌、未来胡牌结果、oracle损失、标签列或由其直接计算的特征。。线上入口必须执行字段白名单与递归泄漏扫描；发现即拒绝，不允许仅忽略。,,,DELETE_SEM_PARAMETER,原行仅引用参数范围并泛称接入，未证明任一具体参数未生效、错误生效或未绑定生产入口；不构成SEM业务差异
MODEL-003,仅公开信息的跨局对手画像学习,### 1. 预测目标 学习对手公开可观察风格以及下一局动作类别分布改善；不重建隐藏手牌。 ### 2. 预测单位 对手 × 已完成局/整场；输出下一局profile。 ### 4. 禁止输入 任何局的隐藏手牌/墙序、训练标签回填到历史特征、跨玩家身份明文、正式测试集统计、未来局事件。。线上入口必须执行字段白名单与递归泄漏扫描；发现即拒绝，不允许仅忽略。,,,DELETE_SEM_PARAMETER,原行仅引用参数范围并泛称接入，未证明任一具体参数未生效、错误生效或未绑定生产入口；不构成SEM业务差异
MODEL-004,可训练策略输入输出契约,### 1. 预测目标 在legal mask内预测候选动作概率分布和状态价值；可用合规真人动作做行为克隆。 ### 2. 预测单位 一次玩家决策请求；动作概率按固定action codec槽位。 ### 4. 禁止输入 对手隐藏手牌、墙序、oracle、未来奖励、未掩码非法动作、训练标签拼入observation、评估集身份或统计。。线上入口必须执行字段白名单与递归泄漏扫描；发现即拒绝，不允许仅忽略。,,,DELETE_SEM_PARAMETER,原行仅引用参数范围并泛称接入，未证明任一具体参数未生效、错误生效或未绑定生产入口；不构成SEM业务差异
STATE-001,Match 配置冻结、玩家装配与整场控制,### 6. 来源规则与参数 来源以锁定目录 [locked_unit_catalog.md](../02-unit-catalog/locked_unit_catalog.md) 的 STATE-001 行及其 AU/章节锚点为准；参数：GP-001～GP-027、RP-001～RP-033。歧义必须新增决策记录，不静默推断。 ### 10. 内部状态 生命周期字段至少含 `version`、`phase/status`、`owner`、`created_event`、`updated_event`；具体领域字段见输入输出与流程。,,,DELETE_SEM_PARAMETER,原行仅引用参数范围并泛称接入，未证明任一具体参数未生效、错误生效或未绑定生产入口；不构成SEM业务差异
STATE-002,权威 RoundState 存储与授权访问,### 6. 来源规则与参数 来源以锁定目录 [locked_unit_catalog.md](../02-unit-catalog/locked_unit_catalog.md) 的 STATE-002 行及其 AU/章节锚点为准；参数：RP-001～RP-023、RP-001～RP-033。歧义必须新增决策记录，不静默推断。 ### 10. 内部状态 生命周期字段至少含 `version`、`phase/status`、`owner`、`created_event`、`updated_event`；具体领域字段见输入输出与流程。,,,DELETE_SEM_PARAMETER,原行仅引用参数范围并泛称接入，未证明任一具体参数未生效、错误生效或未绑定生产入口；不构成SEM业务差异
STATE-003,PlayerRoundState 手牌、副露、定缺与过胡状态,### 6. 来源规则与参数 来源以锁定目录 [locked_unit_catalog.md](../02-unit-catalog/locked_unit_catalog.md) 的 STATE-003 行及其 AU/章节锚点为准；参数：GP-011～GP-020、RP-001～RP-033。歧义必须新增决策记录，不静默推断。 ### 10. 内部状态 生命周期字段至少含 `version`、`phase/status`、`owner`、`created_event`、`updated_event`；具体领域字段见输入输出与流程。,,,DELETE_SEM_PARAMETER,原行仅引用参数范围并泛称接入，未证明任一具体参数未生效、错误生效或未绑定生产入口；不构成SEM业务差异
STATE-004,CONFIGURED→SETTLED 状态机,### 6. 来源规则与参数 来源以锁定目录 [locked_unit_catalog.md](../02-unit-catalog/locked_unit_catalog.md) 的 STATE-004 行及其 AU/章节锚点为准；参数：GP-001～GP-027、RP-001～RP-033。歧义必须新增决策记录，不静默推断。 ### 10. 内部状态 生命周期字段至少含 `version`、`phase/status`、`owner`、`created_event`、`updated_event`；具体领域字段见输入输出与流程。,,,DELETE_SEM_PARAMETER,原行仅引用参数范围并泛称接入，未证明任一具体参数未生效、错误生效或未绑定生产入口；不构成SEM业务差异
STATE-006,策略侧认知运行态初始化与归档,### 6. 来源规则与参数 来源以锁定目录 [locked_unit_catalog.md](../02-unit-catalog/locked_unit_catalog.md) 的 STATE-006 行及其 AU/章节锚点为准；参数：RP-001～RP-033。歧义必须新增决策记录，不静默推断。 ### 10. 内部状态 生命周期字段至少含 `version`、`phase/status`、`owner`、`created_event`、`updated_event`；具体领域字段见输入输出与流程。,,,DELETE_SEM_PARAMETER,原行仅引用参数范围并泛称接入，未证明任一具体参数未生效、错误生效或未绑定生产入口；不构成SEM业务差异
STATE-007,存档 schema 持久化与迁移,### 6. 来源规则与参数 来源以锁定目录 [locked_unit_catalog.md](../02-unit-catalog/locked_unit_catalog.md) 的 STATE-007 行及其 AU/章节锚点为准；参数：GP-001。歧义必须新增决策记录，不静默推断。 ### 10. 内部状态 生命周期字段至少含 `version`、`phase/status`、`owner`、`created_event`、`updated_event`；具体领域字段见输入输出与流程。,,,DELETE_SEM_PARAMETER,原行仅引用参数范围并泛称接入，未证明任一具体参数未生效、错误生效或未绑定生产入口；不构成SEM业务差异
STATE-008,跨局比分、认知和 episode 状态继承,### 6. 来源规则与参数 来源以锁定目录 [locked_unit_catalog.md](../02-unit-catalog/locked_unit_catalog.md) 的 STATE-008 行及其 AU/章节锚点为准；参数：GP-001～GP-027、RP-024～RP-032。歧义必须新增决策记录，不静默推断。 ### 10. 内部状态 生命周期字段至少含 `version`、`phase/status`、`owner`、`created_event`、`updated_event`；具体领域字段见输入输出与流程。,,,DELETE_SEM_PARAMETER,原行仅引用参数范围并泛称接入，未证明任一具体参数未生效、错误生效或未绑定生产入口；不构成SEM业务差异
STATE-009,决策请求上下文与生命周期,### 6. 来源规则与参数 来源以锁定目录 [locked_unit_catalog.md](../02-unit-catalog/locked_unit_catalog.md) 的 STATE-009 行及其 AU/章节锚点为准；参数：创建唯一request_id并冻结seat/phase/view/legal/version/deadline→置pending→接收一次结果→校验request/seat/version/legal→提交resolved或转STATE-012→归档。歧义必须新增决策记录，不静默推断。 ### 10. 内部状态 生命周期字段至少含 `version`、`phase/status`、`owner`、`created_event`、`updated_event`；具体领域字段见输入输出与流程。,,,DELETE_SEM_PARAMETER,原行仅引用参数范围并泛称接入，未证明任一具体参数未生效、错误生效或未绑定生产入口；不构成SEM业务差异
STATE-010,GP/RP/Profile 注册与生命周期,### 6. 来源规则与参数 来源以锁定目录 [locked_unit_catalog.md](../02-unit-catalog/locked_unit_catalog.md) 的 STATE-010 行及其 AU/章节锚点为准；参数：GP-001～GP-027、RP-001～RP-033。歧义必须新增决策记录，不静默推断。 ### 10. 内部状态 生命周期字段至少含 `version`、`phase/status`、`owner`、`created_event`、`updated_event`；具体领域字段见输入输出与流程。,,,DELETE_SEM_PARAMETER,原行仅引用参数范围并泛称接入，未证明任一具体参数未生效、错误生效或未绑定生产入口；不构成SEM业务差异
STATE-011,牌墙构建、洗牌与初始发牌,### 6. 来源规则与参数 来源以锁定目录 [locked_unit_catalog.md](../02-unit-catalog/locked_unit_catalog.md) 的 STATE-011 行及其 AU/章节锚点为准；参数：无直接登记。歧义必须新增决策记录，不静默推断。 ### 10. 内部状态 生命周期字段至少含 `version`、`phase/status`、`owner`、`created_event`、`updated_event`；具体领域字段见输入输出与流程。,,,DELETE_SEM_PARAMETER,原行仅引用参数范围并泛称接入，未证明任一具体参数未生效、错误生效或未绑定生产入口；不构成SEM业务差异
STATE-012,策略超时、崩溃与合法默认动作回退,### 6. 来源规则与参数 来源以锁定目录 [locked_unit_catalog.md](../02-unit-catalog/locked_unit_catalog.md) 的 STATE-012 行及其 AU/章节锚点为准；参数：GP-024～GP-026、RP-024～RP-029。歧义必须新增决策记录，不静默推断。 ### 10. 内部状态 生命周期字段至少含 `version`、`phase/status`、`owner`、`created_event`、`updated_event`；具体领域字段见输入输出与流程。,,,DELETE_SEM_PARAMETER,原行仅引用参数范围并泛称接入，未证明任一具体参数未生效、错误生效或未绑定生产入口；不构成SEM业务差异
SCORE-002,自摸、点炮与抢杠胡计分,### 1. 输入向量和字段含义 win_type；winners1..3；payer(s)；fan0..64；base1..1e6；active_set。区间均闭区间，枚举外值非法；来源锚点继承 [locked_unit_catalog.md](../02-unit-catalog/locked_unit_catalog.md) 的 SCORE-002 行。 ### 2. 数据类型、最小值和最大值 必须使用上述固定宽度整数、Decimal、稳定枚举和canonical集合；未另注的计数最小0，最大受108实体牌、27牌面、4玩家和int64约束。禁止NaN、±Inf、隐式截断和int64溢出。 ### 4. 基线公式及与规范差异 基线同P公式、自摸active支付、点炮多赢家；未独立标抢杠reason，封顶顺序待SCORE-005 规范公式是目标契约；基线只用于兼容和差距审计，必须分别记录formula_version与baseline_version。,,,DELETE_SEM_PARAMETER,原行仅引用参数范围并泛称接入，未证明任一具体参数未生效、错误生效或未绑定生产入口；不构成SEM业务差异
SCORE-003,明/暗/补杠与呼叫转移计分,### 1. 输入向量和字段含义 kind明/暗/补；gang/source seat；active_set；base/multipliers；related_hu_event。区间均闭区间，枚举外值非法；来源锚点继承 [locked_unit_catalog.md](../02-unit-catalog/locked_unit_catalog.md) 的 SCORE-003 行。 ### 2. 数据类型、最小值和最大值 必须使用上述固定宽度整数、Decimal、稳定枚举和canonical集合；未另注的计数最小0，最大受108实体牌、27牌面、4玩家和int64约束。禁止NaN、±Inf、隐式截断和int64溢出。 ### 4. 基线公式及与规范差异 基线明2base单付、暗2base多付、补1base多付；未实现呼叫转移；未知kind不得静默空 规范公式是目标契约；基线只用于兼容和差距审计，必须分别记录formula_version与baseline_version。,,,DELETE_SEM_PARAMETER,原行仅引用参数范围并泛称接入，未证明任一具体参数未生效、错误生效或未绑定生产入口；不构成SEM业务差异
SCORE-004,花猪、查大叫与退税终局调整,### 1. 输入向量和字段含义 end_state；花猪/听口/max_fan集合；gang_ledger；rules；base。区间均闭区间，枚举外值非法；来源锚点继承 [locked_unit_catalog.md](../02-unit-catalog/locked_unit_catalog.md) 的 SCORE-004 行。 ### 2. 数据类型、最小值和最大值 必须使用上述固定宽度整数、Decimal、稳定枚举和canonical集合；未另注的计数最小0，最大受108实体牌、27牌面、4玩家和int64约束。禁止NaN、±Inf、隐式截断和int64溢出。 ### 4. 基线公式及与规范差异 基线花猪同式；查叫仅base×mult简化且不搜最大番；未实现退税。三者分开审计 规范公式是目标契约；基线只用于兼容和差距审计，必须分别记录formula_version与baseline_version。,,,DELETE_SEM_PARAMETER,原行仅引用参数范围并泛称接入，未证明任一具体参数未生效、错误生效或未绑定生产入口；不构成SEM业务差异
SCORE-005,封顶、互斥和转移结算顺序,### 1. 输入向量和字段含义 raw fan/components/transfers；cap0..64；互斥策略；settlement_order；links。区间均闭区间，枚举外值非法；来源锚点继承 [locked_unit_catalog.md](../02-unit-catalog/locked_unit_catalog.md) 的 SCORE-005 行。 ### 2. 数据类型、最小值和最大值 必须使用上述固定宽度整数、Decimal、稳定枚举和canonical集合；未另注的计数最小0，最大受108实体牌、27牌面、4玩家和int64约束。禁止NaN、±Inf、隐式截断和int64溢出。 ### 4. 基线公式及与规范差异 基线apply_fan_cap已做cap≤0不限；即时入账，未统一全层、转移和退税编排 规范公式是目标契约；基线只用于兼容和差距审计，必须分别记录formula_version与baseline_version。,,,DELETE_SEM_PARAMETER,原行仅引用参数范围并泛称接入，未证明任一具体参数未生效、错误生效或未绑定生产入口；不构成SEM业务差异
SCORE-006,单局总分、整场累计与排名,### 1. 输入向量和字段含义 round_ledger；starting/prior scores int64[N]；round_index；tie/early_end policy。区间均闭区间，枚举外值非法；来源锚点继承 [locked_unit_catalog.md](../02-unit-catalog/locked_unit_catalog.md) 的 SCORE-006 行。 ### 2. 数据类型、最小值和最大值 必须使用上述固定宽度整数、Decimal、稳定枚举和canonical集合；未另注的计数最小0，最大受108实体牌、27牌面、4玩家和int64约束。禁止NaN、±Inf、隐式截断和int64溢出。 ### 4. 基线公式及与规范差异 基线session有累计与UI；需审计起分重复累计、并列及提前终止；UI ledger非权威证据 规范公式是目标契约；基线只用于兼容和差距审计，必须分别记录formula_version与baseline_version。,,,DELETE_SEM_PARAMETER,原行仅引用参数范围并泛称接入，未证明任一具体参数未生效、错误生效或未绑定生产入口；不构成SEM业务差异
TRAIN-001,复用生产规则的训练包装,### 1. Episode边界 CONFIGURED开始；单局至SETTLED，多局至设定局数/提前终止。episode_id、match_id、game_id、round_index和终止原因必须稳定记录；规则终止为terminated，时间/资源预算为truncated，二者不可混淆。 ### 2. 多局和单局模式 single_round：reset创建一局，SETTLED后结束。multi_round：共享冻结match配置与累计分，逐局派生game_id，直到round_limit、规则提前终止或外部truncation。本单元必须原生支持两种模式。 ### 4. 动作空间 生产legal Action。统一固定codec；策略提交action_id，不得提交绕过codec的引擎对象。,,,DELETE_SEM_PARAMETER,原行仅引用参数范围并泛称接入，未证明任一具体参数未生效、错误生效或未绑定生产入口；不构成SEM业务差异
TRAIN-002,Observation v2 编码,### 1. Episode边界 继承环境episode，不创建/终止episode。episode_id、match_id、game_id、round_index和终止原因必须稳定记录；规则终止为terminated，时间/资源预算为truncated，二者不可混淆。 ### 2. 多局和单局模式 single_round：reset创建一局，SETTLED后结束。multi_round：共享冻结match配置与累计分，逐局派生game_id，直到round_limit、规则提前终止或外部truncation。本单元继承该边界并在记录中保留mode。 ### 4. 动作空间 不处理动作。统一固定codec；策略提交action_id，不得提交绕过codec的引擎对象。,,,DELETE_SEM_PARAMETER,原行仅引用参数范围并泛称接入，未证明任一具体参数未生效、错误生效或未绑定生产入口；不构成SEM业务差异
TRAIN-004,非法训练动作处理契约,### 1. Episode边界 非法动作发生于step边界；按mode决定是否终止episode。episode_id、match_id、game_id、round_index和终止原因必须稳定记录；规则终止为terminated，时间/资源预算为truncated，二者不可混淆。 ### 2. 多局和单局模式 single_round：reset创建一局，SETTLED后结束。multi_round：共享冻结match配置与累计分，逐局派生game_id，直到round_limit、规则提前终止或外部truncation。本单元继承该边界并在记录中保留mode。 ### 4. 动作空间 输入任意action_id；合法时透传，非法时raise/terminate/penalty。统一固定codec；策略提交action_id，不得提交绕过codec的引擎对象。,,,DELETE_SEM_PARAMETER,原行仅引用参数范围并泛称接入，未证明任一具体参数未生效、错误生效或未绑定生产入口；不构成SEM业务差异
TRAIN-005,真实得分与可见势能奖励契约,### 1. Episode边界 每生产transition产生分量；episode结束汇总但不重复入账。episode_id、match_id、game_id、round_index和终止原因必须稳定记录；规则终止为terminated，时间/资源预算为truncated，二者不可混淆。 ### 2. 多局和单局模式 single_round：reset创建一局，SETTLED后结束。multi_round：共享冻结match配置与累计分，逐局派生game_id，直到round_limit、规则提前终止或外部truncation。本单元继承该边界并在记录中保留mode。 ### 4. 动作空间 奖励不改变动作空间。统一固定codec；策略提交action_id，不得提交绕过codec的引擎对象。,,,DELETE_SEM_PARAMETER,原行仅引用参数范围并泛称接入，未证明任一具体参数未生效、错误生效或未绑定生产入口；不构成SEM业务差异
TRAIN-006,单 learner reset/step/mask/clone/restore,### 1. Episode边界 reset创建单局或多局episode；terminated规则终局，truncated仅外部预算。episode_id、match_id、game_id、round_index和终止原因必须稳定记录；规则终止为terminated，时间/资源预算为truncated，二者不可混淆。 ### 2. 多局和单局模式 single_round：reset创建一局，SETTLED后结束。multi_round：共享冻结match配置与累计分，逐局派生game_id，直到round_limit、规则提前终止或外部truncation。本单元必须原生支持两种模式。 ### 4. 动作空间 learner action_id。统一固定codec；策略提交action_id，不得提交绕过codec的引擎对象。,,,DELETE_SEM_PARAMETER,原行仅引用参数范围并泛称接入，未证明任一具体参数未生效、错误生效或未绑定生产入口；不构成SEM业务差异
TRAIN-007,多玩家 ActionMap 与自博弈调度,### 1. Episode边界 联合episode同规则局/整场边界；轮到/响应座才需动作。episode_id、match_id、game_id、round_index和终止原因必须稳定记录；规则终止为terminated，时间/资源预算为truncated，二者不可混淆。 ### 2. 多局和单局模式 single_round：reset创建一局，SETTLED后结束。multi_round：共享冻结match配置与累计分，逐局派生game_id，直到round_limit、规则提前终止或外部truncation。本单元继承该边界并在记录中保留mode。 ### 4. 动作空间 每座独立mask。统一固定codec；策略提交action_id，不得提交绕过codec的引擎对象。,,,DELETE_SEM_PARAMETER,原行仅引用参数范围并泛称接入，未证明任一具体参数未生效、错误生效或未绑定生产入口；不构成SEM业务差异
TRAIN-008,离线 BC 与回放 RL 数据消费,### 1. Episode边界 trajectory按episode边界存；batch不得跨序列边界而丢done。episode_id、match_id、game_id、round_index和终止原因必须稳定记录；规则终止为terminated，时间/资源预算为truncated，二者不可混淆。 ### 2. 多局和单局模式 single_round：reset创建一局，SETTLED后结束。multi_round：共享冻结match配置与累计分，逐局派生game_id，直到round_limit、规则提前终止或外部truncation。本单元继承该边界并在记录中保留mode。 ### 4. 动作空间 action_id必须mask=1；否则样本隔离。统一固定codec；策略提交action_id，不得提交绕过codec的引擎对象。,,,DELETE_SEM_PARAMETER,原行仅引用参数范围并泛称接入，未证明任一具体参数未生效、错误生效或未绑定生产入口；不构成SEM业务差异
TRAIN-009,房规、profile 与行为域随机化,### 1. Episode边界 仅reset安全边界采样；episode内冻结。episode_id、match_id、game_id、round_index和终止原因必须稳定记录；规则终止为terminated，时间/资源预算为truncated，二者不可混淆。 ### 2. 多局和单局模式 single_round：reset创建一局，SETTLED后结束。multi_round：共享冻结match配置与累计分，逐局派生game_id，直到round_limit、规则提前终止或外部truncation。本单元继承该边界并在记录中保留mode。 ### 4. 动作空间 动作空间随规则但codec固定。统一固定codec；策略提交action_id，不得提交绕过codec的引擎对象。,,,DELETE_SEM_PARAMETER,原行仅引用参数范围并泛称接入，未证明任一具体参数未生效、错误生效或未绑定生产入口；不构成SEM业务差异
AUDIT-001,全原子规则事件日志,### 1. 单元ID与名称 AUDIT-001 — 全原子规则事件日志；类型：日志审计；规格状态：Approved；实现验收：Not Evaluated。来源、GP/RP和依赖以锁定目录对应行唯一为准。 ### 2. 审计目标 每个权威原子事件恰一条；公开载荷遵循RULE-016，私有牌只存受控引用。本单元产生证据或门禁结果，不改变被审计的权威游戏状态、策略选择或真实分数。 ### 4. 明确不负责 不实现房规、算法、启发式、模型或训练逻辑；不把类名、接口、占位函数、测试名称或文件存在当作行为通过证据；不让审计truth回流策略。,,,DELETE_SEM_PARAMETER,原行仅引用参数范围并泛称接入，未证明任一具体参数未生效、错误生效或未绑定生产入口；不构成SEM业务差异
AUDIT-002,AI 决策解释日志,### 1. 单元ID与名称 AUDIT-002 — AI决策解释日志；类型：日志审计；规格状态：Approved；实现验收：Not Evaluated。来源、GP/RP和依赖以锁定目录对应行唯一为准。 ### 2. 审计目标 每次策略决策恰一条，候选裁剪/修正/扰动/回退可重建，truth不进解释输入。本单元产生证据或门禁结果，不改变被审计的权威游戏状态、策略选择或真实分数。 ### 4. 明确不负责 不实现房规、算法、启发式、模型或训练逻辑；不把类名、接口、占位函数、测试名称或文件存在当作行为通过证据；不让审计truth回流策略。,,,DELETE_SEM_PARAMETER,原行仅引用参数范围并泛称接入，未证明任一具体参数未生效、错误生效或未绑定生产入口；不构成SEM业务差异
AUDIT-004,同配置/seed/事件的确定性回放,### 1. 单元ID与名称 AUDIT-004 — 同配置/seed/事件的确定性回放；类型：日志审计；规格状态：Approved；实现验收：Not Evaluated。来源、GP/RP和依赖以锁定目录对应行唯一为准。 ### 2. 审计目标 从初始快照重放相同事件；比较canonical hashes并在首个差异停止。本单元产生证据或门禁结果，不改变被审计的权威游戏状态、策略选择或真实分数。 ### 4. 明确不负责 不实现房规、算法、启发式、模型或训练逻辑；不把类名、接口、占位函数、测试名称或文件存在当作行为通过证据；不让审计truth回流策略。,,,DELETE_SEM_PARAMETER,原行仅引用参数范围并泛称接入，未证明任一具体参数未生效、错误生效或未绑定生产入口；不构成SEM业务差异
AUDIT-005,每事件强制不变量执行,### 1. 单元ID与名称 AUDIT-005 — 每事件强制不变量执行；类型：日志审计；规格状态：Approved；实现验收：Not Evaluated。来源、GP/RP和依赖以锁定目录对应行唯一为准。 ### 2. 审计目标 固定次序检查牌张守恒→phase/actor→legal→活动座→view隔离→账本零和→版本单调。本单元产生证据或门禁结果，不改变被审计的权威游戏状态、策略选择或真实分数。 ### 4. 明确不负责 不实现房规、算法、启发式、模型或训练逻辑；不把类名、接口、占位函数、测试名称或文件存在当作行为通过证据；不让审计truth回流策略。,,,DELETE_SEM_PARAMETER,原行仅引用参数范围并泛称接入，未证明任一具体参数未生效、错误生效或未绑定生产入口；不构成SEM业务差异
AUDIT-006,直接规则与接口测试证据门禁,### 1. 单元ID与名称 AUDIT-006 — 直接规则与接口测试证据门禁；类型：日志审计；规格状态：Approved；实现验收：Not Evaluated。来源、GP/RP和依赖以锁定目录对应行唯一为准。 ### 2. 审计目标 测试名不计证据；必须解析/人工复核断言正文与目标断言的直接关系，记录EV等级。本单元产生证据或门禁结果，不改变被审计的权威游戏状态、策略选择或真实分数。 ### 4. 明确不负责 不实现房规、算法、启发式、模型或训练逻辑；不把类名、接口、占位函数、测试名称或文件存在当作行为通过证据；不让审计truth回流策略。,,,DELETE_SEM_PARAMETER,原行仅引用参数范围并泛称接入，未证明任一具体参数未生效、错误生效或未绑定生产入口；不构成SEM业务差异
AUDIT-007,属性式生成、缩减与不变量证据,### 1. 单元ID与名称 AUDIT-007 — 属性式生成、缩减与不变量证据；类型：日志审计；规格状态：Approved；实现验收：Not Evaluated。来源、GP/RP和依赖以锁定目录对应行唯一为准。 ### 2. 审计目标 合法生成→事件序列→AUDIT-005；失败按固定shrink顺序缩减并保留seed/replay。本单元产生证据或门禁结果，不改变被审计的权威游戏状态、策略选择或真实分数。 ### 4. 明确不负责 不实现房规、算法、启发式、模型或训练逻辑；不把类名、接口、占位函数、测试名称或文件存在当作行为通过证据；不让审计truth回流策略。,,,DELETE_SEM_PARAMETER,原行仅引用参数范围并泛称接入，未证明任一具体参数未生效、错误生效或未绑定生产入口；不构成SEM业务差异
AUDIT-008,锁定来源逐章 golden-case 对照,### 1. 单元ID与名称 AUDIT-008 — 锁定来源逐章golden-case对照；类型：日志审计；规格状态：Approved；实现验收：Not Evaluated。来源、GP/RP和依赖以锁定目录对应行唯一为准。 ### 2. 审计目标 每条来源至少映射一个单元断言和正/边界/反例；治理条款可N/A-with-approval。本单元产生证据或门禁结果，不改变被审计的权威游戏状态、策略选择或真实分数。 ### 4. 明确不负责 不实现房规、算法、启发式、模型或训练逻辑；不把类名、接口、占位函数、测试名称或文件存在当作行为通过证据；不让审计truth回流策略。,,,DELETE_SEM_PARAMETER,原行仅引用参数范围并泛称接入，未证明任一具体参数未生效、错误生效或未绑定生产入口；不构成SEM业务差异
AUDIT-009,工程与行为回归指标,### 1. 单元ID与名称 AUDIT-009 — 工程与行为回归指标；类型：日志审计；规格状态：Approved；实现验收：Not Evaluated。来源、GP/RP和依赖以锁定目录对应行唯一为准。 ### 2. 审计目标 按预注册分母计算合法/复现/性能/风格/收益；工程硬门禁与行为软指标分开。本单元产生证据或门禁结果，不改变被审计的权威游戏状态、策略选择或真实分数。 ### 4. 明确不负责 不实现房规、算法、启发式、模型或训练逻辑；不把类名、接口、占位函数、测试名称或文件存在当作行为通过证据；不让审计truth回流策略。,,,DELETE_SEM_PARAMETER,原行仅引用参数范围并泛称接入，未证明任一具体参数未生效、错误生效或未绑定生产入口；不构成SEM业务差异
AUDIT-010,来源→参数→实现→测试全链追踪,### 1. 单元ID与名称 AUDIT-010 — 来源→参数→实现→测试全链追踪；类型：日志审计；规格状态：Approved；实现验收：Not Evaluated。来源、GP/RP和依赖以锁定目录对应行唯一为准。 ### 2. 审计目标 source→clause→parameter→unit→assertion→module/symbol→test→run evidence全链，每节点版本化。本单元产生证据或门禁结果，不改变被审计的权威游戏状态、策略选择或真实分数。 ### 4. 明确不负责 不实现房规、算法、启发式、模型或训练逻辑；不把类名、接口、占位函数、测试名称或文件存在当作行为通过证据；不让审计truth回流策略。,,,DELETE_SEM_PARAMETER,原行仅引用参数范围并泛称接入，未证明任一具体参数未生效、错误生效或未绑定生产入口；不构成SEM业务差异
AUDIT-011,版本、迁移与发布物完整性,### 1. 单元ID与名称 AUDIT-011 — 版本、迁移与发布物完整性；类型：日志审计；规格状态：Approved；实现验收：Not Evaluated。来源、GP/RP和依赖以锁定目录对应行唯一为准。 ### 2. 审计目标 依次版本一致→迁移→测试证据→模型兼容→artifact hash/signature→tag；任一失败拒绝。本单元产生证据或门禁结果，不改变被审计的权威游戏状态、策略选择或真实分数。 ### 4. 明确不负责 不实现房规、算法、启发式、模型或训练逻辑；不把类名、接口、占位函数、测试名称或文件存在当作行为通过证据；不让审计truth回流策略。,,,DELETE_SEM_PARAMETER,原行仅引用参数范围并泛称接入，未证明任一具体参数未生效、错误生效或未绑定生产入口；不构成SEM业务差异
AUDIT-013,模块依赖、接口与信息流架构契约,### 1. 单元ID与名称 AUDIT-013 — 模块依赖、接口与信息流架构契约；类型：日志审计；规格状态：Approved；实现验收：Not Evaluated。来源、GP/RP和依赖以锁定目录对应行唯一为准。 ### 2. 审计目标 静态依赖+运行canary检查engine权威、players可插拔、training复用engine、truth不回流policy。本单元产生证据或门禁结果，不改变被审计的权威游戏状态、策略选择或真实分数。 ### 4. 明确不负责 不实现房规、算法、启发式、模型或训练逻辑；不把类名、接口、占位函数、测试名称或文件存在当作行为通过证据；不让审计truth回流策略。,,,DELETE_SEM_PARAMETER,原行仅引用参数范围并泛称接入，未证明任一具体参数未生效、错误生效或未绑定生产入口；不构成SEM业务差异
AUDIT-014,证据数据保留、脱敏与新鲜度管理,### 1. 单元ID与名称 AUDIT-014 — 证据数据保留、脱敏与新鲜度管理；类型：日志审计；规格状态：Approved；实现验收：Not Evaluated。来源、GP/RP和依赖以锁定目录对应行唯一为准。 ### 2. 审计目标 分类→脱敏→内容hash→新鲜度等级current/report-only/stale→保留/删除日期与访问级别。本单元产生证据或门禁结果，不改变被审计的权威游戏状态、策略选择或真实分数。 ### 4. 明确不负责 不实现房规、算法、启发式、模型或训练逻辑；不把类名、接口、占位函数、测试名称或文件存在当作行为通过证据；不让审计truth回流策略。,,,DELETE_SEM_PARAMETER,原行仅引用参数范围并泛称接入，未证明任一具体参数未生效、错误生效或未绑定生产入口；不构成SEM业务差异
