parameter_id,parameter_name,scope,data_type_and_range,lifecycle_or_update,visibility,authoritative_source,source_section,source_sha256,consumer_unit_ids,boundary_test_ids,authority_note
GP-001,规则版本,match_global,"字符串与布尔值；`rule_version=""CDMJ-AI-RULES 1.0.0""`；`parameter_version=""CDMJ-AI-PARAMS 1.0.0""`；`locked=true`。不允许空值。",整场创建时加载、校验并冻结；仅新match/规则版本可变,配置/权威私有；仅经GP-021和PlayerView白名单公开,成都麻将AI人类化决策规则_v1.md,§17.2+§18.3,6cbb4d4465abfd947b6cf7f1783db99408089d4e1646849a3afe674114267992,ALGO-001|ALGO-003|ALGO-004|ALGO-005|ALGO-006|ALGO-008|ALGO-009|AUDIT-004|AUDIT-005|AUDIT-008|AUDIT-010|AUDIT-011|AUDIT-013|HEUR-003|HEUR-015|MODEL-001|MODEL-002|RULE-001|RULE-015|SCORE-002|SCORE-003|SCORE-004|SCORE-005|SCORE-006|STATE-001|STATE-004|STATE-007|STATE-008|STATE-010,T-ALGO-001-B01|T-ALGO-003-B01|T-ALGO-004-B01|T-ALGO-005-B01|T-ALGO-006-B01|T-ALGO-008-B01|T-ALGO-009-B01|T-AUDIT-004-B01|T-AUDIT-005-B01|T-AUDIT-008-B01|T-AUDIT-010-B01|T-AUDIT-011-B01|T-AUDIT-013-B01|T-HEUR-003-B01|T-HEUR-015-B01|T-MODEL-001-B01|T-MODEL-002-B01|T-RULE-001-B01|T-RULE-015-B01|T-SCORE-002-B01|T-SCORE-003-B01|T-SCORE-004-B01|T-SCORE-005-B01|T-SCORE-006-B01|T-STATE-001-B01|T-STATE-004-B01|T-STATE-007-B01|T-STATE-008-B01|T-STATE-010-B01,索引锁定来源；冲突时源文件及Approved单元规格优先，本表不得覆盖公式
GP-002,规则集标识,match_global,"枚举与字符串；`ruleset=""chengdu_xuezhan_daodi""`为必选；`platform_ruleset_id`长度1—128字符；可选扩展列表长度0—64。",整场创建时加载、校验并冻结；仅新match/规则版本可变,配置/权威私有；仅经GP-021和PlayerView白名单公开,成都麻将AI人类化决策规则_v1.md,§17.2+§18.3,6cbb4d4465abfd947b6cf7f1783db99408089d4e1646849a3afe674114267992,ALGO-001|ALGO-003|ALGO-004|ALGO-005|ALGO-006|ALGO-008|ALGO-009|AUDIT-004|AUDIT-005|AUDIT-008|AUDIT-010|AUDIT-011|AUDIT-013|HEUR-003|HEUR-015|MODEL-001|MODEL-002|RULE-001|RULE-002|RULE-003|RULE-004|RULE-005|RULE-006|RULE-007|RULE-008|RULE-009|RULE-010|RULE-011|RULE-012|RULE-013|RULE-014|RULE-015|SCORE-002|SCORE-003|SCORE-004|SCORE-005|SCORE-006|STATE-001|STATE-004|STATE-008|STATE-010,T-ALGO-001-B01|T-ALGO-003-B01|T-ALGO-004-B01|T-ALGO-005-B01|T-ALGO-006-B01|T-ALGO-008-B01|T-ALGO-009-B01|T-AUDIT-004-B01|T-AUDIT-005-B01|T-AUDIT-008-B01|T-AUDIT-010-B01|T-AUDIT-011-B01|T-AUDIT-013-B01|T-HEUR-003-B01|T-HEUR-015-B01|T-MODEL-001-B01|T-MODEL-002-B01|T-RULE-001-B01|T-RULE-002-B01|T-RULE-003-B01|T-RULE-004-B01|T-RULE-005-B01|T-RULE-006-B01|T-RULE-007-B01|T-RULE-008-B01|T-RULE-009-B01|T-RULE-010-B01|T-RULE-011-B01|T-RULE-012-B01|T-RULE-013-B01|T-RULE-014-B01|T-RULE-015-B01|T-SCORE-002-B01|T-SCORE-003-B01|T-SCORE-004-B01|T-SCORE-005-B01|T-SCORE-006-B01|T-STATE-001-B01|T-STATE-004-B01|T-STATE-008-B01|T-STATE-010-B01,索引锁定来源；冲突时源文件及Approved单元规格优先，本表不得覆盖公式
GP-003,整场游戏配置,match_global,"结构体；`total_rounds`整数1—10000；`starting_score`整数-1,000,000,000—1,000,000,000；排名方式为`total_score`、`rank_points`或`custom`；提前结束阈值可关闭，开启时与得分使用相同范围。",整场创建时加载、校验并冻结；仅新match/规则版本可变,配置/权威私有；仅经GP-021和PlayerView白名单公开,成都麻将AI人类化决策规则_v1.md,§17.2+§18.3,6cbb4d4465abfd947b6cf7f1783db99408089d4e1646849a3afe674114267992,ALGO-001|ALGO-003|ALGO-004|ALGO-005|ALGO-006|ALGO-008|ALGO-009|AUDIT-004|AUDIT-005|AUDIT-008|AUDIT-010|AUDIT-011|AUDIT-013|HEUR-003|HEUR-015|MODEL-001|MODEL-002|RULE-001|RULE-002|RULE-003|RULE-004|RULE-005|RULE-006|RULE-007|RULE-008|RULE-009|RULE-010|RULE-011|RULE-012|RULE-013|RULE-014|RULE-015|SCORE-002|SCORE-003|SCORE-004|SCORE-005|SCORE-006|STATE-001|STATE-004|STATE-008|STATE-010|TRAIN-001|TRAIN-007,T-ALGO-001-B01|T-ALGO-003-B01|T-ALGO-004-B01|T-ALGO-005-B01|T-ALGO-006-B01|T-ALGO-008-B01|T-ALGO-009-B01|T-AUDIT-004-B01|T-AUDIT-005-B01|T-AUDIT-008-B01|T-AUDIT-010-B01|T-AUDIT-011-B01|T-AUDIT-013-B01|T-HEUR-003-B01|T-HEUR-015-B01|T-MODEL-001-B01|T-MODEL-002-B01|T-RULE-001-B01|T-RULE-002-B01|T-RULE-003-B01|T-RULE-004-B01|T-RULE-005-B01|T-RULE-006-B01|T-RULE-007-B01|T-RULE-008-B01|T-RULE-009-B01|T-RULE-010-B01|T-RULE-011-B01|T-RULE-012-B01|T-RULE-013-B01|T-RULE-014-B01|T-RULE-015-B01|T-SCORE-002-B01|T-SCORE-003-B01|T-SCORE-004-B01|T-SCORE-005-B01|T-SCORE-006-B01|T-STATE-001-B01|T-STATE-004-B01|T-STATE-008-B01|T-STATE-010-B01|T-TRAIN-001-B01|T-TRAIN-007-B01,索引锁定来源；冲突时源文件及Approved单元规格优先，本表不得覆盖公式
GP-004,牌组配置,match_global,固定牌组结构；花色只能为`wan`、`tong`、`tiao`；点数1—9；每种牌4张；牌种27种；总牌数固定108。规则版本1.0.0不允许扩展牌。,整场创建时加载、校验并冻结；仅新match/规则版本可变,配置/权威私有；仅经GP-021和PlayerView白名单公开,成都麻将AI人类化决策规则_v1.md,§17.2+§18.3,6cbb4d4465abfd947b6cf7f1783db99408089d4e1646849a3afe674114267992,ALGO-001|ALGO-003|ALGO-004|ALGO-005|ALGO-006|ALGO-008|ALGO-009|AUDIT-001|AUDIT-002|AUDIT-003|AUDIT-004|AUDIT-005|AUDIT-008|AUDIT-010|AUDIT-011|AUDIT-013|HEUR-003|HEUR-015|MODEL-001|MODEL-002|RULE-001|RULE-002|RULE-003|RULE-004|RULE-005|RULE-006|RULE-007|RULE-008|RULE-009|RULE-010|RULE-011|RULE-012|RULE-013|RULE-014|RULE-015|SCORE-002|SCORE-003|SCORE-004|SCORE-005|SCORE-006|STATE-001|STATE-004|STATE-008|STATE-010,T-ALGO-001-B01|T-ALGO-003-B01|T-ALGO-004-B01|T-ALGO-005-B01|T-ALGO-006-B01|T-ALGO-008-B01|T-ALGO-009-B01|T-AUDIT-001-B01|T-AUDIT-002-B01|T-AUDIT-003-B01|T-AUDIT-004-B01|T-AUDIT-005-B01|T-AUDIT-008-B01|T-AUDIT-010-B01|T-AUDIT-011-B01|T-AUDIT-013-B01|T-HEUR-003-B01|T-HEUR-015-B01|T-MODEL-001-B01|T-MODEL-002-B01|T-RULE-001-B01|T-RULE-002-B01|T-RULE-003-B01|T-RULE-004-B01|T-RULE-005-B01|T-RULE-006-B01|T-RULE-007-B01|T-RULE-008-B01|T-RULE-009-B01|T-RULE-010-B01|T-RULE-011-B01|T-RULE-012-B01|T-RULE-013-B01|T-RULE-014-B01|T-RULE-015-B01|T-SCORE-002-B01|T-SCORE-003-B01|T-SCORE-004-B01|T-SCORE-005-B01|T-SCORE-006-B01|T-STATE-001-B01|T-STATE-004-B01|T-STATE-008-B01|T-STATE-010-B01,索引锁定来源；冲突时源文件及Approved单元规格优先，本表不得覆盖公式
GP-005,换三张配置,match_global,布尔、整数和枚举；`enabled`为布尔值；启用时`exchange_count=3`、`same_suit_required=true`；方向为`left`、`right`、`opposite`、`dice`或`random`；来源可见性由[GP-021](#gp-021)控制。,整场创建时加载、校验并冻结；仅新match/规则版本可变,配置/权威私有；仅经GP-021和PlayerView白名单公开,成都麻将AI人类化决策规则_v1.md,§17.2+§18.3,6cbb4d4465abfd947b6cf7f1783db99408089d4e1646849a3afe674114267992,ALGO-001|ALGO-003|ALGO-004|ALGO-005|ALGO-006|ALGO-008|ALGO-009|AUDIT-004|AUDIT-005|AUDIT-008|AUDIT-010|AUDIT-011|AUDIT-013|HEUR-003|HEUR-015|MODEL-001|MODEL-002|RULE-001|RULE-002|RULE-003|RULE-004|RULE-005|RULE-006|RULE-007|RULE-008|RULE-009|RULE-010|RULE-011|RULE-012|RULE-013|RULE-014|RULE-015|SCORE-002|SCORE-003|SCORE-004|SCORE-005|SCORE-006|STATE-001|STATE-004|STATE-008|STATE-010,T-ALGO-001-B01|T-ALGO-003-B01|T-ALGO-004-B01|T-ALGO-005-B01|T-ALGO-006-B01|T-ALGO-008-B01|T-ALGO-009-B01|T-AUDIT-004-B01|T-AUDIT-005-B01|T-AUDIT-008-B01|T-AUDIT-010-B01|T-AUDIT-011-B01|T-AUDIT-013-B01|T-HEUR-003-B01|T-HEUR-015-B01|T-MODEL-001-B01|T-MODEL-002-B01|T-RULE-001-B01|T-RULE-002-B01|T-RULE-003-B01|T-RULE-004-B01|T-RULE-005-B01|T-RULE-006-B01|T-RULE-007-B01|T-RULE-008-B01|T-RULE-009-B01|T-RULE-010-B01|T-RULE-011-B01|T-RULE-012-B01|T-RULE-013-B01|T-RULE-014-B01|T-RULE-015-B01|T-SCORE-002-B01|T-SCORE-003-B01|T-SCORE-004-B01|T-SCORE-005-B01|T-SCORE-006-B01|T-STATE-001-B01|T-STATE-004-B01|T-STATE-008-B01|T-STATE-010-B01,索引锁定来源；冲突时源文件及Approved单元规格优先，本表不得覆盖公式
GP-006,定缺配置,match_global,布尔和枚举；`enabled=true`；缺门只能为`wan`、`tong`、`tiao`；`force_discard_missing_suit`为布尔值；`allow_hu_before_cleared=false`；定缺提交时限服从[GP-022](#gp-022)。,整场创建时加载、校验并冻结；仅新match/规则版本可变,配置/权威私有；仅经GP-021和PlayerView白名单公开,成都麻将AI人类化决策规则_v1.md,§17.2+§18.3,6cbb4d4465abfd947b6cf7f1783db99408089d4e1646849a3afe674114267992,ALGO-001|ALGO-003|ALGO-004|ALGO-005|ALGO-006|ALGO-008|ALGO-009|AUDIT-004|AUDIT-005|AUDIT-008|AUDIT-010|AUDIT-011|AUDIT-013|HEUR-003|HEUR-015|MODEL-001|MODEL-002|RULE-001|RULE-002|RULE-003|RULE-004|RULE-005|RULE-006|RULE-007|RULE-008|RULE-009|RULE-010|RULE-011|RULE-012|RULE-013|RULE-014|RULE-015|SCORE-002|SCORE-003|SCORE-004|SCORE-005|SCORE-006|STATE-001|STATE-004|STATE-008|STATE-010,T-ALGO-001-B01|T-ALGO-003-B01|T-ALGO-004-B01|T-ALGO-005-B01|T-ALGO-006-B01|T-ALGO-008-B01|T-ALGO-009-B01|T-AUDIT-004-B01|T-AUDIT-005-B01|T-AUDIT-008-B01|T-AUDIT-010-B01|T-AUDIT-011-B01|T-AUDIT-013-B01|T-HEUR-003-B01|T-HEUR-015-B01|T-MODEL-001-B01|T-MODEL-002-B01|T-RULE-001-B01|T-RULE-002-B01|T-RULE-003-B01|T-RULE-004-B01|T-RULE-005-B01|T-RULE-006-B01|T-RULE-007-B01|T-RULE-008-B01|T-RULE-009-B01|T-RULE-010-B01|T-RULE-011-B01|T-RULE-012-B01|T-RULE-013-B01|T-RULE-014-B01|T-RULE-015-B01|T-SCORE-002-B01|T-SCORE-003-B01|T-SCORE-004-B01|T-SCORE-005-B01|T-SCORE-006-B01|T-STATE-001-B01|T-STATE-004-B01|T-STATE-008-B01|T-STATE-010-B01,索引锁定来源；冲突时源文件及Approved单元规格优先，本表不得覆盖公式
GP-007,基本动作配置,match_global,动作开关集合；`draw`、`discard`、`peng`、`ming_gang`、`an_gang`、`bu_gang`、`qiang_gang_hu`取`true/false`；`chi=false`为锁定值。,整场创建时加载、校验并冻结；仅新match/规则版本可变,配置/权威私有；仅经GP-021和PlayerView白名单公开,成都麻将AI人类化决策规则_v1.md,§17.2+§18.3,6cbb4d4465abfd947b6cf7f1783db99408089d4e1646849a3afe674114267992,ALGO-001|ALGO-003|ALGO-004|ALGO-005|ALGO-006|ALGO-008|ALGO-009|AUDIT-004|AUDIT-005|AUDIT-008|AUDIT-010|AUDIT-011|AUDIT-013|HEUR-003|HEUR-015|MODEL-001|MODEL-002|RULE-001|RULE-002|RULE-003|RULE-004|RULE-005|RULE-006|RULE-007|RULE-008|RULE-009|RULE-010|RULE-011|RULE-012|RULE-013|RULE-014|RULE-015|SCORE-002|SCORE-003|SCORE-004|SCORE-005|SCORE-006|STATE-001|STATE-004|STATE-008|STATE-010,T-ALGO-001-B01|T-ALGO-003-B01|T-ALGO-004-B01|T-ALGO-005-B01|T-ALGO-006-B01|T-ALGO-008-B01|T-ALGO-009-B01|T-AUDIT-004-B01|T-AUDIT-005-B01|T-AUDIT-008-B01|T-AUDIT-010-B01|T-AUDIT-011-B01|T-AUDIT-013-B01|T-HEUR-003-B01|T-HEUR-015-B01|T-MODEL-001-B01|T-MODEL-002-B01|T-RULE-001-B01|T-RULE-002-B01|T-RULE-003-B01|T-RULE-004-B01|T-RULE-005-B01|T-RULE-006-B01|T-RULE-007-B01|T-RULE-008-B01|T-RULE-009-B01|T-RULE-010-B01|T-RULE-011-B01|T-RULE-012-B01|T-RULE-013-B01|T-RULE-014-B01|T-RULE-015-B01|T-SCORE-002-B01|T-SCORE-003-B01|T-SCORE-004-B01|T-SCORE-005-B01|T-SCORE-006-B01|T-STATE-001-B01|T-STATE-004-B01|T-STATE-008-B01|T-STATE-010-B01,索引锁定来源；冲突时源文件及Approved单元规格优先，本表不得覆盖公式
GP-008,多人响应优先级,match_global,有序枚举；`hu`必须高于碰杠；`gang`与`peng`的先后由平台规则明确，允许`hu > gang > peng > pass`或`hu > peng/gang_by_seat > pass`；`multi_hu`取`true/false`；同级座位优先为`nearest_from_discarder`或平台确定性顺序。,整场创建时加载、校验并冻结；仅新match/规则版本可变,配置/权威私有；仅经GP-021和PlayerView白名单公开,成都麻将AI人类化决策规则_v1.md,§17.2+§18.3,6cbb4d4465abfd947b6cf7f1783db99408089d4e1646849a3afe674114267992,ALGO-001|ALGO-003|ALGO-004|ALGO-005|ALGO-006|ALGO-008|ALGO-009|AUDIT-004|AUDIT-005|AUDIT-008|AUDIT-010|AUDIT-011|AUDIT-013|HEUR-003|HEUR-012|HEUR-015|MODEL-001|MODEL-002|MODEL-004|RULE-001|RULE-002|RULE-003|RULE-004|RULE-005|RULE-006|RULE-007|RULE-008|RULE-009|RULE-010|RULE-011|RULE-012|RULE-013|RULE-014|RULE-015|SCORE-002|SCORE-003|SCORE-004|SCORE-005|SCORE-006|STATE-001|STATE-004|STATE-008|STATE-010|TRAIN-001|TRAIN-007|TRAIN-008|TRAIN-009,T-ALGO-001-B01|T-ALGO-003-B01|T-ALGO-004-B01|T-ALGO-005-B01|T-ALGO-006-B01|T-ALGO-008-B01|T-ALGO-009-B01|T-AUDIT-004-B01|T-AUDIT-005-B01|T-AUDIT-008-B01|T-AUDIT-010-B01|T-AUDIT-011-B01|T-AUDIT-013-B01|T-HEUR-003-B01|T-HEUR-012-B01|T-HEUR-015-B01|T-MODEL-001-B01|T-MODEL-002-B01|T-MODEL-004-B01|T-RULE-001-B01|T-RULE-002-B01|T-RULE-003-B01|T-RULE-004-B01|T-RULE-005-B01|T-RULE-006-B01|T-RULE-007-B01|T-RULE-008-B01|T-RULE-009-B01|T-RULE-010-B01|T-RULE-011-B01|T-RULE-012-B01|T-RULE-013-B01|T-RULE-014-B01|T-RULE-015-B01|T-SCORE-002-B01|T-SCORE-003-B01|T-SCORE-004-B01|T-SCORE-005-B01|T-SCORE-006-B01|T-STATE-001-B01|T-STATE-004-B01|T-STATE-008-B01|T-STATE-010-B01|T-TRAIN-001-B01|T-TRAIN-007-B01|T-TRAIN-008-B01|T-TRAIN-009-B01,索引锁定来源；冲突时源文件及Approved单元规格优先，本表不得覆盖公式
GP-009,胡牌权限配置,match_global,枚举和整数；过胡模式为`none`、`until_self_draw`、`until_value_increase`或`platform_custom`；点炮、自摸、抢杠胡可放弃开关为布尔值；强制胡牌剩余张阈值为整数0—4，0表示关闭。,整场创建时加载、校验并冻结；仅新match/规则版本可变,配置/权威私有；仅经GP-021和PlayerView白名单公开,成都麻将AI人类化决策规则_v1.md,§17.2+§18.3,6cbb4d4465abfd947b6cf7f1783db99408089d4e1646849a3afe674114267992,ALGO-001|ALGO-003|ALGO-004|ALGO-005|ALGO-006|ALGO-008|ALGO-009|AUDIT-004|AUDIT-005|AUDIT-008|AUDIT-010|AUDIT-011|AUDIT-013|HEUR-003|HEUR-015|MODEL-001|MODEL-002|MODEL-004|RULE-001|RULE-002|RULE-003|RULE-004|RULE-005|RULE-006|RULE-007|RULE-008|RULE-009|RULE-010|RULE-011|RULE-012|RULE-013|RULE-014|RULE-015|SCORE-002|SCORE-003|SCORE-004|SCORE-005|SCORE-006|STATE-001|STATE-004|STATE-008|STATE-010|TRAIN-001|TRAIN-007|TRAIN-008|TRAIN-009,T-ALGO-001-B01|T-ALGO-003-B01|T-ALGO-004-B01|T-ALGO-005-B01|T-ALGO-006-B01|T-ALGO-008-B01|T-ALGO-009-B01|T-AUDIT-004-B01|T-AUDIT-005-B01|T-AUDIT-008-B01|T-AUDIT-010-B01|T-AUDIT-011-B01|T-AUDIT-013-B01|T-HEUR-003-B01|T-HEUR-015-B01|T-MODEL-001-B01|T-MODEL-002-B01|T-MODEL-004-B01|T-RULE-001-B01|T-RULE-002-B01|T-RULE-003-B01|T-RULE-004-B01|T-RULE-005-B01|T-RULE-006-B01|T-RULE-007-B01|T-RULE-008-B01|T-RULE-009-B01|T-RULE-010-B01|T-RULE-011-B01|T-RULE-012-B01|T-RULE-013-B01|T-RULE-014-B01|T-RULE-015-B01|T-SCORE-002-B01|T-SCORE-003-B01|T-SCORE-004-B01|T-SCORE-005-B01|T-SCORE-006-B01|T-STATE-001-B01|T-STATE-004-B01|T-STATE-008-B01|T-STATE-010-B01|T-TRAIN-001-B01|T-TRAIN-007-B01|T-TRAIN-008-B01|T-TRAIN-009-B01,索引锁定来源；冲突时源文件及Approved单元规格优先，本表不得覆盖公式
GP-010,牌墙与终止配置,match_global,整数和枚举；总牌数固定108；四家发牌共53张后，标准剩余牌墙为55张；终止胡牌家数固定3；保留尾牌数0—16；杠后补牌来源为`wall_tail`或平台指定位置。,整场创建时加载、校验并冻结；仅新match/规则版本可变,配置/权威私有；仅经GP-021和PlayerView白名单公开,成都麻将AI人类化决策规则_v1.md,§17.2+§18.3,6cbb4d4465abfd947b6cf7f1783db99408089d4e1646849a3afe674114267992,ALGO-001|ALGO-003|ALGO-004|ALGO-005|ALGO-006|ALGO-008|ALGO-009|AUDIT-004|AUDIT-005|AUDIT-008|AUDIT-010|AUDIT-011|AUDIT-013|HEUR-003|HEUR-015|MODEL-001|MODEL-002|MODEL-004|RULE-001|RULE-002|RULE-003|RULE-004|RULE-005|RULE-006|RULE-007|RULE-008|RULE-009|RULE-010|RULE-011|RULE-012|RULE-013|RULE-014|RULE-015|SCORE-002|SCORE-003|SCORE-004|SCORE-005|SCORE-006|STATE-001|STATE-004|STATE-008|STATE-010|TRAIN-001|TRAIN-007|TRAIN-008|TRAIN-009,T-ALGO-001-B01|T-ALGO-003-B01|T-ALGO-004-B01|T-ALGO-005-B01|T-ALGO-006-B01|T-ALGO-008-B01|T-ALGO-009-B01|T-AUDIT-004-B01|T-AUDIT-005-B01|T-AUDIT-008-B01|T-AUDIT-010-B01|T-AUDIT-011-B01|T-AUDIT-013-B01|T-HEUR-003-B01|T-HEUR-015-B01|T-MODEL-001-B01|T-MODEL-002-B01|T-MODEL-004-B01|T-RULE-001-B01|T-RULE-002-B01|T-RULE-003-B01|T-RULE-004-B01|T-RULE-005-B01|T-RULE-006-B01|T-RULE-007-B01|T-RULE-008-B01|T-RULE-009-B01|T-RULE-010-B01|T-RULE-011-B01|T-RULE-012-B01|T-RULE-013-B01|T-RULE-014-B01|T-RULE-015-B01|T-SCORE-002-B01|T-SCORE-003-B01|T-SCORE-004-B01|T-SCORE-005-B01|T-SCORE-006-B01|T-STATE-001-B01|T-STATE-004-B01|T-STATE-008-B01|T-STATE-010-B01|T-TRAIN-001-B01|T-TRAIN-007-B01|T-TRAIN-008-B01|T-TRAIN-009-B01,索引锁定来源；冲突时源文件及Approved单元规格优先，本表不得覆盖公式
GP-011,番型目录,match_global,番型数组；番型数量1—128；每个番型ID长度1—64字符且唯一；启用状态为布尔值；成立条件必须能由公开规则和手牌状态确定。,整场创建时加载、校验并冻结；仅新match/规则版本可变,配置/权威私有；仅经GP-021和PlayerView白名单公开,成都麻将AI人类化决策规则_v1.md,§17.2+§18.3,6cbb4d4465abfd947b6cf7f1783db99408089d4e1646849a3afe674114267992,ALGO-001|ALGO-003|ALGO-004|ALGO-005|ALGO-006|ALGO-008|ALGO-009|AUDIT-004|AUDIT-005|AUDIT-008|AUDIT-010|AUDIT-011|AUDIT-013|HEUR-003|HEUR-011|HEUR-015|HEUR-020|MODEL-001|MODEL-002|RULE-001|RULE-002|RULE-003|RULE-004|RULE-005|RULE-006|RULE-007|RULE-008|RULE-009|RULE-010|RULE-011|RULE-012|RULE-013|RULE-014|RULE-015|SCORE-001|SCORE-002|SCORE-003|SCORE-004|SCORE-005|SCORE-006|STATE-001|STATE-003|STATE-004|STATE-008|STATE-010|TRAIN-002,T-ALGO-001-B01|T-ALGO-003-B01|T-ALGO-004-B01|T-ALGO-005-B01|T-ALGO-006-B01|T-ALGO-008-B01|T-ALGO-009-B01|T-AUDIT-004-B01|T-AUDIT-005-B01|T-AUDIT-008-B01|T-AUDIT-010-B01|T-AUDIT-011-B01|T-AUDIT-013-B01|T-HEUR-003-B01|T-HEUR-011-B01|T-HEUR-015-B01|T-HEUR-020-B01|T-MODEL-001-B01|T-MODEL-002-B01|T-RULE-001-B01|T-RULE-002-B01|T-RULE-003-B01|T-RULE-004-B01|T-RULE-005-B01|T-RULE-006-B01|T-RULE-007-B01|T-RULE-008-B01|T-RULE-009-B01|T-RULE-010-B01|T-RULE-011-B01|T-RULE-012-B01|T-RULE-013-B01|T-RULE-014-B01|T-RULE-015-B01|T-SCORE-001-B01|T-SCORE-002-B01|T-SCORE-003-B01|T-SCORE-004-B01|T-SCORE-005-B01|T-SCORE-006-B01|T-STATE-001-B01|T-STATE-003-B01|T-STATE-004-B01|T-STATE-008-B01|T-STATE-010-B01|T-TRAIN-002-B01,索引锁定来源；冲突时源文件及Approved单元规格优先，本表不得覆盖公式
GP-012,番型关系,match_global,关系矩阵；任意番型对关系取`compatible`、`exclusive`、`contains`或`independent`；矩阵规模与[GP-011](#gp-011)一致；关系不得循环矛盾。,整场创建时加载、校验并冻结；仅新match/规则版本可变,配置/权威私有；仅经GP-021和PlayerView白名单公开,成都麻将AI人类化决策规则_v1.md,§17.2+§18.3,6cbb4d4465abfd947b6cf7f1783db99408089d4e1646849a3afe674114267992,ALGO-001|ALGO-003|ALGO-004|ALGO-005|ALGO-006|ALGO-008|ALGO-009|AUDIT-004|AUDIT-005|AUDIT-008|AUDIT-010|AUDIT-011|AUDIT-013|HEUR-003|HEUR-011|HEUR-015|HEUR-020|MODEL-001|MODEL-002|RULE-001|RULE-002|RULE-003|RULE-004|RULE-005|RULE-006|RULE-007|RULE-008|RULE-009|RULE-010|RULE-011|RULE-012|RULE-013|RULE-014|RULE-015|SCORE-001|SCORE-002|SCORE-003|SCORE-004|SCORE-005|SCORE-006|STATE-001|STATE-003|STATE-004|STATE-008|STATE-010|TRAIN-002,T-ALGO-001-B01|T-ALGO-003-B01|T-ALGO-004-B01|T-ALGO-005-B01|T-ALGO-006-B01|T-ALGO-008-B01|T-ALGO-009-B01|T-AUDIT-004-B01|T-AUDIT-005-B01|T-AUDIT-008-B01|T-AUDIT-010-B01|T-AUDIT-011-B01|T-AUDIT-013-B01|T-HEUR-003-B01|T-HEUR-011-B01|T-HEUR-015-B01|T-HEUR-020-B01|T-MODEL-001-B01|T-MODEL-002-B01|T-RULE-001-B01|T-RULE-002-B01|T-RULE-003-B01|T-RULE-004-B01|T-RULE-005-B01|T-RULE-006-B01|T-RULE-007-B01|T-RULE-008-B01|T-RULE-009-B01|T-RULE-010-B01|T-RULE-011-B01|T-RULE-012-B01|T-RULE-013-B01|T-RULE-014-B01|T-RULE-015-B01|T-SCORE-001-B01|T-SCORE-002-B01|T-SCORE-003-B01|T-SCORE-004-B01|T-SCORE-005-B01|T-SCORE-006-B01|T-STATE-001-B01|T-STATE-003-B01|T-STATE-004-B01|T-STATE-008-B01|T-STATE-010-B01|T-TRAIN-002-B01,索引锁定来源；冲突时源文件及Approved单元规格优先，本表不得覆盖公式
GP-013,番数和封顶配置,match_global,"整数结构体；单番值0—64；基础分1—1,000,000；封顶番0—64，0表示不按番封顶；单次结算绝对值不得超过1,000,000,000；封顶外杠分开关为布尔值。",整场创建时加载、校验并冻结；仅新match/规则版本可变,配置/权威私有；仅经GP-021和PlayerView白名单公开,成都麻将AI人类化决策规则_v1.md,§17.2+§18.3,6cbb4d4465abfd947b6cf7f1783db99408089d4e1646849a3afe674114267992,ALGO-001|ALGO-003|ALGO-004|ALGO-005|ALGO-006|ALGO-008|ALGO-009|AUDIT-004|AUDIT-005|AUDIT-008|AUDIT-010|AUDIT-011|AUDIT-013|HEUR-003|HEUR-011|HEUR-015|HEUR-020|MODEL-001|MODEL-002|RULE-001|RULE-002|RULE-003|RULE-004|RULE-005|RULE-006|RULE-007|RULE-008|RULE-009|RULE-010|RULE-011|RULE-012|RULE-013|RULE-014|RULE-015|SCORE-001|SCORE-002|SCORE-003|SCORE-004|SCORE-005|SCORE-006|STATE-001|STATE-003|STATE-004|STATE-008|STATE-010|TRAIN-002,T-ALGO-001-B01|T-ALGO-003-B01|T-ALGO-004-B01|T-ALGO-005-B01|T-ALGO-006-B01|T-ALGO-008-B01|T-ALGO-009-B01|T-AUDIT-004-B01|T-AUDIT-005-B01|T-AUDIT-008-B01|T-AUDIT-010-B01|T-AUDIT-011-B01|T-AUDIT-013-B01|T-HEUR-003-B01|T-HEUR-011-B01|T-HEUR-015-B01|T-HEUR-020-B01|T-MODEL-001-B01|T-MODEL-002-B01|T-RULE-001-B01|T-RULE-002-B01|T-RULE-003-B01|T-RULE-004-B01|T-RULE-005-B01|T-RULE-006-B01|T-RULE-007-B01|T-RULE-008-B01|T-RULE-009-B01|T-RULE-010-B01|T-RULE-011-B01|T-RULE-012-B01|T-RULE-013-B01|T-RULE-014-B01|T-RULE-015-B01|T-SCORE-001-B01|T-SCORE-002-B01|T-SCORE-003-B01|T-SCORE-004-B01|T-SCORE-005-B01|T-SCORE-006-B01|T-STATE-001-B01|T-STATE-003-B01|T-STATE-004-B01|T-STATE-008-B01|T-STATE-010-B01|T-TRAIN-002-B01,索引锁定来源；冲突时源文件及Approved单元规格优先，本表不得覆盖公式
GP-014,自摸结算配置,match_global,"枚举和整数；自摸模式为`add_base`、`add_fan`、`fixed_bonus`或`none`；附加番0—16；固定奖励0—1,000,000；支付范围为`all_active_opponents`或平台指定集合。",整场创建时加载、校验并冻结；仅新match/规则版本可变,配置/权威私有；仅经GP-021和PlayerView白名单公开,成都麻将AI人类化决策规则_v1.md,§17.2+§18.3,6cbb4d4465abfd947b6cf7f1783db99408089d4e1646849a3afe674114267992,ALGO-001|ALGO-003|ALGO-004|ALGO-005|ALGO-006|ALGO-008|ALGO-009|AUDIT-004|AUDIT-005|AUDIT-008|AUDIT-010|AUDIT-011|AUDIT-013|HEUR-003|HEUR-011|HEUR-013|HEUR-015|HEUR-020|MODEL-001|MODEL-002|RULE-001|RULE-002|RULE-003|RULE-004|RULE-005|RULE-006|RULE-007|RULE-008|RULE-009|RULE-010|RULE-011|RULE-012|RULE-013|RULE-014|RULE-015|SCORE-001|SCORE-002|SCORE-003|SCORE-004|SCORE-005|SCORE-006|STATE-001|STATE-003|STATE-004|STATE-008|STATE-010|TRAIN-002,T-ALGO-001-B01|T-ALGO-003-B01|T-ALGO-004-B01|T-ALGO-005-B01|T-ALGO-006-B01|T-ALGO-008-B01|T-ALGO-009-B01|T-AUDIT-004-B01|T-AUDIT-005-B01|T-AUDIT-008-B01|T-AUDIT-010-B01|T-AUDIT-011-B01|T-AUDIT-013-B01|T-HEUR-003-B01|T-HEUR-011-B01|T-HEUR-013-B01|T-HEUR-015-B01|T-HEUR-020-B01|T-MODEL-001-B01|T-MODEL-002-B01|T-RULE-001-B01|T-RULE-002-B01|T-RULE-003-B01|T-RULE-004-B01|T-RULE-005-B01|T-RULE-006-B01|T-RULE-007-B01|T-RULE-008-B01|T-RULE-009-B01|T-RULE-010-B01|T-RULE-011-B01|T-RULE-012-B01|T-RULE-013-B01|T-RULE-014-B01|T-RULE-015-B01|T-SCORE-001-B01|T-SCORE-002-B01|T-SCORE-003-B01|T-SCORE-004-B01|T-SCORE-005-B01|T-SCORE-006-B01|T-STATE-001-B01|T-STATE-003-B01|T-STATE-004-B01|T-STATE-008-B01|T-STATE-010-B01|T-TRAIN-002-B01,索引锁定来源；冲突时源文件及Approved单元规格优先，本表不得覆盖公式
GP-015,杠分配置,match_global,"整数和枚举；明杠、暗杠、补杠单位分各为0—1,000,000；支付方式为`discarder_only`、`all_active_opponents`或`custom`；结算时点为`immediate`或`round_end`。",整场创建时加载、校验并冻结；仅新match/规则版本可变,配置/权威私有；仅经GP-021和PlayerView白名单公开,成都麻将AI人类化决策规则_v1.md,§17.2+§18.3,6cbb4d4465abfd947b6cf7f1783db99408089d4e1646849a3afe674114267992,ALGO-001|ALGO-003|ALGO-004|ALGO-005|ALGO-006|ALGO-008|ALGO-009|AUDIT-004|AUDIT-005|AUDIT-008|AUDIT-010|AUDIT-011|AUDIT-013|HEUR-003|HEUR-011|HEUR-013|HEUR-015|HEUR-020|MODEL-001|MODEL-002|RULE-001|RULE-002|RULE-003|RULE-004|RULE-005|RULE-006|RULE-007|RULE-008|RULE-009|RULE-010|RULE-011|RULE-012|RULE-013|RULE-014|RULE-015|SCORE-001|SCORE-002|SCORE-003|SCORE-004|SCORE-005|SCORE-006|STATE-001|STATE-003|STATE-004|STATE-008|STATE-010|TRAIN-002,T-ALGO-001-B01|T-ALGO-003-B01|T-ALGO-004-B01|T-ALGO-005-B01|T-ALGO-006-B01|T-ALGO-008-B01|T-ALGO-009-B01|T-AUDIT-004-B01|T-AUDIT-005-B01|T-AUDIT-008-B01|T-AUDIT-010-B01|T-AUDIT-011-B01|T-AUDIT-013-B01|T-HEUR-003-B01|T-HEUR-011-B01|T-HEUR-013-B01|T-HEUR-015-B01|T-HEUR-020-B01|T-MODEL-001-B01|T-MODEL-002-B01|T-RULE-001-B01|T-RULE-002-B01|T-RULE-003-B01|T-RULE-004-B01|T-RULE-005-B01|T-RULE-006-B01|T-RULE-007-B01|T-RULE-008-B01|T-RULE-009-B01|T-RULE-010-B01|T-RULE-011-B01|T-RULE-012-B01|T-RULE-013-B01|T-RULE-014-B01|T-RULE-015-B01|T-SCORE-001-B01|T-SCORE-002-B01|T-SCORE-003-B01|T-SCORE-004-B01|T-SCORE-005-B01|T-SCORE-006-B01|T-STATE-001-B01|T-STATE-003-B01|T-STATE-004-B01|T-STATE-008-B01|T-STATE-010-B01|T-TRAIN-002-B01,索引锁定来源；冲突时源文件及Approved单元规格优先，本表不得覆盖公式
GP-016,呼叫转移配置,match_global,布尔和枚举；`enabled`为布尔值；转移范围为`latest_gang_only`、`all_related_gang_score`或`custom`；一炮多响方式为`copy_to_each_winner`、`split`或`custom`。,整场创建时加载、校验并冻结；仅新match/规则版本可变,配置/权威私有；仅经GP-021和PlayerView白名单公开,成都麻将AI人类化决策规则_v1.md,§17.2+§18.3,6cbb4d4465abfd947b6cf7f1783db99408089d4e1646849a3afe674114267992,ALGO-001|ALGO-003|ALGO-004|ALGO-005|ALGO-006|ALGO-008|ALGO-009|AUDIT-004|AUDIT-005|AUDIT-008|AUDIT-010|AUDIT-011|AUDIT-013|HEUR-003|HEUR-011|HEUR-013|HEUR-015|HEUR-020|MODEL-001|MODEL-002|RULE-001|RULE-002|RULE-003|RULE-004|RULE-005|RULE-006|RULE-007|RULE-008|RULE-009|RULE-010|RULE-011|RULE-012|RULE-013|RULE-014|RULE-015|SCORE-001|SCORE-002|SCORE-003|SCORE-004|SCORE-005|SCORE-006|STATE-001|STATE-003|STATE-004|STATE-008|STATE-010|TRAIN-002,T-ALGO-001-B01|T-ALGO-003-B01|T-ALGO-004-B01|T-ALGO-005-B01|T-ALGO-006-B01|T-ALGO-008-B01|T-ALGO-009-B01|T-AUDIT-004-B01|T-AUDIT-005-B01|T-AUDIT-008-B01|T-AUDIT-010-B01|T-AUDIT-011-B01|T-AUDIT-013-B01|T-HEUR-003-B01|T-HEUR-011-B01|T-HEUR-013-B01|T-HEUR-015-B01|T-HEUR-020-B01|T-MODEL-001-B01|T-MODEL-002-B01|T-RULE-001-B01|T-RULE-002-B01|T-RULE-003-B01|T-RULE-004-B01|T-RULE-005-B01|T-RULE-006-B01|T-RULE-007-B01|T-RULE-008-B01|T-RULE-009-B01|T-RULE-010-B01|T-RULE-011-B01|T-RULE-012-B01|T-RULE-013-B01|T-RULE-014-B01|T-RULE-015-B01|T-SCORE-001-B01|T-SCORE-002-B01|T-SCORE-003-B01|T-SCORE-004-B01|T-SCORE-005-B01|T-SCORE-006-B01|T-STATE-001-B01|T-STATE-003-B01|T-STATE-004-B01|T-STATE-008-B01|T-STATE-010-B01|T-TRAIN-002-B01,索引锁定来源；冲突时源文件及Approved单元规格优先，本表不得覆盖公式
GP-017,查花猪配置,match_global,"布尔和整数；`enabled`为布尔值；花猪赔付番0—64或固定分0—1,000,000；支付对象为`all_non_hu_non_huazhu`、`all_eligible`或`custom`。",整场创建时加载、校验并冻结；仅新match/规则版本可变,配置/权威私有；仅经GP-021和PlayerView白名单公开,成都麻将AI人类化决策规则_v1.md,§17.2+§18.3,6cbb4d4465abfd947b6cf7f1783db99408089d4e1646849a3afe674114267992,ALGO-001|ALGO-003|ALGO-004|ALGO-005|ALGO-006|ALGO-008|ALGO-009|AUDIT-004|AUDIT-005|AUDIT-008|AUDIT-010|AUDIT-011|AUDIT-013|HEUR-003|HEUR-011|HEUR-013|HEUR-015|HEUR-020|MODEL-001|MODEL-002|RULE-001|RULE-002|RULE-003|RULE-004|RULE-005|RULE-006|RULE-007|RULE-008|RULE-009|RULE-010|RULE-011|RULE-012|RULE-013|RULE-014|RULE-015|SCORE-001|SCORE-002|SCORE-003|SCORE-004|SCORE-005|SCORE-006|STATE-001|STATE-003|STATE-004|STATE-008|STATE-010|TRAIN-002,T-ALGO-001-B01|T-ALGO-003-B01|T-ALGO-004-B01|T-ALGO-005-B01|T-ALGO-006-B01|T-ALGO-008-B01|T-ALGO-009-B01|T-AUDIT-004-B01|T-AUDIT-005-B01|T-AUDIT-008-B01|T-AUDIT-010-B01|T-AUDIT-011-B01|T-AUDIT-013-B01|T-HEUR-003-B01|T-HEUR-011-B01|T-HEUR-013-B01|T-HEUR-015-B01|T-HEUR-020-B01|T-MODEL-001-B01|T-MODEL-002-B01|T-RULE-001-B01|T-RULE-002-B01|T-RULE-003-B01|T-RULE-004-B01|T-RULE-005-B01|T-RULE-006-B01|T-RULE-007-B01|T-RULE-008-B01|T-RULE-009-B01|T-RULE-010-B01|T-RULE-011-B01|T-RULE-012-B01|T-RULE-013-B01|T-RULE-014-B01|T-RULE-015-B01|T-SCORE-001-B01|T-SCORE-002-B01|T-SCORE-003-B01|T-SCORE-004-B01|T-SCORE-005-B01|T-SCORE-006-B01|T-STATE-001-B01|T-STATE-003-B01|T-STATE-004-B01|T-STATE-008-B01|T-STATE-010-B01|T-TRAIN-002-B01,索引锁定来源；冲突时源文件及Approved单元规格优先，本表不得覆盖公式
GP-018,查大叫配置,match_global,布尔和枚举；`enabled`为布尔值；死叫处理为`valid`或`invalid`；估值方式为`actual_live_wait`、`maximum_possible_fan`或`custom`；赔付上限服从[GP-013](#gp-013)。,整场创建时加载、校验并冻结；仅新match/规则版本可变,配置/权威私有；仅经GP-021和PlayerView白名单公开,成都麻将AI人类化决策规则_v1.md,§17.2+§18.3,6cbb4d4465abfd947b6cf7f1783db99408089d4e1646849a3afe674114267992,ALGO-001|ALGO-003|ALGO-004|ALGO-005|ALGO-006|ALGO-008|ALGO-009|AUDIT-004|AUDIT-005|AUDIT-008|AUDIT-010|AUDIT-011|AUDIT-013|HEUR-003|HEUR-011|HEUR-013|HEUR-015|HEUR-020|MODEL-001|MODEL-002|RULE-001|RULE-002|RULE-003|RULE-004|RULE-005|RULE-006|RULE-007|RULE-008|RULE-009|RULE-010|RULE-011|RULE-012|RULE-013|RULE-014|RULE-015|SCORE-001|SCORE-002|SCORE-003|SCORE-004|SCORE-005|SCORE-006|STATE-001|STATE-003|STATE-004|STATE-008|STATE-010|TRAIN-002,T-ALGO-001-B01|T-ALGO-003-B01|T-ALGO-004-B01|T-ALGO-005-B01|T-ALGO-006-B01|T-ALGO-008-B01|T-ALGO-009-B01|T-AUDIT-004-B01|T-AUDIT-005-B01|T-AUDIT-008-B01|T-AUDIT-010-B01|T-AUDIT-011-B01|T-AUDIT-013-B01|T-HEUR-003-B01|T-HEUR-011-B01|T-HEUR-013-B01|T-HEUR-015-B01|T-HEUR-020-B01|T-MODEL-001-B01|T-MODEL-002-B01|T-RULE-001-B01|T-RULE-002-B01|T-RULE-003-B01|T-RULE-004-B01|T-RULE-005-B01|T-RULE-006-B01|T-RULE-007-B01|T-RULE-008-B01|T-RULE-009-B01|T-RULE-010-B01|T-RULE-011-B01|T-RULE-012-B01|T-RULE-013-B01|T-RULE-014-B01|T-RULE-015-B01|T-SCORE-001-B01|T-SCORE-002-B01|T-SCORE-003-B01|T-SCORE-004-B01|T-SCORE-005-B01|T-SCORE-006-B01|T-STATE-001-B01|T-STATE-003-B01|T-STATE-004-B01|T-STATE-008-B01|T-STATE-010-B01|T-TRAIN-002-B01,索引锁定来源；冲突时源文件及Approved单元规格优先，本表不得覆盖公式
GP-019,退税配置,match_global,布尔和枚举；`enabled`为布尔值；退回范围为`all_gang_income`、`untransferred_gang_income`、`selected_events`或`custom`；退回额不能超过对应已入账额。,整场创建时加载、校验并冻结；仅新match/规则版本可变,配置/权威私有；仅经GP-021和PlayerView白名单公开,成都麻将AI人类化决策规则_v1.md,§17.2+§18.3,6cbb4d4465abfd947b6cf7f1783db99408089d4e1646849a3afe674114267992,ALGO-001|ALGO-003|ALGO-004|ALGO-005|ALGO-006|ALGO-008|ALGO-009|AUDIT-004|AUDIT-005|AUDIT-008|AUDIT-010|AUDIT-011|AUDIT-013|HEUR-003|HEUR-011|HEUR-013|HEUR-015|HEUR-020|MODEL-001|MODEL-002|RULE-001|RULE-002|RULE-003|RULE-004|RULE-005|RULE-006|RULE-007|RULE-008|RULE-009|RULE-010|RULE-011|RULE-012|RULE-013|RULE-014|RULE-015|SCORE-001|SCORE-002|SCORE-003|SCORE-004|SCORE-005|SCORE-006|STATE-001|STATE-003|STATE-004|STATE-008|STATE-010|TRAIN-002,T-ALGO-001-B01|T-ALGO-003-B01|T-ALGO-004-B01|T-ALGO-005-B01|T-ALGO-006-B01|T-ALGO-008-B01|T-ALGO-009-B01|T-AUDIT-004-B01|T-AUDIT-005-B01|T-AUDIT-008-B01|T-AUDIT-010-B01|T-AUDIT-011-B01|T-AUDIT-013-B01|T-HEUR-003-B01|T-HEUR-011-B01|T-HEUR-013-B01|T-HEUR-015-B01|T-HEUR-020-B01|T-MODEL-001-B01|T-MODEL-002-B01|T-RULE-001-B01|T-RULE-002-B01|T-RULE-003-B01|T-RULE-004-B01|T-RULE-005-B01|T-RULE-006-B01|T-RULE-007-B01|T-RULE-008-B01|T-RULE-009-B01|T-RULE-010-B01|T-RULE-011-B01|T-RULE-012-B01|T-RULE-013-B01|T-RULE-014-B01|T-RULE-015-B01|T-SCORE-001-B01|T-SCORE-002-B01|T-SCORE-003-B01|T-SCORE-004-B01|T-SCORE-005-B01|T-SCORE-006-B01|T-STATE-001-B01|T-STATE-003-B01|T-STATE-004-B01|T-STATE-008-B01|T-STATE-010-B01|T-TRAIN-002-B01,索引锁定来源；冲突时源文件及Approved单元规格优先，本表不得覆盖公式
GP-020,庄家配置,match_global,"枚举和整数；定庄方式为`dice`、`rotate`、`winner`或`custom`；庄家加番0—16；庄家固定加分0—1,000,000；连庄次数0—10000，0表示不连庄。",整场创建时加载、校验并冻结；仅新match/规则版本可变,配置/权威私有；仅经GP-021和PlayerView白名单公开,成都麻将AI人类化决策规则_v1.md,§17.2+§18.3,6cbb4d4465abfd947b6cf7f1783db99408089d4e1646849a3afe674114267992,ALGO-001|ALGO-003|ALGO-004|ALGO-005|ALGO-006|ALGO-008|ALGO-009|AUDIT-004|AUDIT-005|AUDIT-008|AUDIT-010|AUDIT-011|AUDIT-013|HEUR-003|HEUR-011|HEUR-013|HEUR-015|HEUR-020|MODEL-001|MODEL-002|RULE-001|RULE-002|RULE-003|RULE-004|RULE-005|RULE-006|RULE-007|RULE-008|RULE-009|RULE-010|RULE-011|RULE-012|RULE-013|RULE-014|RULE-015|SCORE-001|SCORE-002|SCORE-003|SCORE-004|SCORE-005|SCORE-006|STATE-001|STATE-003|STATE-004|STATE-008|STATE-010|TRAIN-002,T-ALGO-001-B01|T-ALGO-003-B01|T-ALGO-004-B01|T-ALGO-005-B01|T-ALGO-006-B01|T-ALGO-008-B01|T-ALGO-009-B01|T-AUDIT-004-B01|T-AUDIT-005-B01|T-AUDIT-008-B01|T-AUDIT-010-B01|T-AUDIT-011-B01|T-AUDIT-013-B01|T-HEUR-003-B01|T-HEUR-011-B01|T-HEUR-013-B01|T-HEUR-015-B01|T-HEUR-020-B01|T-MODEL-001-B01|T-MODEL-002-B01|T-RULE-001-B01|T-RULE-002-B01|T-RULE-003-B01|T-RULE-004-B01|T-RULE-005-B01|T-RULE-006-B01|T-RULE-007-B01|T-RULE-008-B01|T-RULE-009-B01|T-RULE-010-B01|T-RULE-011-B01|T-RULE-012-B01|T-RULE-013-B01|T-RULE-014-B01|T-RULE-015-B01|T-SCORE-001-B01|T-SCORE-002-B01|T-SCORE-003-B01|T-SCORE-004-B01|T-SCORE-005-B01|T-SCORE-006-B01|T-STATE-001-B01|T-STATE-003-B01|T-STATE-004-B01|T-STATE-008-B01|T-STATE-010-B01|T-TRAIN-002-B01,索引锁定来源；冲突时源文件及Approved单元规格优先，本表不得覆盖公式
GP-021,信息可见性配置,match_global,可见性开关集合；每个信息项取`hidden`、`public_exact`或`public_partial`；AI可见级别不得高于人类界面；部分可见项必须定义公开粒度。,整场创建时加载、校验并冻结；仅新match/规则版本可变,配置/权威私有；仅经GP-021和PlayerView白名单公开,成都麻将AI人类化决策规则_v1.md,§17.2+§18.3,6cbb4d4465abfd947b6cf7f1783db99408089d4e1646849a3afe674114267992,ALGO-001|ALGO-003|ALGO-004|ALGO-005|ALGO-006|ALGO-007|ALGO-008|ALGO-009|ALGO-010|AUDIT-001|AUDIT-002|AUDIT-004|AUDIT-005|AUDIT-008|AUDIT-010|AUDIT-011|AUDIT-013|HEUR-003|HEUR-015|HEUR-019|HEUR-020|MODEL-001|MODEL-002|RULE-001|RULE-015|RULE-016|SCORE-002|SCORE-003|SCORE-004|SCORE-005|SCORE-006|STATE-001|STATE-004|STATE-005|STATE-008|STATE-010,T-ALGO-001-B01|T-ALGO-003-B01|T-ALGO-004-B01|T-ALGO-005-B01|T-ALGO-006-B01|T-ALGO-007-B01|T-ALGO-008-B01|T-ALGO-009-B01|T-ALGO-010-B01|T-AUDIT-001-B01|T-AUDIT-002-B01|T-AUDIT-004-B01|T-AUDIT-005-B01|T-AUDIT-008-B01|T-AUDIT-010-B01|T-AUDIT-011-B01|T-AUDIT-013-B01|T-HEUR-003-B01|T-HEUR-015-B01|T-HEUR-019-B01|T-HEUR-020-B01|T-MODEL-001-B01|T-MODEL-002-B01|T-RULE-001-B01|T-RULE-015-B01|T-RULE-016-B01|T-SCORE-002-B01|T-SCORE-003-B01|T-SCORE-004-B01|T-SCORE-005-B01|T-SCORE-006-B01|T-STATE-001-B01|T-STATE-004-B01|T-STATE-005-B01|T-STATE-008-B01|T-STATE-010-B01,索引锁定来源；冲突时源文件及Approved单元规格优先，本表不得覆盖公式
GP-022,时间控制配置,match_global,时间结构体；出牌时限250—600000毫秒；响应时限250—600000毫秒；表现延迟0—时限的80%；超时动作为`auto_pass`、`auto_hu`、`safe_discard`或平台合法默认值。,整场创建时加载、校验并冻结；仅新match/规则版本可变,配置/权威私有；仅经GP-021和PlayerView白名单公开,成都麻将AI人类化决策规则_v1.md,§17.2+§18.3,6cbb4d4465abfd947b6cf7f1783db99408089d4e1646849a3afe674114267992,ALGO-001|ALGO-003|ALGO-004|ALGO-005|ALGO-006|ALGO-008|ALGO-009|AUDIT-004|AUDIT-005|AUDIT-008|AUDIT-010|AUDIT-011|AUDIT-013|HEUR-003|HEUR-015|MODEL-001|MODEL-002|RULE-001|RULE-015|SCORE-002|SCORE-003|SCORE-004|SCORE-005|SCORE-006|STATE-001|STATE-004|STATE-008|STATE-010,T-ALGO-001-B01|T-ALGO-003-B01|T-ALGO-004-B01|T-ALGO-005-B01|T-ALGO-006-B01|T-ALGO-008-B01|T-ALGO-009-B01|T-AUDIT-004-B01|T-AUDIT-005-B01|T-AUDIT-008-B01|T-AUDIT-010-B01|T-AUDIT-011-B01|T-AUDIT-013-B01|T-HEUR-003-B01|T-HEUR-015-B01|T-MODEL-001-B01|T-MODEL-002-B01|T-RULE-001-B01|T-RULE-015-B01|T-SCORE-002-B01|T-SCORE-003-B01|T-SCORE-004-B01|T-SCORE-005-B01|T-SCORE-006-B01|T-STATE-001-B01|T-STATE-004-B01|T-STATE-008-B01|T-STATE-010-B01,索引锁定来源；冲突时源文件及Approved单元规格优先，本表不得覆盖公式
GP-023,AI玩家基础档案,match_global,AI档案结构体；水平为`novice`、`normal`、`skilled`、`expert`；风格为`conservative`、`balanced`、`aggressive`；所有连续特征取0—1；四名玩家档案数量固定4。,整场创建时加载、校验并冻结；仅新match/规则版本可变,配置/权威私有；仅经GP-021和PlayerView白名单公开,成都麻将AI人类化决策规则_v1.md,§17.2+§18.3,6cbb4d4465abfd947b6cf7f1783db99408089d4e1646849a3afe674114267992,ALGO-001|ALGO-003|ALGO-004|ALGO-005|ALGO-006|ALGO-007|ALGO-008|ALGO-009|AUDIT-002|AUDIT-004|AUDIT-005|AUDIT-008|AUDIT-010|AUDIT-011|AUDIT-013|HEUR-001|HEUR-003|HEUR-004|HEUR-005|HEUR-012|HEUR-015|HEUR-019|HEUR-020|HEUR-021|HEUR-022|HEUR-023|MODEL-001|MODEL-002|MODEL-003|RULE-001|RULE-007|RULE-015|SCORE-002|SCORE-003|SCORE-004|SCORE-005|SCORE-006|STATE-001|STATE-004|STATE-008|STATE-009|STATE-010,T-ALGO-001-B01|T-ALGO-003-B01|T-ALGO-004-B01|T-ALGO-005-B01|T-ALGO-006-B01|T-ALGO-007-B01|T-ALGO-008-B01|T-ALGO-009-B01|T-AUDIT-002-B01|T-AUDIT-004-B01|T-AUDIT-005-B01|T-AUDIT-008-B01|T-AUDIT-010-B01|T-AUDIT-011-B01|T-AUDIT-013-B01|T-HEUR-001-B01|T-HEUR-003-B01|T-HEUR-004-B01|T-HEUR-005-B01|T-HEUR-012-B01|T-HEUR-015-B01|T-HEUR-019-B01|T-HEUR-020-B01|T-HEUR-021-B01|T-HEUR-022-B01|T-HEUR-023-B01|T-MODEL-001-B01|T-MODEL-002-B01|T-MODEL-003-B01|T-RULE-001-B01|T-RULE-007-B01|T-RULE-015-B01|T-SCORE-002-B01|T-SCORE-003-B01|T-SCORE-004-B01|T-SCORE-005-B01|T-SCORE-006-B01|T-STATE-001-B01|T-STATE-004-B01|T-STATE-008-B01|T-STATE-009-B01|T-STATE-010-B01,索引锁定来源；冲突时源文件及Approved单元规格优先，本表不得覆盖公式
GP-024,记忆与学习配置,match_global,记忆结构体；初始记忆强度0—1；遗忘率0—1；事件显著度0—1；跨局历史长度0—10000局；隐藏信息学习开关固定为`false`。,整场创建时加载、校验并冻结；仅新match/规则版本可变,配置/权威私有；仅经GP-021和PlayerView白名单公开,成都麻将AI人类化决策规则_v1.md,§17.2+§18.3,6cbb4d4465abfd947b6cf7f1783db99408089d4e1646849a3afe674114267992,ALGO-001|ALGO-003|ALGO-004|ALGO-005|ALGO-006|ALGO-007|ALGO-008|ALGO-009|AUDIT-002|AUDIT-004|AUDIT-005|AUDIT-008|AUDIT-010|AUDIT-011|AUDIT-013|HEUR-001|HEUR-003|HEUR-004|HEUR-005|HEUR-015|HEUR-017|HEUR-018|HEUR-019|HEUR-020|HEUR-021|HEUR-022|HEUR-023|MODEL-001|MODEL-002|MODEL-003|RULE-001|RULE-015|SCORE-002|SCORE-003|SCORE-004|SCORE-005|SCORE-006|STATE-001|STATE-004|STATE-008|STATE-009|STATE-010|STATE-012,T-ALGO-001-B01|T-ALGO-003-B01|T-ALGO-004-B01|T-ALGO-005-B01|T-ALGO-006-B01|T-ALGO-007-B01|T-ALGO-008-B01|T-ALGO-009-B01|T-AUDIT-002-B01|T-AUDIT-004-B01|T-AUDIT-005-B01|T-AUDIT-008-B01|T-AUDIT-010-B01|T-AUDIT-011-B01|T-AUDIT-013-B01|T-HEUR-001-B01|T-HEUR-003-B01|T-HEUR-004-B01|T-HEUR-005-B01|T-HEUR-015-B01|T-HEUR-017-B01|T-HEUR-018-B01|T-HEUR-019-B01|T-HEUR-020-B01|T-HEUR-021-B01|T-HEUR-022-B01|T-HEUR-023-B01|T-MODEL-001-B01|T-MODEL-002-B01|T-MODEL-003-B01|T-RULE-001-B01|T-RULE-015-B01|T-SCORE-002-B01|T-SCORE-003-B01|T-SCORE-004-B01|T-SCORE-005-B01|T-SCORE-006-B01|T-STATE-001-B01|T-STATE-004-B01|T-STATE-008-B01|T-STATE-009-B01|T-STATE-010-B01|T-STATE-012-B01,索引锁定来源；冲突时源文件及Approved单元规格优先，本表不得覆盖公式
GP-025,人类化行为配置,match_global,人类化结构体；情绪稳定度、习惯强度、失误概率上限、近似随机强度均为0—1；随机种子为0—\(2^{64}-1\)的整数；相同种子和相同输入必须可复现。,整场创建时加载、校验并冻结；仅新match/规则版本可变,配置/权威私有；仅经GP-021和PlayerView白名单公开,成都麻将AI人类化决策规则_v1.md,§17.2+§18.3,6cbb4d4465abfd947b6cf7f1783db99408089d4e1646849a3afe674114267992,ALGO-001|ALGO-003|ALGO-004|ALGO-005|ALGO-006|ALGO-007|ALGO-008|ALGO-009|AUDIT-002|AUDIT-004|AUDIT-005|AUDIT-008|AUDIT-010|AUDIT-011|AUDIT-013|HEUR-001|HEUR-003|HEUR-004|HEUR-005|HEUR-015|HEUR-017|HEUR-018|HEUR-019|HEUR-020|HEUR-021|HEUR-022|HEUR-023|MODEL-001|MODEL-002|MODEL-003|RULE-001|RULE-015|SCORE-002|SCORE-003|SCORE-004|SCORE-005|SCORE-006|STATE-001|STATE-004|STATE-008|STATE-009|STATE-010|STATE-012,T-ALGO-001-B01|T-ALGO-003-B01|T-ALGO-004-B01|T-ALGO-005-B01|T-ALGO-006-B01|T-ALGO-007-B01|T-ALGO-008-B01|T-ALGO-009-B01|T-AUDIT-002-B01|T-AUDIT-004-B01|T-AUDIT-005-B01|T-AUDIT-008-B01|T-AUDIT-010-B01|T-AUDIT-011-B01|T-AUDIT-013-B01|T-HEUR-001-B01|T-HEUR-003-B01|T-HEUR-004-B01|T-HEUR-005-B01|T-HEUR-015-B01|T-HEUR-017-B01|T-HEUR-018-B01|T-HEUR-019-B01|T-HEUR-020-B01|T-HEUR-021-B01|T-HEUR-022-B01|T-HEUR-023-B01|T-MODEL-001-B01|T-MODEL-002-B01|T-MODEL-003-B01|T-RULE-001-B01|T-RULE-015-B01|T-SCORE-002-B01|T-SCORE-003-B01|T-SCORE-004-B01|T-SCORE-005-B01|T-SCORE-006-B01|T-STATE-001-B01|T-STATE-004-B01|T-STATE-008-B01|T-STATE-009-B01|T-STATE-010-B01|T-STATE-012-B01,索引锁定来源；冲突时源文件及Approved单元规格优先，本表不得覆盖公式
GP-026,有限认知配置,match_global,认知结构体；最大候选数1—14；最小候选数1—最大候选数；搜索深度0—8层；注意力容量1—64项；满意停止阈值0—1；重新搜索阈值0—1；决策权重各为0—1且总和必须为1。,整场创建时加载、校验并冻结；仅新match/规则版本可变,配置/权威私有；仅经GP-021和PlayerView白名单公开,成都麻将AI人类化决策规则_v1.md,§17.2+§18.3,6cbb4d4465abfd947b6cf7f1783db99408089d4e1646849a3afe674114267992,ALGO-001|ALGO-003|ALGO-004|ALGO-005|ALGO-006|ALGO-007|ALGO-008|ALGO-009|AUDIT-002|AUDIT-004|AUDIT-005|AUDIT-008|AUDIT-010|AUDIT-011|AUDIT-013|HEUR-001|HEUR-003|HEUR-004|HEUR-005|HEUR-015|HEUR-017|HEUR-018|HEUR-019|HEUR-020|HEUR-021|HEUR-022|HEUR-023|MODEL-001|MODEL-002|MODEL-003|RULE-001|RULE-015|SCORE-002|SCORE-003|SCORE-004|SCORE-005|SCORE-006|STATE-001|STATE-004|STATE-008|STATE-009|STATE-010|STATE-012,T-ALGO-001-B01|T-ALGO-003-B01|T-ALGO-004-B01|T-ALGO-005-B01|T-ALGO-006-B01|T-ALGO-007-B01|T-ALGO-008-B01|T-ALGO-009-B01|T-AUDIT-002-B01|T-AUDIT-004-B01|T-AUDIT-005-B01|T-AUDIT-008-B01|T-AUDIT-010-B01|T-AUDIT-011-B01|T-AUDIT-013-B01|T-HEUR-001-B01|T-HEUR-003-B01|T-HEUR-004-B01|T-HEUR-005-B01|T-HEUR-015-B01|T-HEUR-017-B01|T-HEUR-018-B01|T-HEUR-019-B01|T-HEUR-020-B01|T-HEUR-021-B01|T-HEUR-022-B01|T-HEUR-023-B01|T-MODEL-001-B01|T-MODEL-002-B01|T-MODEL-003-B01|T-RULE-001-B01|T-RULE-015-B01|T-SCORE-002-B01|T-SCORE-003-B01|T-SCORE-004-B01|T-SCORE-005-B01|T-SCORE-006-B01|T-STATE-001-B01|T-STATE-004-B01|T-STATE-008-B01|T-STATE-009-B01|T-STATE-010-B01|T-STATE-012-B01,索引锁定来源；冲突时源文件及Approved单元规格优先，本表不得覆盖公式
GP-027,收益与比赛目标配置,match_global,"目标结构体；单局收益、整场收益、排名、风险和稳定性权重各为0—1且总和为1；目标名次1—4；领先或落后触发分差0—1,000,000,000。",整场创建时加载、校验并冻结；仅新match/规则版本可变,配置/权威私有；仅经GP-021和PlayerView白名单公开,成都麻将AI人类化决策规则_v1.md,§17.2+§18.3,6cbb4d4465abfd947b6cf7f1783db99408089d4e1646849a3afe674114267992,ALGO-001|ALGO-003|ALGO-004|ALGO-005|ALGO-006|ALGO-007|ALGO-008|ALGO-009|AUDIT-002|AUDIT-004|AUDIT-005|AUDIT-008|AUDIT-010|AUDIT-011|AUDIT-013|HEUR-003|HEUR-004|HEUR-005|HEUR-008|HEUR-015|HEUR-019|HEUR-020|HEUR-021|HEUR-022|HEUR-023|MODEL-001|MODEL-002|MODEL-003|RULE-001|RULE-015|SCORE-002|SCORE-003|SCORE-004|SCORE-005|SCORE-006|STATE-001|STATE-004|STATE-008|STATE-009|STATE-010,T-ALGO-001-B01|T-ALGO-003-B01|T-ALGO-004-B01|T-ALGO-005-B01|T-ALGO-006-B01|T-ALGO-007-B01|T-ALGO-008-B01|T-ALGO-009-B01|T-AUDIT-002-B01|T-AUDIT-004-B01|T-AUDIT-005-B01|T-AUDIT-008-B01|T-AUDIT-010-B01|T-AUDIT-011-B01|T-AUDIT-013-B01|T-HEUR-003-B01|T-HEUR-004-B01|T-HEUR-005-B01|T-HEUR-008-B01|T-HEUR-015-B01|T-HEUR-019-B01|T-HEUR-020-B01|T-HEUR-021-B01|T-HEUR-022-B01|T-HEUR-023-B01|T-MODEL-001-B01|T-MODEL-002-B01|T-MODEL-003-B01|T-RULE-001-B01|T-RULE-015-B01|T-SCORE-002-B01|T-SCORE-003-B01|T-SCORE-004-B01|T-SCORE-005-B01|T-SCORE-006-B01|T-STATE-001-B01|T-STATE-004-B01|T-STATE-008-B01|T-STATE-009-B01|T-STATE-010-B01,索引锁定来源；冲突时源文件及Approved单元规格优先，本表不得覆盖公式
RP-001,本局标识,round_dynamic,"结构体；`round_index`为1—[GP-003](#gp-003)总局数；事件序号0—1,000,000；开局时\(round\_index=previous\_round+1\)，\(t=0\)；每处理一个原子事件后\(t\leftarrow t+1\)。",开局创建,权威状态；仅经GP-021和PlayerView白名单按座位/阶段投影,成都麻将AI人类化决策规则_v1.md,§17.3+§18.4,6cbb4d4465abfd947b6cf7f1783db99408089d4e1646849a3afe674114267992,ALGO-001|ALGO-003|ALGO-004|ALGO-005|ALGO-006|ALGO-007|AUDIT-005|AUDIT-008|AUDIT-010|AUDIT-013|HEUR-004|HEUR-005|HEUR-019|HEUR-020|HEUR-021|HEUR-023|MODEL-001|MODEL-002|MODEL-003|RULE-002|STATE-001|STATE-002|STATE-003|STATE-004|STATE-005|STATE-006|STATE-010,T-ALGO-001-B01|T-ALGO-003-B01|T-ALGO-004-B01|T-ALGO-005-B01|T-ALGO-006-B01|T-ALGO-007-B01|T-AUDIT-005-B01|T-AUDIT-008-B01|T-AUDIT-010-B01|T-AUDIT-013-B01|T-HEUR-004-B01|T-HEUR-005-B01|T-HEUR-019-B01|T-HEUR-020-B01|T-HEUR-021-B01|T-HEUR-023-B01|T-MODEL-001-B01|T-MODEL-002-B01|T-MODEL-003-B01|T-RULE-002-B01|T-STATE-001-B01|T-STATE-002-B01|T-STATE-003-B01|T-STATE-004-B01|T-STATE-005-B01|T-STATE-006-B01|T-STATE-010-B01,索引锁定来源；冲突时源文件及Approved单元规格优先，本表不得覆盖公式
RP-002,座位与庄家状态,round_dynamic,玩家编号0—3；活动顺序长度1—4；初始座位由[GP-020](#gp-020)产生。玩家\(p\)胡牌后，\(Active_t=Active_{t-1}\setminus\{p\}\)，下一玩家为当前顺序中下一名仍在\(Active_t\)的玩家。,开局创建，胡牌后更新轮转,权威状态；仅经GP-021和PlayerView白名单按座位/阶段投影,成都麻将AI人类化决策规则_v1.md,§17.3+§18.4,6cbb4d4465abfd947b6cf7f1783db99408089d4e1646849a3afe674114267992,ALGO-001|ALGO-003|ALGO-004|ALGO-005|ALGO-006|ALGO-007|AUDIT-005|AUDIT-008|AUDIT-010|AUDIT-013|HEUR-004|HEUR-005|HEUR-019|HEUR-020|HEUR-021|HEUR-023|MODEL-001|MODEL-002|MODEL-003|RULE-002|STATE-001|STATE-002|STATE-003|STATE-004|STATE-005|STATE-006|STATE-010,T-ALGO-001-B01|T-ALGO-003-B01|T-ALGO-004-B01|T-ALGO-005-B01|T-ALGO-006-B01|T-ALGO-007-B01|T-AUDIT-005-B01|T-AUDIT-008-B01|T-AUDIT-010-B01|T-AUDIT-013-B01|T-HEUR-004-B01|T-HEUR-005-B01|T-HEUR-019-B01|T-HEUR-020-B01|T-HEUR-021-B01|T-HEUR-023-B01|T-MODEL-001-B01|T-MODEL-002-B01|T-MODEL-003-B01|T-RULE-002-B01|T-STATE-001-B01|T-STATE-002-B01|T-STATE-003-B01|T-STATE-004-B01|T-STATE-005-B01|T-STATE-006-B01|T-STATE-010-B01,索引锁定来源；冲突时源文件及Approved单元规格优先，本表不得覆盖公式
RP-003,当前比分与本局目标,round_dynamic,"四人整数分数；单项-1,000,000,000—1,000,000,000；目标强度0—1；\(Score_t(p)=\operatorname{clip}(Score_{t-1}(p)+\Delta_t(p),-10^9,10^9)\)。分差\(Gap_t(p,q)=Score_t(p)-Score_t(q)\)。求稳或追分强度由分差、剩余局数和[GP-027](#gp-027)目标归一化到0—1。",开局创建，计分事件后更新,权威状态；仅经GP-021和PlayerView白名单按座位/阶段投影,成都麻将AI人类化决策规则_v1.md,§17.3+§18.4,6cbb4d4465abfd947b6cf7f1783db99408089d4e1646849a3afe674114267992,ALGO-001|ALGO-002|ALGO-003|ALGO-004|ALGO-005|ALGO-006|ALGO-007|AUDIT-005|AUDIT-008|AUDIT-010|AUDIT-013|HEUR-002|HEUR-004|HEUR-005|HEUR-007|HEUR-014|HEUR-019|HEUR-020|HEUR-021|HEUR-023|MODEL-001|MODEL-002|MODEL-003|RULE-003|RULE-004|STATE-001|STATE-002|STATE-003|STATE-004|STATE-005|STATE-006|STATE-010,T-ALGO-001-B01|T-ALGO-002-B01|T-ALGO-003-B01|T-ALGO-004-B01|T-ALGO-005-B01|T-ALGO-006-B01|T-ALGO-007-B01|T-AUDIT-005-B01|T-AUDIT-008-B01|T-AUDIT-010-B01|T-AUDIT-013-B01|T-HEUR-002-B01|T-HEUR-004-B01|T-HEUR-005-B01|T-HEUR-007-B01|T-HEUR-014-B01|T-HEUR-019-B01|T-HEUR-020-B01|T-HEUR-021-B01|T-HEUR-023-B01|T-MODEL-001-B01|T-MODEL-002-B01|T-MODEL-003-B01|T-RULE-003-B01|T-RULE-004-B01|T-STATE-001-B01|T-STATE-002-B01|T-STATE-003-B01|T-STATE-004-B01|T-STATE-005-B01|T-STATE-006-B01|T-STATE-010-B01,索引锁定来源；冲突时源文件及Approved单元规格优先，本表不得覆盖公式
RP-004,初始手牌,round_dynamic,"27维整数向量；各维0—4；总张数庄家14、闲家13；\(H_0(x)=DealCount(x)\)，并满足\(\sum_xH_0(x)\in\{13,14\}\)。初始结构由[RP-016](#rp-016)的结构函数计算。",发牌后固定记录,权威状态；仅经GP-021和PlayerView白名单按座位/阶段投影,成都麻将AI人类化决策规则_v1.md,§17.3+§18.4,6cbb4d4465abfd947b6cf7f1783db99408089d4e1646849a3afe674114267992,ALGO-001|ALGO-002|ALGO-003|ALGO-004|ALGO-005|ALGO-006|ALGO-007|AUDIT-005|AUDIT-008|AUDIT-010|AUDIT-013|HEUR-002|HEUR-004|HEUR-005|HEUR-007|HEUR-014|HEUR-019|HEUR-020|HEUR-021|HEUR-023|MODEL-001|MODEL-002|MODEL-003|STATE-001|STATE-002|STATE-003|STATE-004|STATE-005|STATE-006|STATE-010,T-ALGO-001-B01|T-ALGO-002-B01|T-ALGO-003-B01|T-ALGO-004-B01|T-ALGO-005-B01|T-ALGO-006-B01|T-ALGO-007-B01|T-AUDIT-005-B01|T-AUDIT-008-B01|T-AUDIT-010-B01|T-AUDIT-013-B01|T-HEUR-002-B01|T-HEUR-004-B01|T-HEUR-005-B01|T-HEUR-007-B01|T-HEUR-014-B01|T-HEUR-019-B01|T-HEUR-020-B01|T-HEUR-021-B01|T-HEUR-023-B01|T-MODEL-001-B01|T-MODEL-002-B01|T-MODEL-003-B01|T-STATE-001-B01|T-STATE-002-B01|T-STATE-003-B01|T-STATE-004-B01|T-STATE-005-B01|T-STATE-006-B01|T-STATE-010-B01,索引锁定来源；冲突时源文件及Approved单元规格优先，本表不得覆盖公式
RP-005,换三张状态,round_dynamic,换出、换入各3张；方向枚举；\(H_{after}(x)=H_{before}(x)-Out(x)+In(x)\)，其中\(\sum_xOut(x)=\sum_xIn(x)=3\)，且换出牌满足[GP-005](#gp-005)的同花色约束。,换牌阶段更新后固定,权威状态；仅经GP-021和PlayerView白名单按座位/阶段投影,成都麻将AI人类化决策规则_v1.md,§17.3+§18.4,6cbb4d4465abfd947b6cf7f1783db99408089d4e1646849a3afe674114267992,ALGO-001|ALGO-002|ALGO-003|ALGO-004|ALGO-005|ALGO-006|ALGO-007|AUDIT-005|AUDIT-008|AUDIT-010|AUDIT-013|HEUR-002|HEUR-004|HEUR-005|HEUR-007|HEUR-014|HEUR-019|HEUR-020|HEUR-021|HEUR-023|MODEL-001|MODEL-002|MODEL-003|STATE-001|STATE-002|STATE-003|STATE-004|STATE-005|STATE-006|STATE-010,T-ALGO-001-B01|T-ALGO-002-B01|T-ALGO-003-B01|T-ALGO-004-B01|T-ALGO-005-B01|T-ALGO-006-B01|T-ALGO-007-B01|T-AUDIT-005-B01|T-AUDIT-008-B01|T-AUDIT-010-B01|T-AUDIT-013-B01|T-HEUR-002-B01|T-HEUR-004-B01|T-HEUR-005-B01|T-HEUR-007-B01|T-HEUR-014-B01|T-HEUR-019-B01|T-HEUR-020-B01|T-HEUR-021-B01|T-HEUR-023-B01|T-MODEL-001-B01|T-MODEL-002-B01|T-MODEL-003-B01|T-STATE-001-B01|T-STATE-002-B01|T-STATE-003-B01|T-STATE-004-B01|T-STATE-005-B01|T-STATE-006-B01|T-STATE-010-B01,索引锁定来源；冲突时源文件及Approved单元规格优先，本表不得覆盖公式
RP-006,四家定缺状态,round_dynamic,四个花色枚举；清缺概率0—1；自己清缺为确定布尔值；自己的缺门剩余数\(M_t=\sum_{x\in missingSuit}H_t(x)\)，自己清缺状态\(Cleared_t=I(M_t=0)\)。对手清缺状态只能依据公开弃牌形成置信度，不得使用其隐藏手牌。,定缺后固定，清缺进度动态更新,权威状态；仅经GP-021和PlayerView白名单按座位/阶段投影,成都麻将AI人类化决策规则_v1.md,§17.3+§18.4,6cbb4d4465abfd947b6cf7f1783db99408089d4e1646849a3afe674114267992,ALGO-001|ALGO-003|ALGO-004|ALGO-005|ALGO-006|ALGO-007|AUDIT-005|AUDIT-008|AUDIT-010|AUDIT-013|HEUR-004|HEUR-005|HEUR-006|HEUR-007|HEUR-015|HEUR-016|HEUR-018|HEUR-019|HEUR-020|HEUR-021|HEUR-023|MODEL-001|MODEL-002|MODEL-003|RULE-005|STATE-001|STATE-002|STATE-003|STATE-004|STATE-005|STATE-006|STATE-010,T-ALGO-001-B01|T-ALGO-003-B01|T-ALGO-004-B01|T-ALGO-005-B01|T-ALGO-006-B01|T-ALGO-007-B01|T-AUDIT-005-B01|T-AUDIT-008-B01|T-AUDIT-010-B01|T-AUDIT-013-B01|T-HEUR-004-B01|T-HEUR-005-B01|T-HEUR-006-B01|T-HEUR-007-B01|T-HEUR-015-B01|T-HEUR-016-B01|T-HEUR-018-B01|T-HEUR-019-B01|T-HEUR-020-B01|T-HEUR-021-B01|T-HEUR-023-B01|T-MODEL-001-B01|T-MODEL-002-B01|T-MODEL-003-B01|T-RULE-005-B01|T-STATE-001-B01|T-STATE-002-B01|T-STATE-003-B01|T-STATE-004-B01|T-STATE-005-B01|T-STATE-006-B01|T-STATE-010-B01,索引锁定来源；冲突时源文件及Approved单元规格优先，本表不得覆盖公式
RP-007,当前手牌,round_dynamic,27维整数向量；各维0—4；手牌总数依动作合法变化；\(H_t=H_{t-1}+Draw_t-Discard_t-RemoveToMeld_t\)。碰牌、明杠、暗杠和补杠分别按规则从手牌移入公开或隐藏组合；杠后补牌作为新的\(Draw_t\)事件处理。,摸牌、出牌、碰杠后更新,权威状态；仅经GP-021和PlayerView白名单按座位/阶段投影,成都麻将AI人类化决策规则_v1.md,§17.3+§18.4,6cbb4d4465abfd947b6cf7f1783db99408089d4e1646849a3afe674114267992,ALGO-001|ALGO-003|ALGO-004|ALGO-005|ALGO-006|ALGO-007|AUDIT-005|AUDIT-008|AUDIT-010|AUDIT-013|HEUR-004|HEUR-005|HEUR-006|HEUR-007|HEUR-015|HEUR-016|HEUR-018|HEUR-019|HEUR-020|HEUR-021|HEUR-023|MODEL-001|MODEL-002|MODEL-003|RULE-005|STATE-001|STATE-002|STATE-003|STATE-004|STATE-005|STATE-006|STATE-010,T-ALGO-001-B01|T-ALGO-003-B01|T-ALGO-004-B01|T-ALGO-005-B01|T-ALGO-006-B01|T-ALGO-007-B01|T-AUDIT-005-B01|T-AUDIT-008-B01|T-AUDIT-010-B01|T-AUDIT-013-B01|T-HEUR-004-B01|T-HEUR-005-B01|T-HEUR-006-B01|T-HEUR-007-B01|T-HEUR-015-B01|T-HEUR-016-B01|T-HEUR-018-B01|T-HEUR-019-B01|T-HEUR-020-B01|T-HEUR-021-B01|T-HEUR-023-B01|T-MODEL-001-B01|T-MODEL-002-B01|T-MODEL-003-B01|T-RULE-005-B01|T-STATE-001-B01|T-STATE-002-B01|T-STATE-003-B01|T-STATE-004-B01|T-STATE-005-B01|T-STATE-006-B01|T-STATE-010-B01,索引锁定来源；冲突时源文件及Approved单元规格优先，本表不得覆盖公式
RP-008,公开组合状态,round_dynamic,每名玩家公开组合0—4组；类型枚举；\(Melds_t(p)=Melds_{t-1}(p)\cup NewMeld_t(p)\)。补杠时将对应碰组状态由`peng`替换为`bu_gang`，不得同时保留两个重复组。,任一玩家碰杠后更新,权威状态；仅经GP-021和PlayerView白名单按座位/阶段投影,成都麻将AI人类化决策规则_v1.md,§17.3+§18.4,6cbb4d4465abfd947b6cf7f1783db99408089d4e1646849a3afe674114267992,ALGO-001|ALGO-003|ALGO-004|ALGO-005|ALGO-006|ALGO-007|AUDIT-005|AUDIT-008|AUDIT-010|AUDIT-013|HEUR-004|HEUR-005|HEUR-006|HEUR-007|HEUR-015|HEUR-016|HEUR-018|HEUR-019|HEUR-020|HEUR-021|HEUR-023|MODEL-001|MODEL-002|MODEL-003|RULE-005|STATE-001|STATE-002|STATE-003|STATE-004|STATE-005|STATE-006|STATE-010,T-ALGO-001-B01|T-ALGO-003-B01|T-ALGO-004-B01|T-ALGO-005-B01|T-ALGO-006-B01|T-ALGO-007-B01|T-AUDIT-005-B01|T-AUDIT-008-B01|T-AUDIT-010-B01|T-AUDIT-013-B01|T-HEUR-004-B01|T-HEUR-005-B01|T-HEUR-006-B01|T-HEUR-007-B01|T-HEUR-015-B01|T-HEUR-016-B01|T-HEUR-018-B01|T-HEUR-019-B01|T-HEUR-020-B01|T-HEUR-021-B01|T-HEUR-023-B01|T-MODEL-001-B01|T-MODEL-002-B01|T-MODEL-003-B01|T-RULE-005-B01|T-STATE-001-B01|T-STATE-002-B01|T-STATE-003-B01|T-STATE-004-B01|T-STATE-005-B01|T-STATE-006-B01|T-STATE-010-B01,索引锁定来源；冲突时源文件及Approved单元规格优先，本表不得覆盖公式
RP-009,弃牌历史,round_dynamic,"事件列表；长度0—108加杠后动作扩展；\(Discards_t=Discards_{t-1}\mathbin{\Vert}(p,x,t,source,time)\)，其中不可见字段按[GP-021](#gp-021)置为空，而不是填入服务器真实值。",每次出牌后更新,权威状态；仅经GP-021和PlayerView白名单按座位/阶段投影,成都麻将AI人类化决策规则_v1.md,§17.3+§18.4,6cbb4d4465abfd947b6cf7f1783db99408089d4e1646849a3afe674114267992,ALGO-001|ALGO-003|ALGO-004|ALGO-005|ALGO-006|ALGO-007|AUDIT-005|AUDIT-008|AUDIT-010|AUDIT-013|HEUR-004|HEUR-005|HEUR-006|HEUR-007|HEUR-015|HEUR-016|HEUR-018|HEUR-019|HEUR-020|HEUR-021|HEUR-023|MODEL-001|MODEL-002|MODEL-003|RULE-005|STATE-001|STATE-002|STATE-003|STATE-004|STATE-005|STATE-006|STATE-010,T-ALGO-001-B01|T-ALGO-003-B01|T-ALGO-004-B01|T-ALGO-005-B01|T-ALGO-006-B01|T-ALGO-007-B01|T-AUDIT-005-B01|T-AUDIT-008-B01|T-AUDIT-010-B01|T-AUDIT-013-B01|T-HEUR-004-B01|T-HEUR-005-B01|T-HEUR-006-B01|T-HEUR-007-B01|T-HEUR-015-B01|T-HEUR-016-B01|T-HEUR-018-B01|T-HEUR-019-B01|T-HEUR-020-B01|T-HEUR-021-B01|T-HEUR-023-B01|T-MODEL-001-B01|T-MODEL-002-B01|T-MODEL-003-B01|T-RULE-005-B01|T-STATE-001-B01|T-STATE-002-B01|T-STATE-003-B01|T-STATE-004-B01|T-STATE-005-B01|T-STATE-006-B01|T-STATE-010-B01,索引锁定来源；冲突时源文件及Approved单元规格优先，本表不得覆盖公式
RP-010,可见牌统计,round_dynamic,27维整数向量；各维0—4；\(V_t(x)=H_t(x)+D_t(x)+OpenMeld_t(x)+PublicHu_t(x)+PublicGang_t(x)\)，重复展示的同一实体牌只计一次。未见上界\(U_t(x)=4-V_t(x)\)。,公开牌变化后更新,权威状态；仅经GP-021和PlayerView白名单按座位/阶段投影,成都麻将AI人类化决策规则_v1.md,§17.3+§18.4,6cbb4d4465abfd947b6cf7f1783db99408089d4e1646849a3afe674114267992,ALGO-001|ALGO-003|ALGO-004|ALGO-005|ALGO-006|ALGO-007|AUDIT-005|AUDIT-008|AUDIT-010|AUDIT-013|HEUR-004|HEUR-005|HEUR-006|HEUR-007|HEUR-015|HEUR-016|HEUR-018|HEUR-019|HEUR-020|HEUR-021|HEUR-023|MODEL-001|MODEL-002|MODEL-003|RULE-005|STATE-001|STATE-002|STATE-003|STATE-004|STATE-005|STATE-006|STATE-010,T-ALGO-001-B01|T-ALGO-003-B01|T-ALGO-004-B01|T-ALGO-005-B01|T-ALGO-006-B01|T-ALGO-007-B01|T-AUDIT-005-B01|T-AUDIT-008-B01|T-AUDIT-010-B01|T-AUDIT-013-B01|T-HEUR-004-B01|T-HEUR-005-B01|T-HEUR-006-B01|T-HEUR-007-B01|T-HEUR-015-B01|T-HEUR-016-B01|T-HEUR-018-B01|T-HEUR-019-B01|T-HEUR-020-B01|T-HEUR-021-B01|T-HEUR-023-B01|T-MODEL-001-B01|T-MODEL-002-B01|T-MODEL-003-B01|T-RULE-005-B01|T-STATE-001-B01|T-STATE-002-B01|T-STATE-003-B01|T-STATE-004-B01|T-STATE-005-B01|T-STATE-006-B01|T-STATE-010-B01,索引锁定来源；冲突时源文件及Approved单元规格优先，本表不得覆盖公式
RP-011,牌墙与轮次状态,round_dynamic,"牌墙余量0—108；轮次0—1,000,000；估计上下界0—108；精确可见时\(W_t=W_{t-1}-DrawCount_t\)。不可见时维护区间：\(W_t^{min}=W_{t-1}^{min}-MaxDraw_t\)，\(W_t^{max}=W_{t-1}^{max}-MinDraw_t\)，并限制在0—108。",每次摸牌、杠后补牌后更新,权威状态；仅经GP-021和PlayerView白名单按座位/阶段投影,成都麻将AI人类化决策规则_v1.md,§17.3+§18.4,6cbb4d4465abfd947b6cf7f1783db99408089d4e1646849a3afe674114267992,ALGO-001|ALGO-003|ALGO-004|ALGO-005|ALGO-006|ALGO-007|AUDIT-005|AUDIT-008|AUDIT-010|AUDIT-013|HEUR-004|HEUR-005|HEUR-006|HEUR-007|HEUR-015|HEUR-016|HEUR-018|HEUR-019|HEUR-020|HEUR-021|HEUR-023|MODEL-001|MODEL-002|MODEL-003|RULE-005|STATE-001|STATE-002|STATE-003|STATE-004|STATE-005|STATE-006|STATE-010,T-ALGO-001-B01|T-ALGO-003-B01|T-ALGO-004-B01|T-ALGO-005-B01|T-ALGO-006-B01|T-ALGO-007-B01|T-AUDIT-005-B01|T-AUDIT-008-B01|T-AUDIT-010-B01|T-AUDIT-013-B01|T-HEUR-004-B01|T-HEUR-005-B01|T-HEUR-006-B01|T-HEUR-007-B01|T-HEUR-015-B01|T-HEUR-016-B01|T-HEUR-018-B01|T-HEUR-019-B01|T-HEUR-020-B01|T-HEUR-021-B01|T-HEUR-023-B01|T-MODEL-001-B01|T-MODEL-002-B01|T-MODEL-003-B01|T-RULE-005-B01|T-STATE-001-B01|T-STATE-002-B01|T-STATE-003-B01|T-STATE-004-B01|T-STATE-005-B01|T-STATE-006-B01|T-STATE-010-B01,索引锁定来源；冲突时源文件及Approved单元规格优先，本表不得覆盖公式
RP-012,存活玩家与胡牌状态,round_dynamic,活动玩家集合大小1—4；胡牌顺序0—3；\(Active_t=Active_{t-1}\setminus Winners_t\)。每名新赢家的胡牌序号为此前已胡人数加1；一炮多响按同一事件记录相同时间但独立序号或平台并列规则。,任一玩家胡牌后更新,权威状态；仅经GP-021和PlayerView白名单按座位/阶段投影,成都麻将AI人类化决策规则_v1.md,§17.3+§18.4,6cbb4d4465abfd947b6cf7f1783db99408089d4e1646849a3afe674114267992,ALGO-001|ALGO-003|ALGO-004|ALGO-005|ALGO-006|ALGO-007|AUDIT-005|AUDIT-008|AUDIT-010|AUDIT-013|HEUR-004|HEUR-005|HEUR-006|HEUR-007|HEUR-015|HEUR-016|HEUR-018|HEUR-019|HEUR-020|HEUR-021|HEUR-023|MODEL-001|MODEL-002|MODEL-003|RULE-005|STATE-001|STATE-002|STATE-003|STATE-004|STATE-005|STATE-006|STATE-010,T-ALGO-001-B01|T-ALGO-003-B01|T-ALGO-004-B01|T-ALGO-005-B01|T-ALGO-006-B01|T-ALGO-007-B01|T-AUDIT-005-B01|T-AUDIT-008-B01|T-AUDIT-010-B01|T-AUDIT-013-B01|T-HEUR-004-B01|T-HEUR-005-B01|T-HEUR-006-B01|T-HEUR-007-B01|T-HEUR-015-B01|T-HEUR-016-B01|T-HEUR-018-B01|T-HEUR-019-B01|T-HEUR-020-B01|T-HEUR-021-B01|T-HEUR-023-B01|T-MODEL-001-B01|T-MODEL-002-B01|T-MODEL-003-B01|T-RULE-005-B01|T-STATE-001-B01|T-STATE-002-B01|T-STATE-003-B01|T-STATE-004-B01|T-STATE-005-B01|T-STATE-006-B01|T-STATE-010-B01,索引锁定来源；冲突时源文件及Approved单元规格优先，本表不得覆盖公式
RP-013,当前事件,round_dynamic,"单事件结构体；类型枚举；\(Event_t=(type,actor,tile,source,timestamp,publicPayload)\)。类型只能为`deal`、`exchange`、`dingque`、`draw`、`discard`、`peng`、`gang`、`hu`、`settlement`或平台已注册扩展。",每个操作事件创建,权威状态；仅经GP-021和PlayerView白名单按座位/阶段投影,成都麻将AI人类化决策规则_v1.md,§17.3+§18.4,6cbb4d4465abfd947b6cf7f1783db99408089d4e1646849a3afe674114267992,ALGO-001|ALGO-003|ALGO-004|ALGO-005|ALGO-006|ALGO-007|AUDIT-005|AUDIT-008|AUDIT-010|AUDIT-013|HEUR-004|HEUR-005|HEUR-006|HEUR-007|HEUR-015|HEUR-016|HEUR-018|HEUR-019|HEUR-020|HEUR-021|HEUR-023|MODEL-001|MODEL-002|MODEL-003|RULE-005|STATE-001|STATE-002|STATE-003|STATE-004|STATE-005|STATE-006|STATE-010,T-ALGO-001-B01|T-ALGO-003-B01|T-ALGO-004-B01|T-ALGO-005-B01|T-ALGO-006-B01|T-ALGO-007-B01|T-AUDIT-005-B01|T-AUDIT-008-B01|T-AUDIT-010-B01|T-AUDIT-013-B01|T-HEUR-004-B01|T-HEUR-005-B01|T-HEUR-006-B01|T-HEUR-007-B01|T-HEUR-015-B01|T-HEUR-016-B01|T-HEUR-018-B01|T-HEUR-019-B01|T-HEUR-020-B01|T-HEUR-021-B01|T-HEUR-023-B01|T-MODEL-001-B01|T-MODEL-002-B01|T-MODEL-003-B01|T-RULE-005-B01|T-STATE-001-B01|T-STATE-002-B01|T-STATE-003-B01|T-STATE-004-B01|T-STATE-005-B01|T-STATE-006-B01|T-STATE-010-B01,索引锁定来源；冲突时源文件及Approved单元规格优先，本表不得覆盖公式
RP-014,合法行动与响应窗口,round_dynamic,"合法行动集合；大小1—20；截止时间戳；\(Legal_t=RuleEngine(State_t,[GP\text{-}002\ldots GP\text{-}022])\)。候选集必须满足\(Candidates_t\subseteq Legal_t\)。",每次需要决策时创建,权威状态；仅经GP-021和PlayerView白名单按座位/阶段投影,成都麻将AI人类化决策规则_v1.md,§17.3+§18.4,6cbb4d4465abfd947b6cf7f1783db99408089d4e1646849a3afe674114267992,ALGO-001|ALGO-003|ALGO-004|ALGO-005|ALGO-006|ALGO-007|AUDIT-005|AUDIT-008|AUDIT-010|AUDIT-013|HEUR-004|HEUR-005|HEUR-006|HEUR-007|HEUR-015|HEUR-016|HEUR-018|HEUR-019|HEUR-020|HEUR-021|HEUR-023|MODEL-001|MODEL-002|MODEL-003|RULE-005|STATE-001|STATE-002|STATE-003|STATE-004|STATE-005|STATE-006|STATE-010,T-ALGO-001-B01|T-ALGO-003-B01|T-ALGO-004-B01|T-ALGO-005-B01|T-ALGO-006-B01|T-ALGO-007-B01|T-AUDIT-005-B01|T-AUDIT-008-B01|T-AUDIT-010-B01|T-AUDIT-013-B01|T-HEUR-004-B01|T-HEUR-005-B01|T-HEUR-006-B01|T-HEUR-007-B01|T-HEUR-015-B01|T-HEUR-016-B01|T-HEUR-018-B01|T-HEUR-019-B01|T-HEUR-020-B01|T-HEUR-021-B01|T-HEUR-023-B01|T-MODEL-001-B01|T-MODEL-002-B01|T-MODEL-003-B01|T-RULE-005-B01|T-STATE-001-B01|T-STATE-002-B01|T-STATE-003-B01|T-STATE-004-B01|T-STATE-005-B01|T-STATE-006-B01|T-STATE-010-B01,索引锁定来源；冲突时源文件及Approved单元规格优先，本表不得覆盖公式
RP-015,过胡与权限状态,round_dynamic,状态枚举；状态为`free`、`passed_hu_locked`、`value_limited`或`forced_hu`。状态转移由[GP-009](#gp-009)定义：过胡事件进入锁定态，规定的自摸或价值变化事件恢复为`free`。,放弃胡牌或恢复事件后更新,权威状态；仅经GP-021和PlayerView白名单按座位/阶段投影,成都麻将AI人类化决策规则_v1.md,§17.3+§18.4,6cbb4d4465abfd947b6cf7f1783db99408089d4e1646849a3afe674114267992,ALGO-001|ALGO-003|ALGO-004|ALGO-005|ALGO-006|ALGO-007|AUDIT-005|AUDIT-008|AUDIT-010|AUDIT-013|HEUR-004|HEUR-005|HEUR-006|HEUR-007|HEUR-015|HEUR-016|HEUR-018|HEUR-019|HEUR-020|HEUR-021|HEUR-023|MODEL-001|MODEL-002|MODEL-003|RULE-005|STATE-001|STATE-002|STATE-003|STATE-004|STATE-005|STATE-006|STATE-010,T-ALGO-001-B01|T-ALGO-003-B01|T-ALGO-004-B01|T-ALGO-005-B01|T-ALGO-006-B01|T-ALGO-007-B01|T-AUDIT-005-B01|T-AUDIT-008-B01|T-AUDIT-010-B01|T-AUDIT-013-B01|T-HEUR-004-B01|T-HEUR-005-B01|T-HEUR-006-B01|T-HEUR-007-B01|T-HEUR-015-B01|T-HEUR-016-B01|T-HEUR-018-B01|T-HEUR-019-B01|T-HEUR-020-B01|T-HEUR-021-B01|T-HEUR-023-B01|T-MODEL-001-B01|T-MODEL-002-B01|T-MODEL-003-B01|T-RULE-005-B01|T-STATE-001-B01|T-STATE-002-B01|T-STATE-003-B01|T-STATE-004-B01|T-STATE-005-B01|T-STATE-006-B01|T-STATE-010-B01,索引锁定来源；冲突时源文件及Approved单元规格优先，本表不得覆盖公式
RP-016,手牌结构状态,round_dynamic,"结构体；向听数-1—13；组合数0—4；对子数0—7；结构质量0—1；对每个允许牌型\(k\)计算向听数\(S_k(H_t,Melds_t)\)，总体向听\(S_t=\min_k S_k\)。胡牌时\(S_t=-1\)，听牌时\(S_t=0\)。结构质量由有效搭子、对子用途和重叠结构归一化到0—1。",摸打、碰杠、方向变化后更新,权威状态；仅经GP-021和PlayerView白名单按座位/阶段投影,成都麻将AI人类化决策规则_v1.md,§17.3+§18.4,6cbb4d4465abfd947b6cf7f1783db99408089d4e1646849a3afe674114267992,ALGO-001|ALGO-003|ALGO-004|ALGO-005|ALGO-006|ALGO-007|AUDIT-005|AUDIT-008|AUDIT-010|AUDIT-013|HEUR-004|HEUR-005|HEUR-006|HEUR-007|HEUR-015|HEUR-016|HEUR-018|HEUR-019|HEUR-020|HEUR-021|HEUR-023|MODEL-001|MODEL-002|MODEL-003|RULE-005|STATE-001|STATE-002|STATE-003|STATE-004|STATE-005|STATE-006|STATE-010,T-ALGO-001-B01|T-ALGO-003-B01|T-ALGO-004-B01|T-ALGO-005-B01|T-ALGO-006-B01|T-ALGO-007-B01|T-AUDIT-005-B01|T-AUDIT-008-B01|T-AUDIT-010-B01|T-AUDIT-013-B01|T-HEUR-004-B01|T-HEUR-005-B01|T-HEUR-006-B01|T-HEUR-007-B01|T-HEUR-015-B01|T-HEUR-016-B01|T-HEUR-018-B01|T-HEUR-019-B01|T-HEUR-020-B01|T-HEUR-021-B01|T-HEUR-023-B01|T-MODEL-001-B01|T-MODEL-002-B01|T-MODEL-003-B01|T-RULE-005-B01|T-STATE-001-B01|T-STATE-002-B01|T-STATE-003-B01|T-STATE-004-B01|T-STATE-005-B01|T-STATE-006-B01|T-STATE-010-B01,索引锁定来源；冲突时源文件及Approved单元规格优先，本表不得覆盖公式
RP-017,当前做牌计划,round_dynamic,"方向枚举及置信度0—1；主计划1个；备选计划0—3个；对方向\(d\)：\(C_t(d)=\operatorname{Normalize}((1-\alpha_d)C_{t-1}(d)+\alpha_dE_t(d))\)，\(\alpha_d\in[0,1]\)来自[GP-026](#gp-026)，\(E_t(d)\in[0,1]\)为本轮证据。最高置信方向为主方向，但受规则中的观察、确定和放弃阈值约束。",定缺后创建，每次复核后更新,权威状态；仅经GP-021和PlayerView白名单按座位/阶段投影,成都麻将AI人类化决策规则_v1.md,§17.3+§18.4,6cbb4d4465abfd947b6cf7f1783db99408089d4e1646849a3afe674114267992,ALGO-001|ALGO-003|ALGO-004|ALGO-005|ALGO-006|ALGO-007|AUDIT-005|AUDIT-008|AUDIT-010|AUDIT-013|HEUR-004|HEUR-005|HEUR-006|HEUR-007|HEUR-015|HEUR-016|HEUR-018|HEUR-019|HEUR-020|HEUR-021|HEUR-023|MODEL-001|MODEL-002|MODEL-003|RULE-005|STATE-001|STATE-002|STATE-003|STATE-004|STATE-005|STATE-006|STATE-010,T-ALGO-001-B01|T-ALGO-003-B01|T-ALGO-004-B01|T-ALGO-005-B01|T-ALGO-006-B01|T-ALGO-007-B01|T-AUDIT-005-B01|T-AUDIT-008-B01|T-AUDIT-010-B01|T-AUDIT-013-B01|T-HEUR-004-B01|T-HEUR-005-B01|T-HEUR-006-B01|T-HEUR-007-B01|T-HEUR-015-B01|T-HEUR-016-B01|T-HEUR-018-B01|T-HEUR-019-B01|T-HEUR-020-B01|T-HEUR-021-B01|T-HEUR-023-B01|T-MODEL-001-B01|T-MODEL-002-B01|T-MODEL-003-B01|T-RULE-005-B01|T-STATE-001-B01|T-STATE-002-B01|T-STATE-003-B01|T-STATE-004-B01|T-STATE-005-B01|T-STATE-006-B01|T-STATE-010-B01,索引锁定来源；冲突时源文件及Approved单元规格优先，本表不得覆盖公式
RP-018,听牌与活牌状态,round_dynamic,"等待集合0—27种；单牌未见数0—4；总活牌0—108；概率0—1；对等待牌\(x\)，\(Live_t(x)=\max(0,4-V_t(x))\)。总活牌\(L_t=\sum_{x\in Wait_t}Live_t(x)\)。若\(L_t=0\)，则`dead_wait=true`。下一次从未知牌中获得任一等待牌的近似概率为\(P_{next}=\frac{L_t}{\sum_xU_t(x)}\)。",手牌和可见牌变化后更新,权威状态；仅经GP-021和PlayerView白名单按座位/阶段投影,成都麻将AI人类化决策规则_v1.md,§17.3+§18.4,6cbb4d4465abfd947b6cf7f1783db99408089d4e1646849a3afe674114267992,ALGO-001|ALGO-003|ALGO-004|ALGO-005|ALGO-006|ALGO-007|AUDIT-005|AUDIT-008|AUDIT-010|AUDIT-013|HEUR-004|HEUR-005|HEUR-006|HEUR-007|HEUR-009|HEUR-015|HEUR-019|HEUR-020|HEUR-021|HEUR-023|MODEL-001|MODEL-002|MODEL-003|RULE-005|RULE-014|STATE-001|STATE-002|STATE-003|STATE-004|STATE-005|STATE-006|STATE-010,T-ALGO-001-B01|T-ALGO-003-B01|T-ALGO-004-B01|T-ALGO-005-B01|T-ALGO-006-B01|T-ALGO-007-B01|T-AUDIT-005-B01|T-AUDIT-008-B01|T-AUDIT-010-B01|T-AUDIT-013-B01|T-HEUR-004-B01|T-HEUR-005-B01|T-HEUR-006-B01|T-HEUR-007-B01|T-HEUR-009-B01|T-HEUR-015-B01|T-HEUR-019-B01|T-HEUR-020-B01|T-HEUR-021-B01|T-HEUR-023-B01|T-MODEL-001-B01|T-MODEL-002-B01|T-MODEL-003-B01|T-RULE-005-B01|T-RULE-014-B01|T-STATE-001-B01|T-STATE-002-B01|T-STATE-003-B01|T-STATE-004-B01|T-STATE-005-B01|T-STATE-006-B01|T-STATE-010-B01,索引锁定来源；冲突时源文件及Approved单元规格优先，本表不得覆盖公式
RP-019,对手推测状态,round_dynamic,每名对手的假设概率分布；各概率0—1且和为1；对假设\(h\)和新公开证据\(e_t\)：\(P_t(h)=\frac{P(e_t\mid h)P_{t-1}(h)}{\sum_jP(e_t\mid h_j)P_{t-1}(h_j)+\varepsilon}\)。证据似然只能由公开行为模型产生。,对手公开行为后更新,权威状态；仅经GP-021和PlayerView白名单按座位/阶段投影,成都麻将AI人类化决策规则_v1.md,§17.3+§18.4,6cbb4d4465abfd947b6cf7f1783db99408089d4e1646849a3afe674114267992,ALGO-001|ALGO-002|ALGO-003|ALGO-004|ALGO-005|ALGO-006|ALGO-007|ALGO-008|AUDIT-005|AUDIT-008|AUDIT-010|AUDIT-013|HEUR-004|HEUR-005|HEUR-007|HEUR-010|HEUR-014|HEUR-019|HEUR-020|HEUR-021|HEUR-023|MODEL-001|MODEL-002|MODEL-003|STATE-001|STATE-002|STATE-003|STATE-004|STATE-005|STATE-006|STATE-009|STATE-010,T-ALGO-001-B01|T-ALGO-002-B01|T-ALGO-003-B01|T-ALGO-004-B01|T-ALGO-005-B01|T-ALGO-006-B01|T-ALGO-007-B01|T-ALGO-008-B01|T-AUDIT-005-B01|T-AUDIT-008-B01|T-AUDIT-010-B01|T-AUDIT-013-B01|T-HEUR-004-B01|T-HEUR-005-B01|T-HEUR-007-B01|T-HEUR-010-B01|T-HEUR-014-B01|T-HEUR-019-B01|T-HEUR-020-B01|T-HEUR-021-B01|T-HEUR-023-B01|T-MODEL-001-B01|T-MODEL-002-B01|T-MODEL-003-B01|T-STATE-001-B01|T-STATE-002-B01|T-STATE-003-B01|T-STATE-004-B01|T-STATE-005-B01|T-STATE-006-B01|T-STATE-009-B01|T-STATE-010-B01,索引锁定来源；冲突时源文件及Approved单元规格优先，本表不得覆盖公式
RP-020,威胁与安全状态,round_dynamic,"每名对手、每种牌的风险0—1；综合风险0—1；\(R_t(p,x)=P_t(p\text{已听})\times P_t(x\text{为其等待}\mid p\text{已听})\times LossNorm_t(p)\)。多家综合风险\(R_t(x)=1-\prod_{p\in Active_t,p\ne self}(1-R_t(p,x))\)。",公开信息和局势变化后更新,权威状态；仅经GP-021和PlayerView白名单按座位/阶段投影,成都麻将AI人类化决策规则_v1.md,§17.3+§18.4,6cbb4d4465abfd947b6cf7f1783db99408089d4e1646849a3afe674114267992,ALGO-001|ALGO-003|ALGO-004|ALGO-005|ALGO-006|ALGO-007|ALGO-008|AUDIT-005|AUDIT-008|AUDIT-010|AUDIT-013|HEUR-004|HEUR-005|HEUR-007|HEUR-010|HEUR-019|HEUR-020|HEUR-021|HEUR-023|MODEL-001|MODEL-002|MODEL-003|STATE-001|STATE-002|STATE-003|STATE-004|STATE-005|STATE-006|STATE-009|STATE-010,T-ALGO-001-B01|T-ALGO-003-B01|T-ALGO-004-B01|T-ALGO-005-B01|T-ALGO-006-B01|T-ALGO-007-B01|T-ALGO-008-B01|T-AUDIT-005-B01|T-AUDIT-008-B01|T-AUDIT-010-B01|T-AUDIT-013-B01|T-HEUR-004-B01|T-HEUR-005-B01|T-HEUR-007-B01|T-HEUR-010-B01|T-HEUR-019-B01|T-HEUR-020-B01|T-HEUR-021-B01|T-HEUR-023-B01|T-MODEL-001-B01|T-MODEL-002-B01|T-MODEL-003-B01|T-STATE-001-B01|T-STATE-002-B01|T-STATE-003-B01|T-STATE-004-B01|T-STATE-005-B01|T-STATE-006-B01|T-STATE-009-B01|T-STATE-010-B01,索引锁定来源；冲突时源文件及Approved单元规格优先，本表不得覆盖公式
RP-021,剩余机会状态,round_dynamic,剩余摸牌次数0—108；时间压力0—1；若轮转稳定，自己的近似剩余摸牌数\(N_t^{self}=\left\lceil\frac{W_t-offset_t}{\lvert Active_t\rvert}\right\rceil\)，其中\(offset_t\)为轮到自己前的活动玩家数。碰杠和胡牌后按新顺序重新计算。时间压力\(Pressure_t=1-\frac{N_t^{self}}{N_{start}^{self}+\varepsilon}\)。,轮次、碰杠、胡牌后更新,权威状态；仅经GP-021和PlayerView白名单按座位/阶段投影,成都麻将AI人类化决策规则_v1.md,§17.3+§18.4,6cbb4d4465abfd947b6cf7f1783db99408089d4e1646849a3afe674114267992,ALGO-001|ALGO-003|ALGO-004|ALGO-005|ALGO-006|ALGO-007|ALGO-008|AUDIT-005|AUDIT-008|AUDIT-010|AUDIT-013|HEUR-004|HEUR-005|HEUR-007|HEUR-009|HEUR-019|HEUR-020|HEUR-021|HEUR-023|MODEL-001|MODEL-002|MODEL-003|RULE-014|STATE-001|STATE-002|STATE-003|STATE-004|STATE-005|STATE-006|STATE-009|STATE-010,T-ALGO-001-B01|T-ALGO-003-B01|T-ALGO-004-B01|T-ALGO-005-B01|T-ALGO-006-B01|T-ALGO-007-B01|T-ALGO-008-B01|T-AUDIT-005-B01|T-AUDIT-008-B01|T-AUDIT-010-B01|T-AUDIT-013-B01|T-HEUR-004-B01|T-HEUR-005-B01|T-HEUR-007-B01|T-HEUR-009-B01|T-HEUR-019-B01|T-HEUR-020-B01|T-HEUR-021-B01|T-HEUR-023-B01|T-MODEL-001-B01|T-MODEL-002-B01|T-MODEL-003-B01|T-RULE-014-B01|T-STATE-001-B01|T-STATE-002-B01|T-STATE-003-B01|T-STATE-004-B01|T-STATE-005-B01|T-STATE-006-B01|T-STATE-009-B01|T-STATE-010-B01,索引锁定来源；冲突时源文件及Approved单元规格优先，本表不得覆盖公式
RP-022,牌局阶段,round_dynamic,枚举；阶段强度0—1；剩余比例\(q_t=W_t/W_{start}\)。默认：\(q_t>0.70\)为`early`，\(0.35<q_t\le0.70\)为`middle`，\(0.10<q_t\le0.35\)为`late`，\(q_t\le0.10\)为`endgame`。阈值可在[GP-026](#gp-026)内调整，但必须单调。,随轮次和玩家状态更新,权威状态；仅经GP-021和PlayerView白名单按座位/阶段投影,成都麻将AI人类化决策规则_v1.md,§17.3+§18.4,6cbb4d4465abfd947b6cf7f1783db99408089d4e1646849a3afe674114267992,ALGO-001|ALGO-003|ALGO-004|ALGO-005|ALGO-006|ALGO-007|ALGO-008|AUDIT-005|AUDIT-008|AUDIT-010|AUDIT-013|HEUR-004|HEUR-005|HEUR-008|HEUR-009|HEUR-019|HEUR-020|HEUR-021|HEUR-023|MODEL-001|MODEL-002|MODEL-003|SCORE-001|STATE-001|STATE-002|STATE-003|STATE-004|STATE-005|STATE-006|STATE-009|STATE-010|TRAIN-003|TRAIN-004,T-ALGO-001-B01|T-ALGO-003-B01|T-ALGO-004-B01|T-ALGO-005-B01|T-ALGO-006-B01|T-ALGO-007-B01|T-ALGO-008-B01|T-AUDIT-005-B01|T-AUDIT-008-B01|T-AUDIT-010-B01|T-AUDIT-013-B01|T-HEUR-004-B01|T-HEUR-005-B01|T-HEUR-008-B01|T-HEUR-009-B01|T-HEUR-019-B01|T-HEUR-020-B01|T-HEUR-021-B01|T-HEUR-023-B01|T-MODEL-001-B01|T-MODEL-002-B01|T-MODEL-003-B01|T-SCORE-001-B01|T-STATE-001-B01|T-STATE-002-B01|T-STATE-003-B01|T-STATE-004-B01|T-STATE-005-B01|T-STATE-006-B01|T-STATE-009-B01|T-STATE-010-B01|T-TRAIN-003-B01|T-TRAIN-004-B01,索引锁定来源；冲突时源文件及Approved单元规格优先，本表不得覆盖公式
RP-023,候选行动集合,round_dynamic,"候选集合；数量1—[GP-026](#gp-026)最大候选数；\(Candidates_t=Prune(Legal_t,Plan_t,Attention_t,Profile)\)。必须保留所有规则强制行动；其余按显著度排序截取前\(K\)项，\(K\)由水平和局面复杂度在配置范围内确定。",每次决策时创建,权威状态；仅经GP-021和PlayerView白名单按座位/阶段投影,成都麻将AI人类化决策规则_v1.md,§17.3+§18.4,6cbb4d4465abfd947b6cf7f1783db99408089d4e1646849a3afe674114267992,ALGO-001|ALGO-003|ALGO-004|ALGO-005|ALGO-006|ALGO-007|ALGO-008|AUDIT-005|AUDIT-008|AUDIT-010|AUDIT-013|HEUR-004|HEUR-005|HEUR-009|HEUR-019|HEUR-020|HEUR-021|HEUR-023|MODEL-001|MODEL-002|MODEL-003|RULE-006|SCORE-001|STATE-001|STATE-002|STATE-003|STATE-004|STATE-005|STATE-006|STATE-009|STATE-010,T-ALGO-001-B01|T-ALGO-003-B01|T-ALGO-004-B01|T-ALGO-005-B01|T-ALGO-006-B01|T-ALGO-007-B01|T-ALGO-008-B01|T-AUDIT-005-B01|T-AUDIT-008-B01|T-AUDIT-010-B01|T-AUDIT-013-B01|T-HEUR-004-B01|T-HEUR-005-B01|T-HEUR-009-B01|T-HEUR-019-B01|T-HEUR-020-B01|T-HEUR-021-B01|T-HEUR-023-B01|T-MODEL-001-B01|T-MODEL-002-B01|T-MODEL-003-B01|T-RULE-006-B01|T-SCORE-001-B01|T-STATE-001-B01|T-STATE-002-B01|T-STATE-003-B01|T-STATE-004-B01|T-STATE-005-B01|T-STATE-006-B01|T-STATE-009-B01|T-STATE-010-B01,索引锁定来源；冲突时源文件及Approved单元规格优先，本表不得覆盖公式
RP-024,当前注意力状态,round_dynamic,"注意力对象权重0—1；权重和为1；对象数不超过注意力容量；对对象\(i\)，\(A_t(i)=\frac{\exp(Salience_t(i)/\tau)}{\sum_j\exp(Salience_t(j)/\tau)}\)，温度\(\tau\in[0.05,5]\)由[GP-026](#gp-026)配置。只保留权重最高的注意力容量项。",每次事件后更新,权威状态；仅经GP-021和PlayerView白名单按座位/阶段投影,成都麻将AI人类化决策规则_v1.md,§17.3+§18.4,6cbb4d4465abfd947b6cf7f1783db99408089d4e1646849a3afe674114267992,ALGO-001|ALGO-003|ALGO-004|ALGO-005|ALGO-006|ALGO-007|ALGO-008|AUDIT-001|AUDIT-002|AUDIT-003|AUDIT-005|AUDIT-008|AUDIT-010|AUDIT-013|AUDIT-014|HEUR-004|HEUR-005|HEUR-010|HEUR-017|HEUR-018|HEUR-019|HEUR-020|HEUR-021|HEUR-022|HEUR-023|MODEL-001|MODEL-002|MODEL-003|RULE-006|RULE-013|SCORE-002|SCORE-003|SCORE-004|SCORE-005|SCORE-006|STATE-001|STATE-002|STATE-003|STATE-004|STATE-005|STATE-006|STATE-008|STATE-009|STATE-010|STATE-012|TRAIN-006,T-ALGO-001-B01|T-ALGO-003-B01|T-ALGO-004-B01|T-ALGO-005-B01|T-ALGO-006-B01|T-ALGO-007-B01|T-ALGO-008-B01|T-AUDIT-001-B01|T-AUDIT-002-B01|T-AUDIT-003-B01|T-AUDIT-005-B01|T-AUDIT-008-B01|T-AUDIT-010-B01|T-AUDIT-013-B01|T-AUDIT-014-B01|T-HEUR-004-B01|T-HEUR-005-B01|T-HEUR-010-B01|T-HEUR-017-B01|T-HEUR-018-B01|T-HEUR-019-B01|T-HEUR-020-B01|T-HEUR-021-B01|T-HEUR-022-B01|T-HEUR-023-B01|T-MODEL-001-B01|T-MODEL-002-B01|T-MODEL-003-B01|T-RULE-006-B01|T-RULE-013-B01|T-SCORE-002-B01|T-SCORE-003-B01|T-SCORE-004-B01|T-SCORE-005-B01|T-SCORE-006-B01|T-STATE-001-B01|T-STATE-002-B01|T-STATE-003-B01|T-STATE-004-B01|T-STATE-005-B01|T-STATE-006-B01|T-STATE-008-B01|T-STATE-009-B01|T-STATE-010-B01|T-STATE-012-B01|T-TRAIN-006-B01,索引锁定来源；冲突时源文件及Approved单元规格优先，本表不得覆盖公式
RP-025,当前记忆状态,round_dynamic,"每条记忆强度0—1；记忆条目0—10000；\(M_t(i)=\operatorname{clip}(M_{t-1}(i)e^{-\lambda\Delta t}+\rho\cdot Salience_t(i),0,1)\)，\(\lambda,\rho\in[0,1]\)来自[GP-024](#gp-024)。回忆成功率等于当前记忆强度；隐藏信息不得创建记忆条目。",公开事件后更新,权威状态；仅经GP-021和PlayerView白名单按座位/阶段投影,成都麻将AI人类化决策规则_v1.md,§17.3+§18.4,6cbb4d4465abfd947b6cf7f1783db99408089d4e1646849a3afe674114267992,ALGO-001|ALGO-003|ALGO-004|ALGO-005|ALGO-006|ALGO-007|ALGO-008|AUDIT-001|AUDIT-002|AUDIT-003|AUDIT-005|AUDIT-008|AUDIT-010|AUDIT-013|AUDIT-014|HEUR-004|HEUR-005|HEUR-010|HEUR-017|HEUR-018|HEUR-019|HEUR-020|HEUR-021|HEUR-022|HEUR-023|MODEL-001|MODEL-002|MODEL-003|RULE-006|RULE-013|SCORE-002|SCORE-003|SCORE-004|SCORE-005|SCORE-006|STATE-001|STATE-002|STATE-003|STATE-004|STATE-005|STATE-006|STATE-008|STATE-009|STATE-010|STATE-012|TRAIN-006,T-ALGO-001-B01|T-ALGO-003-B01|T-ALGO-004-B01|T-ALGO-005-B01|T-ALGO-006-B01|T-ALGO-007-B01|T-ALGO-008-B01|T-AUDIT-001-B01|T-AUDIT-002-B01|T-AUDIT-003-B01|T-AUDIT-005-B01|T-AUDIT-008-B01|T-AUDIT-010-B01|T-AUDIT-013-B01|T-AUDIT-014-B01|T-HEUR-004-B01|T-HEUR-005-B01|T-HEUR-010-B01|T-HEUR-017-B01|T-HEUR-018-B01|T-HEUR-019-B01|T-HEUR-020-B01|T-HEUR-021-B01|T-HEUR-022-B01|T-HEUR-023-B01|T-MODEL-001-B01|T-MODEL-002-B01|T-MODEL-003-B01|T-RULE-006-B01|T-RULE-013-B01|T-SCORE-002-B01|T-SCORE-003-B01|T-SCORE-004-B01|T-SCORE-005-B01|T-SCORE-006-B01|T-STATE-001-B01|T-STATE-002-B01|T-STATE-003-B01|T-STATE-004-B01|T-STATE-005-B01|T-STATE-006-B01|T-STATE-008-B01|T-STATE-009-B01|T-STATE-010-B01|T-STATE-012-B01|T-TRAIN-006-B01,索引锁定来源；冲突时源文件及Approved单元规格优先，本表不得覆盖公式
RP-026,当前搜索状态,round_dynamic,"搜索深度0—8；已检查数0—候选数；停止质量0—1；实际深度\(D_t=\min(D_{profile},D_{time},D_{complexity})\)。当最佳候选满意度\(Sat(best)\ge\theta_{stop}\)、全部候选检查完成或剩余时间达到安全阈值时停止。",每次决策时创建,权威状态；仅经GP-021和PlayerView白名单按座位/阶段投影,成都麻将AI人类化决策规则_v1.md,§17.3+§18.4,6cbb4d4465abfd947b6cf7f1783db99408089d4e1646849a3afe674114267992,ALGO-001|ALGO-003|ALGO-004|ALGO-005|ALGO-006|ALGO-007|ALGO-008|AUDIT-001|AUDIT-002|AUDIT-003|AUDIT-005|AUDIT-008|AUDIT-010|AUDIT-013|AUDIT-014|HEUR-004|HEUR-005|HEUR-010|HEUR-017|HEUR-018|HEUR-019|HEUR-020|HEUR-021|HEUR-022|HEUR-023|MODEL-001|MODEL-002|MODEL-003|RULE-006|RULE-013|SCORE-002|SCORE-003|SCORE-004|SCORE-005|SCORE-006|STATE-001|STATE-002|STATE-003|STATE-004|STATE-005|STATE-006|STATE-008|STATE-009|STATE-010|STATE-012|TRAIN-006,T-ALGO-001-B01|T-ALGO-003-B01|T-ALGO-004-B01|T-ALGO-005-B01|T-ALGO-006-B01|T-ALGO-007-B01|T-ALGO-008-B01|T-AUDIT-001-B01|T-AUDIT-002-B01|T-AUDIT-003-B01|T-AUDIT-005-B01|T-AUDIT-008-B01|T-AUDIT-010-B01|T-AUDIT-013-B01|T-AUDIT-014-B01|T-HEUR-004-B01|T-HEUR-005-B01|T-HEUR-010-B01|T-HEUR-017-B01|T-HEUR-018-B01|T-HEUR-019-B01|T-HEUR-020-B01|T-HEUR-021-B01|T-HEUR-022-B01|T-HEUR-023-B01|T-MODEL-001-B01|T-MODEL-002-B01|T-MODEL-003-B01|T-RULE-006-B01|T-RULE-013-B01|T-SCORE-002-B01|T-SCORE-003-B01|T-SCORE-004-B01|T-SCORE-005-B01|T-SCORE-006-B01|T-STATE-001-B01|T-STATE-002-B01|T-STATE-003-B01|T-STATE-004-B01|T-STATE-005-B01|T-STATE-006-B01|T-STATE-008-B01|T-STATE-009-B01|T-STATE-010-B01|T-STATE-012-B01|T-TRAIN-006-B01,索引锁定来源；冲突时源文件及Approved单元规格优先，本表不得覆盖公式
RP-027,本次操作剩余时间,round_dynamic,"毫秒整数0—[GP-022](#gp-022)时限；\(TimeLeft_t=\max(0,Deadline_t-Now_t)\)。当\(TimeLeft_t\le DefaultMargin\)时调用合法默认动作；`DefaultMargin`范围0—时限的50%。",决策窗口中动态更新,权威状态；仅经GP-021和PlayerView白名单按座位/阶段投影,成都麻将AI人类化决策规则_v1.md,§17.3+§18.4,6cbb4d4465abfd947b6cf7f1783db99408089d4e1646849a3afe674114267992,ALGO-001|ALGO-003|ALGO-004|ALGO-005|ALGO-006|ALGO-007|ALGO-008|AUDIT-001|AUDIT-002|AUDIT-003|AUDIT-005|AUDIT-008|AUDIT-010|AUDIT-013|AUDIT-014|HEUR-004|HEUR-005|HEUR-010|HEUR-017|HEUR-018|HEUR-019|HEUR-020|HEUR-021|HEUR-022|HEUR-023|MODEL-001|MODEL-002|MODEL-003|RULE-006|RULE-013|SCORE-002|SCORE-003|SCORE-004|SCORE-005|SCORE-006|STATE-001|STATE-002|STATE-003|STATE-004|STATE-005|STATE-006|STATE-008|STATE-009|STATE-010|STATE-012|TRAIN-006,T-ALGO-001-B01|T-ALGO-003-B01|T-ALGO-004-B01|T-ALGO-005-B01|T-ALGO-006-B01|T-ALGO-007-B01|T-ALGO-008-B01|T-AUDIT-001-B01|T-AUDIT-002-B01|T-AUDIT-003-B01|T-AUDIT-005-B01|T-AUDIT-008-B01|T-AUDIT-010-B01|T-AUDIT-013-B01|T-AUDIT-014-B01|T-HEUR-004-B01|T-HEUR-005-B01|T-HEUR-010-B01|T-HEUR-017-B01|T-HEUR-018-B01|T-HEUR-019-B01|T-HEUR-020-B01|T-HEUR-021-B01|T-HEUR-022-B01|T-HEUR-023-B01|T-MODEL-001-B01|T-MODEL-002-B01|T-MODEL-003-B01|T-RULE-006-B01|T-RULE-013-B01|T-SCORE-002-B01|T-SCORE-003-B01|T-SCORE-004-B01|T-SCORE-005-B01|T-SCORE-006-B01|T-STATE-001-B01|T-STATE-002-B01|T-STATE-003-B01|T-STATE-004-B01|T-STATE-005-B01|T-STATE-006-B01|T-STATE-008-B01|T-STATE-009-B01|T-STATE-010-B01|T-STATE-012-B01|T-TRAIN-006-B01,索引锁定来源；冲突时源文件及Approved单元规格优先，本表不得覆盖公式
RP-028,当前人格与情绪修正,round_dynamic,"情绪和风格偏移-1—1；0为基础档案；\(E_t=\operatorname{clip}(\gamma E_{t-1}+\beta Outcome_t,-1,1)\)，\(\gamma\in[0,1]\)为情绪保留率，\(\beta\in[0,1]\)为事件影响率，\(Outcome_t\in[-1,1]\)为标准化结果。",开局创建，重要结果后更新,权威状态；仅经GP-021和PlayerView白名单按座位/阶段投影,成都麻将AI人类化决策规则_v1.md,§17.3+§18.4,6cbb4d4465abfd947b6cf7f1783db99408089d4e1646849a3afe674114267992,ALGO-001|ALGO-003|ALGO-004|ALGO-005|ALGO-006|ALGO-007|ALGO-008|AUDIT-001|AUDIT-002|AUDIT-003|AUDIT-005|AUDIT-008|AUDIT-010|AUDIT-013|AUDIT-014|HEUR-004|HEUR-005|HEUR-010|HEUR-017|HEUR-018|HEUR-019|HEUR-020|HEUR-021|HEUR-022|HEUR-023|MODEL-001|MODEL-002|MODEL-003|RULE-006|RULE-013|SCORE-002|SCORE-003|SCORE-004|SCORE-005|SCORE-006|STATE-001|STATE-002|STATE-003|STATE-004|STATE-005|STATE-006|STATE-008|STATE-009|STATE-010|STATE-012|TRAIN-006,T-ALGO-001-B01|T-ALGO-003-B01|T-ALGO-004-B01|T-ALGO-005-B01|T-ALGO-006-B01|T-ALGO-007-B01|T-ALGO-008-B01|T-AUDIT-001-B01|T-AUDIT-002-B01|T-AUDIT-003-B01|T-AUDIT-005-B01|T-AUDIT-008-B01|T-AUDIT-010-B01|T-AUDIT-013-B01|T-AUDIT-014-B01|T-HEUR-004-B01|T-HEUR-005-B01|T-HEUR-010-B01|T-HEUR-017-B01|T-HEUR-018-B01|T-HEUR-019-B01|T-HEUR-020-B01|T-HEUR-021-B01|T-HEUR-022-B01|T-HEUR-023-B01|T-MODEL-001-B01|T-MODEL-002-B01|T-MODEL-003-B01|T-RULE-006-B01|T-RULE-013-B01|T-SCORE-002-B01|T-SCORE-003-B01|T-SCORE-004-B01|T-SCORE-005-B01|T-SCORE-006-B01|T-STATE-001-B01|T-STATE-002-B01|T-STATE-003-B01|T-STATE-004-B01|T-STATE-005-B01|T-STATE-006-B01|T-STATE-008-B01|T-STATE-009-B01|T-STATE-010-B01|T-STATE-012-B01|T-TRAIN-006-B01,索引锁定来源；冲突时源文件及Approved单元规格优先，本表不得覆盖公式
RP-029,行动历史与决策记录,round_dynamic,"追加日志；条目0—1,000,000；\(Trace_t=Trace_{t-1}\mathbin{\Vert}Record_t\)。记录必须包含事件号、可见输入快照哈希、候选、选择、理由、搜索停止原因和随机种子位置。",每次决策后追加,权威状态；仅经GP-021和PlayerView白名单按座位/阶段投影,成都麻将AI人类化决策规则_v1.md,§17.3+§18.4,6cbb4d4465abfd947b6cf7f1783db99408089d4e1646849a3afe674114267992,ALGO-001|ALGO-003|ALGO-004|ALGO-005|ALGO-006|ALGO-007|ALGO-008|AUDIT-001|AUDIT-002|AUDIT-003|AUDIT-005|AUDIT-008|AUDIT-010|AUDIT-013|AUDIT-014|HEUR-004|HEUR-005|HEUR-010|HEUR-017|HEUR-018|HEUR-019|HEUR-020|HEUR-021|HEUR-022|HEUR-023|MODEL-001|MODEL-002|MODEL-003|RULE-006|RULE-013|SCORE-002|SCORE-003|SCORE-004|SCORE-005|SCORE-006|STATE-001|STATE-002|STATE-003|STATE-004|STATE-005|STATE-006|STATE-008|STATE-009|STATE-010|STATE-012|TRAIN-006,T-ALGO-001-B01|T-ALGO-003-B01|T-ALGO-004-B01|T-ALGO-005-B01|T-ALGO-006-B01|T-ALGO-007-B01|T-ALGO-008-B01|T-AUDIT-001-B01|T-AUDIT-002-B01|T-AUDIT-003-B01|T-AUDIT-005-B01|T-AUDIT-008-B01|T-AUDIT-010-B01|T-AUDIT-013-B01|T-AUDIT-014-B01|T-HEUR-004-B01|T-HEUR-005-B01|T-HEUR-010-B01|T-HEUR-017-B01|T-HEUR-018-B01|T-HEUR-019-B01|T-HEUR-020-B01|T-HEUR-021-B01|T-HEUR-022-B01|T-HEUR-023-B01|T-MODEL-001-B01|T-MODEL-002-B01|T-MODEL-003-B01|T-RULE-006-B01|T-RULE-013-B01|T-SCORE-002-B01|T-SCORE-003-B01|T-SCORE-004-B01|T-SCORE-005-B01|T-SCORE-006-B01|T-STATE-001-B01|T-STATE-002-B01|T-STATE-003-B01|T-STATE-004-B01|T-STATE-005-B01|T-STATE-006-B01|T-STATE-008-B01|T-STATE-009-B01|T-STATE-010-B01|T-STATE-012-B01|T-TRAIN-006-B01,索引锁定来源；冲突时源文件及Approved单元规格优先，本表不得覆盖公式
RP-030,本局计分事件,round_dynamic,"四人计分账本；单项-1,000,000,000—1,000,000,000；\(Ledger_t(p)=Ledger_{t-1}(p)+HuDelta_t(p)+GangDelta_t(p)+TransferDelta_t(p)\)。每个零和结算事件应满足\(\sum_p\Delta_t(p)=0\)，平台非零和奖励须单独标记。",胡牌、杠牌和转移后更新,权威状态；仅经GP-021和PlayerView白名单按座位/阶段投影,成都麻将AI人类化决策规则_v1.md,§17.3+§18.4,6cbb4d4465abfd947b6cf7f1783db99408089d4e1646849a3afe674114267992,ALGO-001|ALGO-003|ALGO-004|ALGO-005|ALGO-006|ALGO-007|AUDIT-001|AUDIT-002|AUDIT-003|AUDIT-005|AUDIT-008|AUDIT-009|AUDIT-010|AUDIT-012|AUDIT-013|AUDIT-014|HEUR-004|HEUR-005|HEUR-019|HEUR-020|HEUR-021|HEUR-022|HEUR-023|MODEL-001|MODEL-002|MODEL-003|RULE-013|SCORE-002|SCORE-003|SCORE-004|SCORE-005|SCORE-006|STATE-001|STATE-002|STATE-003|STATE-004|STATE-005|STATE-006|STATE-008|STATE-010|TRAIN-005|TRAIN-006|TRAIN-007,T-ALGO-001-B01|T-ALGO-003-B01|T-ALGO-004-B01|T-ALGO-005-B01|T-ALGO-006-B01|T-ALGO-007-B01|T-AUDIT-001-B01|T-AUDIT-002-B01|T-AUDIT-003-B01|T-AUDIT-005-B01|T-AUDIT-008-B01|T-AUDIT-009-B01|T-AUDIT-010-B01|T-AUDIT-012-B01|T-AUDIT-013-B01|T-AUDIT-014-B01|T-HEUR-004-B01|T-HEUR-005-B01|T-HEUR-019-B01|T-HEUR-020-B01|T-HEUR-021-B01|T-HEUR-022-B01|T-HEUR-023-B01|T-MODEL-001-B01|T-MODEL-002-B01|T-MODEL-003-B01|T-RULE-013-B01|T-SCORE-002-B01|T-SCORE-003-B01|T-SCORE-004-B01|T-SCORE-005-B01|T-SCORE-006-B01|T-STATE-001-B01|T-STATE-002-B01|T-STATE-003-B01|T-STATE-004-B01|T-STATE-005-B01|T-STATE-006-B01|T-STATE-008-B01|T-STATE-010-B01|T-TRAIN-005-B01|T-TRAIN-006-B01|T-TRAIN-007-B01,索引锁定来源；冲突时源文件及Approved单元规格优先，本表不得覆盖公式
RP-031,终局公开信息,round_dynamic,"公开信息集合；最多108张及相关状态；\(Reveal_t=Reveal_{t-1}\cup PublicPayload(Event_t,GP\text{-}021)\)。公开集合只能增加；错误撤回必须作为带版本的更正事件处理。",胡牌或流局公开时更新,权威状态；仅经GP-021和PlayerView白名单按座位/阶段投影,成都麻将AI人类化决策规则_v1.md,§17.3+§18.4,6cbb4d4465abfd947b6cf7f1783db99408089d4e1646849a3afe674114267992,ALGO-001|ALGO-003|ALGO-004|ALGO-005|ALGO-006|ALGO-007|AUDIT-001|AUDIT-002|AUDIT-003|AUDIT-005|AUDIT-008|AUDIT-009|AUDIT-010|AUDIT-012|AUDIT-013|AUDIT-014|HEUR-004|HEUR-005|HEUR-019|HEUR-020|HEUR-021|HEUR-022|HEUR-023|MODEL-001|MODEL-002|MODEL-003|RULE-013|RULE-016|SCORE-002|SCORE-003|SCORE-004|SCORE-005|SCORE-006|STATE-001|STATE-002|STATE-003|STATE-004|STATE-005|STATE-006|STATE-008|STATE-010|TRAIN-005|TRAIN-006|TRAIN-007,T-ALGO-001-B01|T-ALGO-003-B01|T-ALGO-004-B01|T-ALGO-005-B01|T-ALGO-006-B01|T-ALGO-007-B01|T-AUDIT-001-B01|T-AUDIT-002-B01|T-AUDIT-003-B01|T-AUDIT-005-B01|T-AUDIT-008-B01|T-AUDIT-009-B01|T-AUDIT-010-B01|T-AUDIT-012-B01|T-AUDIT-013-B01|T-AUDIT-014-B01|T-HEUR-004-B01|T-HEUR-005-B01|T-HEUR-019-B01|T-HEUR-020-B01|T-HEUR-021-B01|T-HEUR-022-B01|T-HEUR-023-B01|T-MODEL-001-B01|T-MODEL-002-B01|T-MODEL-003-B01|T-RULE-013-B01|T-RULE-016-B01|T-SCORE-002-B01|T-SCORE-003-B01|T-SCORE-004-B01|T-SCORE-005-B01|T-SCORE-006-B01|T-STATE-001-B01|T-STATE-002-B01|T-STATE-003-B01|T-STATE-004-B01|T-STATE-005-B01|T-STATE-006-B01|T-STATE-008-B01|T-STATE-010-B01|T-TRAIN-005-B01|T-TRAIN-006-B01|T-TRAIN-007-B01,索引锁定来源；冲突时源文件及Approved单元规格优先，本表不得覆盖公式
RP-032,本局结算结果,round_dynamic,"四人最终本局分；单项-1,000,000,000—1,000,000,000；\(RoundResult(p)=Ledger_{end}(p)+HuazhuDelta(p)+DajiaoDelta(p)+TaxRefundDelta(p)+OtherLegalDelta(p)\)，其中退税支付者为负、接收者为正，并应用[GP-013](#gp-013)规定的封顶顺序。通常要求四人总和为0。",结算后固定,权威状态；仅经GP-021和PlayerView白名单按座位/阶段投影,成都麻将AI人类化决策规则_v1.md,§17.3+§18.4,6cbb4d4465abfd947b6cf7f1783db99408089d4e1646849a3afe674114267992,ALGO-001|ALGO-003|ALGO-004|ALGO-005|ALGO-006|ALGO-007|AUDIT-001|AUDIT-002|AUDIT-003|AUDIT-005|AUDIT-008|AUDIT-009|AUDIT-010|AUDIT-012|AUDIT-013|AUDIT-014|HEUR-004|HEUR-005|HEUR-019|HEUR-020|HEUR-021|HEUR-022|HEUR-023|MODEL-001|MODEL-002|MODEL-003|RULE-013|SCORE-002|SCORE-003|SCORE-004|SCORE-005|SCORE-006|STATE-001|STATE-002|STATE-003|STATE-004|STATE-005|STATE-006|STATE-008|STATE-010|TRAIN-005|TRAIN-006|TRAIN-007,T-ALGO-001-B01|T-ALGO-003-B01|T-ALGO-004-B01|T-ALGO-005-B01|T-ALGO-006-B01|T-ALGO-007-B01|T-AUDIT-001-B01|T-AUDIT-002-B01|T-AUDIT-003-B01|T-AUDIT-005-B01|T-AUDIT-008-B01|T-AUDIT-009-B01|T-AUDIT-010-B01|T-AUDIT-012-B01|T-AUDIT-013-B01|T-AUDIT-014-B01|T-HEUR-004-B01|T-HEUR-005-B01|T-HEUR-019-B01|T-HEUR-020-B01|T-HEUR-021-B01|T-HEUR-022-B01|T-HEUR-023-B01|T-MODEL-001-B01|T-MODEL-002-B01|T-MODEL-003-B01|T-RULE-013-B01|T-SCORE-002-B01|T-SCORE-003-B01|T-SCORE-004-B01|T-SCORE-005-B01|T-SCORE-006-B01|T-STATE-001-B01|T-STATE-002-B01|T-STATE-003-B01|T-STATE-004-B01|T-STATE-005-B01|T-STATE-006-B01|T-STATE-008-B01|T-STATE-010-B01|T-TRAIN-005-B01|T-TRAIN-006-B01|T-TRAIN-007-B01,索引锁定来源；冲突时源文件及Approved单元规格优先，本表不得覆盖公式
RP-033,跨局学习输出,round_dynamic,"学习输出向量；每个特征0—1；历史长度受[GP-024](#gp-024)限制；对可学习特征\(f\)：\(Profile_{next}(f)=(1-\eta)Profile_{prev}(f)+\eta Observation_t(f)\)，\(\eta\in[0,1]\)。未公开信息对应的\(Observation\)必须为空且不得参与更新。",结算和复盘后生成,权威状态；仅经GP-021和PlayerView白名单按座位/阶段投影,成都麻将AI人类化决策规则_v1.md,§17.3+§18.4,6cbb4d4465abfd947b6cf7f1783db99408089d4e1646849a3afe674114267992,ALGO-001|ALGO-003|ALGO-004|ALGO-005|ALGO-006|ALGO-007|AUDIT-002|AUDIT-005|AUDIT-008|AUDIT-009|AUDIT-010|AUDIT-012|AUDIT-013|HEUR-004|HEUR-005|HEUR-019|HEUR-020|HEUR-021|HEUR-022|HEUR-023|MODEL-001|MODEL-002|MODEL-003|SCORE-002|SCORE-003|SCORE-004|SCORE-005|SCORE-006|STATE-001|STATE-002|STATE-003|STATE-004|STATE-005|STATE-006|STATE-010|TRAIN-003|TRAIN-004,T-ALGO-001-B01|T-ALGO-003-B01|T-ALGO-004-B01|T-ALGO-005-B01|T-ALGO-006-B01|T-ALGO-007-B01|T-AUDIT-002-B01|T-AUDIT-005-B01|T-AUDIT-008-B01|T-AUDIT-009-B01|T-AUDIT-010-B01|T-AUDIT-012-B01|T-AUDIT-013-B01|T-HEUR-004-B01|T-HEUR-005-B01|T-HEUR-019-B01|T-HEUR-020-B01|T-HEUR-021-B01|T-HEUR-022-B01|T-HEUR-023-B01|T-MODEL-001-B01|T-MODEL-002-B01|T-MODEL-003-B01|T-SCORE-002-B01|T-SCORE-003-B01|T-SCORE-004-B01|T-SCORE-005-B01|T-SCORE-006-B01|T-STATE-001-B01|T-STATE-002-B01|T-STATE-003-B01|T-STATE-004-B01|T-STATE-005-B01|T-STATE-006-B01|T-STATE-010-B01|T-TRAIN-003-B01|T-TRAIN-004-B01,索引锁定来源；冲突时源文件及Approved单元规格优先，本表不得覆盖公式
