batch_id,parallel_wave_id,allowed_business_paths,allowed_test_paths,allowed_evidence_paths,allowed_design_paths,read_only_shared_paths,forbidden_paths,public_interface_owner,global_document_owner,expected_new_files,expected_modified_files
T19-B2A1,W01,engine/round_state_store.py|engine/player_round_state.py|engine/hand_analysis_v1.py|engine/state.py|engine/shanten.py,tests/spec_v3/t19-b2a1_*.py,docs/spec-v3/task19/evidence/T19-B2A1/**,docs/spec-v3/task19/design/T19-B2A1/**,engine/invariants.py|engine/legal.py|engine/shanten.py|engine/state.py|engine/win_check.py|players/humanlike/candidates.py|players/humanlike/cognition.py|players/humanlike/hand_analyzer.py|players/humanlike/plan.py|players/humanlike/runtime.py|protocols/player_view_v2.py|training/oracle.py|tests/humanlike_v2/test_cognition.py|tests/humanlike_v2/test_deterministic_policy.py|tests/humanlike_v2/test_invariants.py|tests/humanlike_v2/test_player_view_v2.py|tests/humanlike_v2/test_runtime.py|tests/humanlike_v2/test_state_v5_migration.py|tests/test_analysis.py|tests/test_exchange_dingque.py|tests/test_reward.py|tests/test_shanten.py|tests/test_state_serde.py|tests/test_win_fan.py,docs/spec-v3/03-unit-specs/**|docs/spec-v3/contracts/**|docs/spec-v3/task19/task19_progress_tracker.md|docs/changelog.md|Task17 historical files,Terminal 1 / T19-B2A1,Terminal 0,batch DTO/facade/direct tests/E4/E5/progress delta after authorization,NONE until approved design assigns exact paths
T19-D01,W02,engine/task19/t19-d01_*.py,tests/spec_v3/t19-d01_*.py,docs/spec-v3/task19/evidence/T19-D01/**,docs/spec-v3/task19/design/T19-D01/**,engine/blood_battle.py|engine/deal.py|engine/dice.py|engine/game_id.py|engine/legal.py|engine/orchestrator.py|engine/session.py|players/humanlike/candidates.py|players/humanlike/config.py|players/humanlike/traceability.py|protocols/player_view_builder.py|tests/humanlike_v2/test_audit_replay.py|tests/humanlike_v2/test_cognition.py|tests/humanlike_v2/test_config.py|tests/humanlike_v2/test_deterministic_policy.py|tests/humanlike_v2/test_humanlike_player_integration.py|tests/humanlike_v2/test_player_view_v2.py|tests/test_analysis.py|tests/test_blood_battle.py|tests/test_legal_actions.py,docs/spec-v3/03-unit-specs/**|docs/spec-v3/contracts/**|docs/spec-v3/task19/task19_progress_tracker.md|docs/changelog.md|Task17 historical files,UNASSIGNED_UNTIL_DESIGN_APPROVAL,Terminal 0,batch DTO/facade/direct tests/E4/E5/progress delta after authorization,NONE until approved design assigns exact paths
T19-D02,W02,engine/task19/t19-d02_*.py,tests/spec_v3/t19-d02_*.py,docs/spec-v3/task19/evidence/T19-D02/**,docs/spec-v3/task19/design/T19-D02/**,engine/blood_battle.py|engine/exchange.py|engine/fan.py|engine/legal.py|engine/opening.py|engine/orchestrator.py|players/humanlike/cognition.py|players/humanlike/config.py|players/humanlike/player.py|players/humanlike/traceability.py|tests/humanlike_v2/test_cognition.py|tests/humanlike_v2/test_config.py|tests/humanlike_v2/test_deterministic_policy.py|tests/humanlike_v2/test_humanlike_player_integration.py|tests/test_analysis.py|tests/test_blood_battle.py|tests/test_exchange_dingque.py|tests/test_legal_actions.py|tests/test_session_scores.py,docs/spec-v3/03-unit-specs/**|docs/spec-v3/contracts/**|docs/spec-v3/task19/task19_progress_tracker.md|docs/changelog.md|Task17 historical files,UNASSIGNED_UNTIL_DESIGN_APPROVAL,Terminal 0,batch DTO/facade/direct tests/E4/E5/progress delta after authorization,NONE until approved design assigns exact paths
T19-D03,W03,engine/task19/t19-d03_*.py,tests/spec_v3/t19-d03_*.py,docs/spec-v3/task19/evidence/T19-D03/**,docs/spec-v3/task19/design/T19-D03/**,engine/legal.py|engine/orchestrator.py|players/humanlike/candidates.py|players/humanlike/player.py|players/humanlike/policy.py|players/humanlike/view.py|protocols/player_view_builder.py|protocols/player_view_v2.py|tests/humanlike_v2/test_cognition.py|tests/humanlike_v2/test_deterministic_policy.py|tests/humanlike_v2/test_humanlike_player_integration.py|tests/humanlike_v2/test_player_view_v2.py|tests/test_analysis.py|tests/test_session_scores.py,docs/spec-v3/03-unit-specs/**|docs/spec-v3/contracts/**|docs/spec-v3/task19/task19_progress_tracker.md|docs/changelog.md|Task17 historical files,UNASSIGNED_UNTIL_DESIGN_APPROVAL,Terminal 0,batch DTO/facade/direct tests/E4/E5/progress delta after authorization,NONE until approved design assigns exact paths
T19-D04,W03,engine/task19/t19-d04_*.py,tests/spec_v3/t19-d04_*.py,docs/spec-v3/task19/evidence/T19-D04/**,docs/spec-v3/task19/design/T19-D04/**,engine/blood_battle.py|engine/legal.py|engine/opening.py|engine/win_check.py|players/humanlike/candidates.py|protocols/player_view_builder.py|tests/humanlike_v2/test_deterministic_policy.py|tests/humanlike_v2/test_player_view_v2.py|tests/test_analysis.py|tests/test_blood_battle.py|tests/test_exchange_dingque.py|tests/test_legal_actions.py|tests/test_win_fan.py,docs/spec-v3/03-unit-specs/**|docs/spec-v3/contracts/**|docs/spec-v3/task19/task19_progress_tracker.md|docs/changelog.md|Task17 historical files,UNASSIGNED_UNTIL_DESIGN_APPROVAL,Terminal 0,batch DTO/facade/direct tests/E4/E5/progress delta after authorization,NONE until approved design assigns exact paths
T19-D05,W04,engine/task19/t19-d05_*.py,tests/spec_v3/t19-d05_*.py,docs/spec-v3/task19/evidence/T19-D05/**,docs/spec-v3/task19/design/T19-D05/**,engine/blood_battle.py|engine/legal.py|engine/opening.py|players/humanlike/belief.py|players/humanlike/candidates.py|players/humanlike/config.py|tests/humanlike_v2/test_config.py|tests/humanlike_v2/test_deterministic_policy.py|tests/test_analysis.py|tests/test_blood_battle.py|tests/test_exchange_dingque.py|tests/test_legal_actions.py,docs/spec-v3/03-unit-specs/**|docs/spec-v3/contracts/**|docs/spec-v3/task19/task19_progress_tracker.md|docs/changelog.md|Task17 historical files,UNASSIGNED_UNTIL_DESIGN_APPROVAL,Terminal 0,batch DTO/facade/direct tests/E4/E5/progress delta after authorization,NONE until approved design assigns exact paths
T19-D06,W05,engine/task19/t19-d06_*.py,tests/spec_v3/t19-d06_*.py,docs/spec-v3/task19/evidence/T19-D06/**,docs/spec-v3/task19/design/T19-D06/**,engine/audit.py|engine/blood_battle.py|engine/deal.py|engine/dice.py|engine/fan.py|engine/game_id.py|engine/legal.py|engine/opening.py|engine/replay.py|engine/score.py|players/humanlike/belief.py|players/humanlike/candidates.py|players/humanlike/view.py|protocols/player_view_builder.py|protocols/player_view_v2.py|tests/humanlike_v2/test_audit_replay.py|tests/humanlike_v2/test_cognition.py|tests/humanlike_v2/test_deterministic_policy.py|tests/humanlike_v2/test_player_view_v2.py|tests/test_analysis.py|tests/test_blood_battle.py|tests/test_exchange_dingque.py|tests/test_legal_actions.py|tests/test_persistence.py|tests/test_score.py|tests/test_score_ledger.py,docs/spec-v3/03-unit-specs/**|docs/spec-v3/contracts/**|docs/spec-v3/task19/task19_progress_tracker.md|docs/changelog.md|Task17 historical files,UNASSIGNED_UNTIL_DESIGN_APPROVAL,Terminal 0,batch DTO/facade/direct tests/E4/E5/progress delta after authorization,NONE until approved design assigns exact paths
T19-D07,W06,engine/task19/t19-d07_*.py,tests/spec_v3/t19-d07_*.py,docs/spec-v3/task19/evidence/T19-D07/**,docs/spec-v3/task19/design/T19-D07/**,engine/blood_battle.py|engine/legal.py|engine/orchestrator.py|engine/session.py|players/humanlike/belief.py|players/humanlike/candidates.py|training/env.py|tests/humanlike_v2/test_deterministic_policy.py|tests/humanlike_v2/test_humanlike_player_integration.py|tests/humanlike_v2/test_training_contract_v2.py|tests/test_analysis.py|tests/test_blood_battle.py|tests/test_env.py,docs/spec-v3/03-unit-specs/**|docs/spec-v3/contracts/**|docs/spec-v3/task19/task19_progress_tracker.md|docs/changelog.md|Task17 historical files,UNASSIGNED_UNTIL_DESIGN_APPROVAL,Terminal 0,batch DTO/facade/direct tests/E4/E5/progress delta after authorization,NONE until approved design assigns exact paths
T19-D08,W07,engine/task19/t19-d08_*.py,tests/spec_v3/t19-d08_*.py,docs/spec-v3/task19/evidence/T19-D08/**,docs/spec-v3/task19/design/T19-D08/**,engine/blood_battle.py|engine/orchestrator.py|engine/session.py|training/env.py|tests/humanlike_v2/test_humanlike_player_integration.py|tests/humanlike_v2/test_training_contract_v2.py|tests/test_blood_battle.py|tests/test_env.py,docs/spec-v3/03-unit-specs/**|docs/spec-v3/contracts/**|docs/spec-v3/task19/task19_progress_tracker.md|docs/changelog.md|Task17 historical files,UNASSIGNED_UNTIL_DESIGN_APPROVAL,Terminal 0,batch DTO/facade/direct tests/E4/E5/progress delta after authorization,NONE until approved design assigns exact paths
T19-D09,W08,engine/task19/t19-d09_*.py,tests/spec_v3/t19-d09_*.py,docs/spec-v3/task19/evidence/T19-D09/**,docs/spec-v3/task19/design/T19-D09/**,engine/blood_battle.py|engine/fan.py|engine/orchestrator.py|engine/score.py|engine/session.py|tests/humanlike_v2/test_humanlike_player_integration.py|tests/test_blood_battle.py|tests/test_score.py|tests/test_score_ledger.py|tests/test_session_scores.py,docs/spec-v3/03-unit-specs/**|docs/spec-v3/contracts/**|docs/spec-v3/task19/task19_progress_tracker.md|docs/changelog.md|Task17 historical files,UNASSIGNED_UNTIL_DESIGN_APPROVAL,Terminal 0,batch DTO/facade/direct tests/E4/E5/progress delta after authorization,NONE until approved design assigns exact paths
T19-D10,W01,engine/task19/t19-d10_*.py,tests/spec_v3/t19-d10_*.py,docs/spec-v3/task19/evidence/T19-D10/**,docs/spec-v3/task19/design/T19-D10/**,players/analysis/danger.py|players/analysis/opponent_model.py|players/humanlike/belief.py|players/humanlike/runtime.py|players/humanlike/view.py|protocols/player_view_builder.py|protocols/player_view_v2.py|training/env.py|tests/humanlike_v2/test_deterministic_policy.py|tests/humanlike_v2/test_player_view_v2.py|tests/humanlike_v2/test_runtime.py|tests/humanlike_v2/test_training_contract_v2.py|tests/test_discard_recommend.py|tests/test_env.py|tests/test_f0011_integrated.py,docs/spec-v3/03-unit-specs/**|docs/spec-v3/contracts/**|docs/spec-v3/task19/task19_progress_tracker.md|docs/changelog.md|Task17 historical files,UNASSIGNED_UNTIL_DESIGN_APPROVAL,Terminal 0,batch DTO/facade/direct tests/E4/E5/progress delta after authorization,NONE until approved design assigns exact paths
T19-D11,W03,engine/task19/t19-d11_*.py,tests/spec_v3/t19-d11_*.py,docs/spec-v3/task19/evidence/T19-D11/**,docs/spec-v3/task19/design/T19-D11/**,engine/blood_battle.py|engine/legal.py|engine/orchestrator.py|engine/session.py|players/analysis/danger.py|players/analysis/opponent_model.py|players/humanlike/belief.py|players/humanlike/candidates.py|players/humanlike/player.py|players/humanlike/policy.py|players/humanlike/runtime.py|players/humanlike/view.py|protocols/player_view_builder.py|protocols/player_view_v2.py|training/observations_v2.py|tests/humanlike_v2/test_cognition.py|tests/humanlike_v2/test_deterministic_policy.py|tests/humanlike_v2/test_humanlike_player_integration.py|tests/humanlike_v2/test_player_view_v2.py|tests/humanlike_v2/test_runtime.py|tests/humanlike_v2/test_training_contract_v2.py|tests/test_analysis.py|tests/test_blood_battle.py|tests/test_discard_recommend.py|tests/test_f0011_integrated.py,docs/spec-v3/03-unit-specs/**|docs/spec-v3/contracts/**|docs/spec-v3/task19/task19_progress_tracker.md|docs/changelog.md|Task17 historical files,UNASSIGNED_UNTIL_DESIGN_APPROVAL,Terminal 0,batch DTO/facade/direct tests/E4/E5/progress delta after authorization,NONE until approved design assigns exact paths
T19-D12,W04,engine/task19/t19-d12_*.py,tests/spec_v3/t19-d12_*.py,docs/spec-v3/task19/evidence/T19-D12/**,docs/spec-v3/task19/design/T19-D12/**,engine/legal.py|engine/session.py|players/base_player.py|players/humanlike/candidates.py|players/humanlike/runtime.py|protocols/player_view_builder.py|tests/humanlike_v2/test_deterministic_policy.py|tests/humanlike_v2/test_player_view_v2.py|tests/humanlike_v2/test_runtime.py|tests/test_analysis.py|tests/test_blood_battle.py,docs/spec-v3/03-unit-specs/**|docs/spec-v3/contracts/**|docs/spec-v3/task19/task19_progress_tracker.md|docs/changelog.md|Task17 historical files,UNASSIGNED_UNTIL_DESIGN_APPROVAL,Terminal 0,batch DTO/facade/direct tests/E4/E5/progress delta after authorization,NONE until approved design assigns exact paths
T19-D13,W09,engine/task19/t19-d13_*.py,tests/spec_v3/t19-d13_*.py,docs/spec-v3/task19/evidence/T19-D13/**,docs/spec-v3/task19/design/T19-D13/**,engine/audit.py|engine/orchestrator.py|engine/session.py|players/humanlike/cognition.py|players/humanlike/player.py|players/humanlike/runtime.py|protocols/player_view_v2.py|tests/humanlike_v2/test_audit_replay.py|tests/humanlike_v2/test_cognition.py|tests/humanlike_v2/test_deterministic_policy.py|tests/humanlike_v2/test_humanlike_player_integration.py|tests/humanlike_v2/test_runtime.py|tests/test_blood_battle.py|tests/test_session_scores.py,docs/spec-v3/03-unit-specs/**|docs/spec-v3/contracts/**|docs/spec-v3/task19/task19_progress_tracker.md|docs/changelog.md|Task17 historical files,UNASSIGNED_UNTIL_DESIGN_APPROVAL,Terminal 0,batch DTO/facade/direct tests/E4/E5/progress delta after authorization,NONE until approved design assigns exact paths
T19-D14,W04,engine/task19/t19-d14_*.py,tests/spec_v3/t19-d14_*.py,docs/spec-v3/task19/evidence/T19-D14/**,docs/spec-v3/task19/design/T19-D14/**,engine/persistence.py|players/humanlike/config.py|players/humanlike/runtime.py|tests/humanlike_v2/test_config.py|tests/humanlike_v2/test_runtime.py,docs/spec-v3/03-unit-specs/**|docs/spec-v3/contracts/**|docs/spec-v3/task19/task19_progress_tracker.md|docs/changelog.md|Task17 historical files,UNASSIGNED_UNTIL_DESIGN_APPROVAL,Terminal 0,batch DTO/facade/direct tests/E4/E5/progress delta after authorization,NONE until approved design assigns exact paths
T19-H01,W11,players/humanlike/t19-h01_*.py,tests/spec_v3/t19-h01_*.py,docs/spec-v3/task19/evidence/T19-H01/**,docs/spec-v3/task19/design/T19-H01/**,engine/exchange.py|engine/opening.py|engine/shanten.py|engine/win_check.py|players/humanlike/cognition.py|players/humanlike/hand_analyzer.py|players/humanlike/plan.py|players/humanlike/player.py|players/humanlike/policy.py|tests/humanlike_v2/test_cognition.py|tests/humanlike_v2/test_deterministic_policy.py|tests/humanlike_v2/test_humanlike_player_integration.py|tests/test_exchange_dingque.py|tests/test_shanten.py|tests/test_win_fan.py,docs/spec-v3/03-unit-specs/**|docs/spec-v3/contracts/**|docs/spec-v3/task19/task19_progress_tracker.md|docs/changelog.md|Task17 historical files,UNASSIGNED_UNTIL_DESIGN_APPROVAL,Terminal 0,batch DTO/facade/direct tests/E4/E5/progress delta after authorization,NONE until approved design assigns exact paths
T19-H02,W09,players/humanlike/t19-h02_*.py,tests/spec_v3/t19-h02_*.py,docs/spec-v3/task19/evidence/T19-H02/**,docs/spec-v3/task19/design/T19-H02/**,engine/fan.py|players/humanlike/cognition.py|players/humanlike/config.py|players/humanlike/traceability.py|players/humanlike/view.py|protocols/player_view_builder.py|protocols/player_view_v2.py|tests/humanlike_v2/test_cognition.py|tests/humanlike_v2/test_config.py|tests/humanlike_v2/test_deterministic_policy.py|tests/humanlike_v2/test_player_view_v2.py,docs/spec-v3/03-unit-specs/**|docs/spec-v3/contracts/**|docs/spec-v3/task19/task19_progress_tracker.md|docs/changelog.md|Task17 historical files,UNASSIGNED_UNTIL_DESIGN_APPROVAL,Terminal 0,batch DTO/facade/direct tests/E4/E5/progress delta after authorization,NONE until approved design assigns exact paths
T19-H03,W10,players/humanlike/t19-h03_*.py,tests/spec_v3/t19-h03_*.py,docs/spec-v3/task19/evidence/T19-H03/**,docs/spec-v3/task19/design/T19-H03/**,engine/fan.py|engine/score.py|players/humanlike/cognition.py|players/humanlike/config.py|players/humanlike/memory.py|players/humanlike/player.py|players/humanlike/policy.py|players/humanlike/runtime.py|players/humanlike/traceability.py|training/observations_v2.py|tests/humanlike_v2/test_cognition.py|tests/humanlike_v2/test_config.py|tests/humanlike_v2/test_deterministic_policy.py|tests/humanlike_v2/test_humanlike_player_integration.py|tests/humanlike_v2/test_training_contract_v2.py|tests/test_score.py|tests/test_score_ledger.py,docs/spec-v3/03-unit-specs/**|docs/spec-v3/contracts/**|docs/spec-v3/task19/task19_progress_tracker.md|docs/changelog.md|Task17 historical files,UNASSIGNED_UNTIL_DESIGN_APPROVAL,Terminal 0,batch DTO/facade/direct tests/E4/E5/progress delta after authorization,NONE until approved design assigns exact paths
T19-H04,W12,players/humanlike/t19-h04_*.py,tests/spec_v3/t19-h04_*.py,docs/spec-v3/task19/evidence/T19-H04/**,docs/spec-v3/task19/design/T19-H04/**,engine/blood_battle.py|engine/orchestrator.py|engine/session.py|players/analysis/danger.py|players/analysis/opponent_model.py|players/humanlike/belief.py|players/humanlike/cognition.py|players/humanlike/config.py|players/humanlike/hand_analyzer.py|players/humanlike/plan.py|players/humanlike/player.py|players/humanlike/policy.py|players/humanlike/traceability.py|tests/humanlike_v2/test_cognition.py|tests/humanlike_v2/test_config.py|tests/humanlike_v2/test_deterministic_policy.py|tests/humanlike_v2/test_humanlike_player_integration.py|tests/test_blood_battle.py|tests/test_discard_recommend.py|tests/test_f0011_integrated.py|tests/test_session_scores.py,docs/spec-v3/03-unit-specs/**|docs/spec-v3/contracts/**|docs/spec-v3/task19/task19_progress_tracker.md|docs/changelog.md|Task17 historical files,UNASSIGNED_UNTIL_DESIGN_APPROVAL,Terminal 0,batch DTO/facade/direct tests/E4/E5/progress delta after authorization,NONE until approved design assigns exact paths
T19-H05,W13,players/humanlike/t19-h05_*.py,tests/spec_v3/t19-h05_*.py,docs/spec-v3/task19/evidence/T19-H05/**,docs/spec-v3/task19/design/T19-H05/**,engine/blood_battle.py|engine/legal.py|players/analysis/danger.py|players/analysis/opponent_model.py|players/humanlike/belief.py|players/humanlike/candidates.py|players/humanlike/cognition.py|players/humanlike/config.py|players/humanlike/evaluator.py|players/humanlike/plan.py|players/humanlike/view.py|protocols/player_view_builder.py|protocols/player_view_v2.py|tests/humanlike_v2/test_cognition.py|tests/humanlike_v2/test_config.py|tests/humanlike_v2/test_deterministic_policy.py|tests/humanlike_v2/test_player_view_v2.py|tests/test_blood_battle.py|tests/test_discard_recommend.py|tests/test_f0011_integrated.py,docs/spec-v3/03-unit-specs/**|docs/spec-v3/contracts/**|docs/spec-v3/task19/task19_progress_tracker.md|docs/changelog.md|Task17 historical files,UNASSIGNED_UNTIL_DESIGN_APPROVAL,Terminal 0,batch DTO/facade/direct tests/E4/E5/progress delta after authorization,NONE until approved design assigns exact paths
T19-H06,W13,players/humanlike/t19-h06_*.py,tests/spec_v3/t19-h06_*.py,docs/spec-v3/task19/evidence/T19-H06/**,docs/spec-v3/task19/design/T19-H06/**,engine/legal.py|players/humanlike/candidates.py|players/humanlike/cognition.py|players/humanlike/hand_analyzer.py|players/humanlike/plan.py|players/humanlike/player.py|players/humanlike/policy.py|players/humanlike/runtime.py|protocols/player_view_builder.py|tests/humanlike_v2/test_cognition.py|tests/humanlike_v2/test_deterministic_policy.py|tests/humanlike_v2/test_humanlike_player_integration.py|tests/humanlike_v2/test_player_view_v2.py|tests/humanlike_v2/test_runtime.py|tests/test_analysis.py,docs/spec-v3/03-unit-specs/**|docs/spec-v3/contracts/**|docs/spec-v3/task19/task19_progress_tracker.md|docs/changelog.md|Task17 historical files,UNASSIGNED_UNTIL_DESIGN_APPROVAL,Terminal 0,batch DTO/facade/direct tests/E4/E5/progress delta after authorization,NONE until approved design assigns exact paths
T19-H07,W13,players/humanlike/t19-h07_*.py,tests/spec_v3/t19-h07_*.py,docs/spec-v3/task19/evidence/T19-H07/**,docs/spec-v3/task19/design/T19-H07/**,engine/legal.py|players/analysis/danger.py|players/analysis/opponent_model.py|players/humanlike/belief.py|players/humanlike/candidates.py|training/env.py|tests/humanlike_v2/test_deterministic_policy.py|tests/humanlike_v2/test_training_contract_v2.py|tests/test_analysis.py|tests/test_discard_recommend.py|tests/test_env.py|tests/test_f0011_integrated.py,docs/spec-v3/03-unit-specs/**|docs/spec-v3/contracts/**|docs/spec-v3/task19/task19_progress_tracker.md|docs/changelog.md|Task17 historical files,UNASSIGNED_UNTIL_DESIGN_APPROVAL,Terminal 0,batch DTO/facade/direct tests/E4/E5/progress delta after authorization,NONE until approved design assigns exact paths
T19-H08,W11,players/humanlike/t19-h08_*.py,tests/spec_v3/t19-h08_*.py,docs/spec-v3/task19/evidence/T19-H08/**,docs/spec-v3/task19/design/T19-H08/**,,docs/spec-v3/03-unit-specs/**|docs/spec-v3/contracts/**|docs/spec-v3/task19/task19_progress_tracker.md|docs/changelog.md|Task17 historical files,UNASSIGNED_UNTIL_DESIGN_APPROVAL,Terminal 0,batch DTO/facade/direct tests/E4/E5/progress delta after authorization,NONE until approved design assigns exact paths
T19-H09,W14,players/humanlike/t19-h09_*.py,tests/spec_v3/t19-h09_*.py,docs/spec-v3/task19/evidence/T19-H09/**,docs/spec-v3/task19/design/T19-H09/**,players/humanlike/cognition.py|players/humanlike/plan.py|tests/humanlike_v2/test_cognition.py,docs/spec-v3/03-unit-specs/**|docs/spec-v3/contracts/**|docs/spec-v3/task19/task19_progress_tracker.md|docs/changelog.md|Task17 historical files,UNASSIGNED_UNTIL_DESIGN_APPROVAL,Terminal 0,batch DTO/facade/direct tests/E4/E5/progress delta after authorization,NONE until approved design assigns exact paths
T19-M01,W12,tools/t19-m01_*.py,tests/spec_v3/t19-m01_*.py,docs/spec-v3/task19/evidence/T19-M01/**,docs/spec-v3/task19/design/T19-M01/**,engine/audit.py|players/analysis/danger.py|players/analysis/opponent_model.py|players/humanlike/belief.py|players/humanlike/cognition.py|players/humanlike/config.py|players/humanlike/player.py|players/humanlike/policy.py|players/humanlike/runtime.py|players/humanlike/traceability.py|players/humanlike/view.py|protocols/player_view_builder.py|protocols/player_view_v2.py|training/env.py|tests/humanlike_v2/test_audit_replay.py|tests/humanlike_v2/test_cognition.py|tests/humanlike_v2/test_config.py|tests/humanlike_v2/test_deterministic_policy.py|tests/humanlike_v2/test_humanlike_player_integration.py|tests/humanlike_v2/test_player_view_v2.py|tests/humanlike_v2/test_training_contract_v2.py|tests/test_discard_recommend.py|tests/test_env.py|tests/test_f0011_integrated.py,docs/spec-v3/03-unit-specs/**|docs/spec-v3/contracts/**|docs/spec-v3/task19/task19_progress_tracker.md|docs/changelog.md|Task17 historical files,UNASSIGNED_UNTIL_DESIGN_APPROVAL,Terminal 0,batch DTO/facade/direct tests/E4/E5/progress delta after authorization,NONE until approved design assigns exact paths
T19-M02,W04,tools/t19-m02_*.py,tests/spec_v3/t19-m02_*.py,docs/spec-v3/task19/evidence/T19-M02/**,docs/spec-v3/task19/design/T19-M02/**,training/action_codec_v2.py|tests/humanlike_v2/test_training_contract_v2.py,docs/spec-v3/03-unit-specs/**|docs/spec-v3/contracts/**|docs/spec-v3/task19/task19_progress_tracker.md|docs/changelog.md|Task17 historical files,UNASSIGNED_UNTIL_DESIGN_APPROVAL,Terminal 0,batch DTO/facade/direct tests/E4/E5/progress delta after authorization,NONE until approved design assigns exact paths
T19-M03,W13,tools/t19-m03_*.py,tests/spec_v3/t19-m03_*.py,docs/spec-v3/task19/evidence/T19-M03/**,docs/spec-v3/task19/design/T19-M03/**,training/action_codec_v2.py|tests/humanlike_v2/test_training_contract_v2.py,docs/spec-v3/03-unit-specs/**|docs/spec-v3/contracts/**|docs/spec-v3/task19/task19_progress_tracker.md|docs/changelog.md|Task17 historical files,UNASSIGNED_UNTIL_DESIGN_APPROVAL,Terminal 0,batch DTO/facade/direct tests/E4/E5/progress delta after authorization,NONE until approved design assigns exact paths
T19-X01,W11,tools/t19-x01_*.py,tests/spec_v3/t19-x01_*.py,docs/spec-v3/task19/evidence/T19-X01/**,docs/spec-v3/task19/design/T19-X01/**,players/humanlike/belief.py:build_public_belief→model_001_rule_baseline|tests/spec_v3/test_model_001.py,docs/spec-v3/03-unit-specs/**|docs/spec-v3/contracts/**|docs/spec-v3/task19/task19_progress_tracker.md|docs/changelog.md|Task17 historical files,UNASSIGNED_UNTIL_DESIGN_APPROVAL,Terminal 0,batch DTO/facade/direct tests/E4/E5/progress delta after authorization,NONE until approved design assigns exact paths
T19-T01,W03,training/t19-t01_*.py,tests/spec_v3/t19-t01_*.py,docs/spec-v3/task19/evidence/T19-T01/**,docs/spec-v3/task19/design/T19-T01/**,engine/blood_battle.py|engine/orchestrator.py|engine/session.py|training/action_codec_v2.py|training/env.py|training/reward_v2.py|tests/humanlike_v2/test_humanlike_player_integration.py|tests/humanlike_v2/test_training_contract_v2.py|tests/test_blood_battle.py|tests/test_env.py|tests/test_session_scores.py,docs/spec-v3/03-unit-specs/**|docs/spec-v3/contracts/**|docs/spec-v3/task19/task19_progress_tracker.md|docs/changelog.md|Task17 historical files,UNASSIGNED_UNTIL_DESIGN_APPROVAL,Terminal 0,batch DTO/facade/direct tests/E4/E5/progress delta after authorization,NONE until approved design assigns exact paths
T19-T02,W04,training/t19-t02_*.py,tests/spec_v3/t19-t02_*.py,docs/spec-v3/task19/evidence/T19-T02/**,docs/spec-v3/task19/design/T19-T02/**,engine/audit.py|engine/replay.py|training/env.py|tests/humanlike_v2/test_audit_replay.py|tests/humanlike_v2/test_training_contract_v2.py|tests/test_env.py|tests/test_persistence.py,docs/spec-v3/03-unit-specs/**|docs/spec-v3/contracts/**|docs/spec-v3/task19/task19_progress_tracker.md|docs/changelog.md|Task17 historical files,UNASSIGNED_UNTIL_DESIGN_APPROVAL,Terminal 0,batch DTO/facade/direct tests/E4/E5/progress delta after authorization,NONE until approved design assigns exact paths
T19-T03,W05,training/t19-t03_*.py,tests/spec_v3/t19-t03_*.py,docs/spec-v3/task19/evidence/T19-T03/**,docs/spec-v3/task19/design/T19-T03/**,engine/audit.py|engine/invariants.py|engine/state.py|training/action_codec_v2.py|tests/humanlike_v2/test_audit_replay.py|tests/humanlike_v2/test_invariants.py|tests/humanlike_v2/test_state_v5_migration.py|tests/humanlike_v2/test_training_contract_v2.py|tests/test_exchange_dingque.py|tests/test_reward.py|tests/test_state_serde.py,docs/spec-v3/03-unit-specs/**|docs/spec-v3/contracts/**|docs/spec-v3/task19/task19_progress_tracker.md|docs/changelog.md|Task17 historical files,UNASSIGNED_UNTIL_DESIGN_APPROVAL,Terminal 0,batch DTO/facade/direct tests/E4/E5/progress delta after authorization,NONE until approved design assigns exact paths
T19-T04,W06,training/t19-t04_*.py,tests/spec_v3/t19-t04_*.py,docs/spec-v3/task19/evidence/T19-T04/**,docs/spec-v3/task19/design/T19-T04/**,engine/blood_battle.py|engine/invariants.py|engine/orchestrator.py|engine/session.py|engine/state.py|training/action_codec_v2.py|tests/humanlike_v2/test_humanlike_player_integration.py|tests/humanlike_v2/test_invariants.py|tests/humanlike_v2/test_state_v5_migration.py|tests/humanlike_v2/test_training_contract_v2.py|tests/test_blood_battle.py|tests/test_exchange_dingque.py|tests/test_reward.py|tests/test_session_scores.py|tests/test_state_serde.py,docs/spec-v3/03-unit-specs/**|docs/spec-v3/contracts/**|docs/spec-v3/task19/task19_progress_tracker.md|docs/changelog.md|Task17 historical files,UNASSIGNED_UNTIL_DESIGN_APPROVAL,Terminal 0,batch DTO/facade/direct tests/E4/E5/progress delta after authorization,NONE until approved design assigns exact paths
T19-X02,W12,tools/t19-x02_*.py,tests/spec_v3/t19-x02_*.py,docs/spec-v3/task19/evidence/T19-X02/**,docs/spec-v3/task19/design/T19-X02/**,training/action_codec_v2.py|tests/humanlike_v2/test_training_contract_v2.py,docs/spec-v3/03-unit-specs/**|docs/spec-v3/contracts/**|docs/spec-v3/task19/task19_progress_tracker.md|docs/changelog.md|Task17 historical files,UNASSIGNED_UNTIL_DESIGN_APPROVAL,Terminal 0,batch DTO/facade/direct tests/E4/E5/progress delta after authorization,NONE until approved design assigns exact paths
T19-A01,W10,tools/t19-a01_*.py,tests/spec_v3/t19-a01_*.py,docs/spec-v3/task19/evidence/T19-A01/**,docs/spec-v3/task19/design/T19-A01/**,engine/audit.py|engine/blood_battle.py|engine/orchestrator.py|engine/physical_tile.py|engine/session.py|engine/state.py|players/humanlike/audit_replay.py|players/humanlike/cognition.py|players/humanlike/config.py|players/humanlike/plan.py|players/humanlike/traceability.py|protocols/player_view_builder.py|tests/humanlike_v2/test_audit_replay.py|tests/humanlike_v2/test_cognition.py|tests/humanlike_v2/test_config.py|tests/humanlike_v2/test_humanlike_player_integration.py|tests/humanlike_v2/test_player_view_v2.py|tests/humanlike_v2/test_state_v5_migration.py|tests/test_blood_battle.py|tests/test_exchange_dingque.py|tests/test_reward.py|tests/test_session_scores.py|tests/test_state_serde.py,docs/spec-v3/03-unit-specs/**|docs/spec-v3/contracts/**|docs/spec-v3/task19/task19_progress_tracker.md|docs/changelog.md|Task17 historical files,UNASSIGNED_UNTIL_DESIGN_APPROVAL,Terminal 0,batch DTO/facade/direct tests/E4/E5/progress delta after authorization,NONE until approved design assigns exact paths
T19-A02,W05,tools/t19-a02_*.py,tests/spec_v3/t19-a02_*.py,docs/spec-v3/task19/evidence/T19-A02/**,docs/spec-v3/task19/design/T19-A02/**,engine/blood_battle.py|engine/legal.py|engine/orchestrator.py|engine/physical_tile.py|engine/session.py|engine/state.py|players/base_player.py|players/humanlike/candidates.py|players/humanlike/view.py|protocols/player_view_builder.py|protocols/player_view_v2.py|tests/humanlike_v2/test_deterministic_policy.py|tests/humanlike_v2/test_humanlike_player_integration.py|tests/humanlike_v2/test_player_view_v2.py|tests/humanlike_v2/test_state_v5_migration.py|tests/test_analysis.py|tests/test_blood_battle.py|tests/test_exchange_dingque.py|tests/test_reward.py|tests/test_session_scores.py|tests/test_state_serde.py,docs/spec-v3/03-unit-specs/**|docs/spec-v3/contracts/**|docs/spec-v3/task19/task19_progress_tracker.md|docs/changelog.md|Task17 historical files,UNASSIGNED_UNTIL_DESIGN_APPROVAL,Terminal 0,batch DTO/facade/direct tests/E4/E5/progress delta after authorization,NONE until approved design assigns exact paths
T19-A03,W06,tools/t19-a03_*.py,tests/spec_v3/t19-a03_*.py,docs/spec-v3/task19/evidence/T19-A03/**,docs/spec-v3/task19/design/T19-A03/**,engine/exchange.py|engine/legal.py|engine/opening.py|players/humanlike/candidates.py|protocols/player_view_builder.py|tests/humanlike_v2/test_deterministic_policy.py|tests/humanlike_v2/test_player_view_v2.py|tests/test_analysis.py|tests/test_exchange_dingque.py,docs/spec-v3/03-unit-specs/**|docs/spec-v3/contracts/**|docs/spec-v3/task19/task19_progress_tracker.md|docs/changelog.md|Task17 historical files,UNASSIGNED_UNTIL_DESIGN_APPROVAL,Terminal 0,batch DTO/facade/direct tests/E4/E5/progress delta after authorization,NONE until approved design assigns exact paths
T19-A04,W07,tools/t19-a04_*.py,tests/spec_v3/t19-a04_*.py,docs/spec-v3/task19/evidence/T19-A04/**,docs/spec-v3/task19/design/T19-A04/**,players/humanlike/config.py|players/humanlike/runtime.py|players/humanlike/traceability.py|tests/humanlike_v2/test_config.py|tests/humanlike_v2/test_runtime.py,docs/spec-v3/03-unit-specs/**|docs/spec-v3/contracts/**|docs/spec-v3/task19/task19_progress_tracker.md|docs/changelog.md|Task17 historical files,UNASSIGNED_UNTIL_DESIGN_APPROVAL,Terminal 0,batch DTO/facade/direct tests/E4/E5/progress delta after authorization,NONE until approved design assigns exact paths
T19-A05,W08,tools/t19-a05_*.py,tests/spec_v3/t19-a05_*.py,docs/spec-v3/task19/evidence/T19-A05/**,docs/spec-v3/task19/design/T19-A05/**,engine/persistence.py|players/humanlike/config.py|players/humanlike/traceability.py|players/humanlike/view.py|protocols/player_view_builder.py|protocols/player_view_v2.py|tests/humanlike_v2/test_config.py|tests/humanlike_v2/test_deterministic_policy.py|tests/humanlike_v2/test_player_view_v2.py,docs/spec-v3/03-unit-specs/**|docs/spec-v3/contracts/**|docs/spec-v3/task19/task19_progress_tracker.md|docs/changelog.md|Task17 historical files,UNASSIGNED_UNTIL_DESIGN_APPROVAL,Terminal 0,batch DTO/facade/direct tests/E4/E5/progress delta after authorization,NONE until approved design assigns exact paths
T19-A06,W11,tools/t19-a06_*.py,tests/spec_v3/t19-a06_*.py,docs/spec-v3/task19/evidence/T19-A06/**,docs/spec-v3/task19/design/T19-A06/**,engine/audit.py|engine/orchestrator.py|engine/shanten.py|engine/state.py|engine/win_check.py|players/humanlike/audit_replay.py|players/humanlike/hand_analyzer.py|training/env.py|tests/humanlike_v2/test_audit_replay.py|tests/humanlike_v2/test_humanlike_player_integration.py|tests/humanlike_v2/test_state_v5_migration.py|tests/humanlike_v2/test_training_contract_v2.py|tests/test_env.py|tests/test_exchange_dingque.py|tests/test_reward.py|tests/test_session_scores.py|tests/test_shanten.py|tests/test_win_fan.py,docs/spec-v3/03-unit-specs/**|docs/spec-v3/contracts/**|docs/spec-v3/task19/task19_progress_tracker.md|docs/changelog.md|Task17 historical files,UNASSIGNED_UNTIL_DESIGN_APPROVAL,Terminal 0,batch DTO/facade/direct tests/E4/E5/progress delta after authorization,NONE until approved design assigns exact paths
T19-X03,W14,tools/t19-x03_*.py,tests/spec_v3/t19-x03_*.py,docs/spec-v3/task19/evidence/T19-X03/**,docs/spec-v3/task19/design/T19-X03/**,players/humanlike/view.py|protocols/player_view_builder.py|protocols/player_view_v2.py|tests/humanlike_v2/test_deterministic_policy.py|tests/humanlike_v2/test_player_view_v2.py,docs/spec-v3/03-unit-specs/**|docs/spec-v3/contracts/**|docs/spec-v3/task19/task19_progress_tracker.md|docs/changelog.md|Task17 historical files,UNASSIGNED_UNTIL_DESIGN_APPROVAL,Terminal 0,batch DTO/facade/direct tests/E4/E5/progress delta after authorization,NONE until approved design assigns exact paths
