path,git_status,classification,source_task,related_units,approval_or_audit_reference,evidence_manifest_reference,sha256,byte_size,include_in_checkpoint,reason,risk,owner_decision_required,resolved_classification,resolved_related_units,resolved_include,resolution_reason,remaining_decision
engine/__init__.py, M,REQUIRES_OWNER_DECISION,MULTI_TASK_CODE,,,,2c068dc8e5cff657381210f1c0b127e2abf752cdc820896b88ec41850152d749,3486,false,Business/test code has no unique full-hash audit attribution in available manifests,HIGH,true,INCLUDE_REQUIRED_PRODUCTION_BASELINE,MULTI_AUDITED_EXPORTS,true,Production symbol is directly used by an AUDITED unit or its public export closure,false
engine/legal.py, M,REQUIRES_OWNER_DECISION,MULTI_TASK_CODE,,,,c9f17533f856a1b3c3e98f72f435137eb801b2ddbc3f0395b4438800d0f598c5,5671,false,Business/test code has no unique full-hash audit attribution in available manifests,HIGH,true,INCLUDE_REQUIRED_PRODUCTION_BASELINE,RULE-003,true,Production symbol is directly used by an AUDITED unit or its public export closure,false
engine/physical_tile.py, M,REQUIRES_OWNER_DECISION,MULTI_TASK_CODE,,,,3d42acd7b2619478e5c7d6a3069b9224235b454149cb083e2557e956b3ca38f8,5834,false,Business/test code has no unique full-hash audit attribution in available manifests,HIGH,true,INCLUDE_REQUIRED_PRODUCTION_BASELINE,ALGO-001,true,Production symbol is directly used by an AUDITED unit or its public export closure,false
engine/replay.py, M,REQUIRES_AUDIT_RECHECK,B1-A,STATE-010|ALGO-009|ALGO-011,docs/spec-v3/reports/B1-A_E5_trace_matrix.csv,,a98e2e0be1189080d4ee1a1575a50a2ad761676e8a8d2775fe29a31380a38cf5,4103,false,B1-A trace references file but no full per-file audit hash is available,HIGH,true,INCLUDE_REQUIRED_PRODUCTION_BASELINE,ALGO-011,true,"Scoped B1-A re-audit passed: approved E5 symbol/test attribution, two deterministic direct-test runs, current full SHA-256 captured in supplemental manifest",false
engine/score.py, M,REQUIRES_OWNER_DECISION,MULTI_TASK_CODE,,,,566f605ad7c1b2bcf2fb03c9c303a00270bacab9395a872561121f7f80845c17,16500,false,Business/test code has no unique full-hash audit attribution in available manifests,HIGH,true,INCLUDE_REQUIRED_PRODUCTION_BASELINE,SCORE-001,true,Production symbol is directly used by an AUDITED unit or its public export closure,false
players/humanlike/__init__.py, M,REQUIRES_OWNER_DECISION,MULTI_TASK_CODE,,,,227d58a5cdc87e661ca8a3c91af6bc127fc692528dad97c0dc700ed4592e15f2,1243,false,Business/test code has no unique full-hash audit attribution in available manifests,HIGH,true,INCLUDE_REQUIRED_PRODUCTION_BASELINE,B1-A_EXPORTS,true,Production symbol is directly used by an AUDITED unit or its public export closure,false
players/humanlike/attention.py, M,REQUIRES_OWNER_DECISION,MULTI_TASK_CODE,,,,3b4632a45058a859020da99bedf9eb8b4b2fd1232b349e948646bb66a3492677,5124,false,Business/test code has no unique full-hash audit attribution in available manifests,HIGH,true,INCLUDE_REQUIRED_PRODUCTION_BASELINE,HEUR-019,true,Production symbol is directly used by an AUDITED unit or its public export closure,false
players/humanlike/belief.py, M,REQUIRES_OWNER_DECISION,MULTI_TASK_CODE,,,,856646c31a9678007b100f3e013f0942f5f3aec71dc4702c18c629455948c8f7,6278,false,Business/test code has no unique full-hash audit attribution in available manifests,HIGH,true,DEFER_TO_LATER_BATCH,HEURISTIC_LATER_BATCH,false,Modified heuristic implementation is not uniquely attributed to an audited checkpoint unit,false
players/humanlike/player.py, M,REQUIRES_AUDIT_RECHECK,B1-A,STATE-010|ALGO-009|ALGO-011,docs/spec-v3/reports/B1-A_E5_trace_matrix.csv,,8626b7cf9a1b253844a2f232aebbda3b83b3f1785bd109495aa32b75121cff50,9568,false,B1-A trace references file but no full per-file audit hash is available,HIGH,true,INCLUDE_REQUIRED_PRODUCTION_BASELINE,STATE-010,true,"Scoped B1-A re-audit passed: approved E5 symbol/test attribution, two deterministic direct-test runs, current full SHA-256 captured in supplemental manifest",false
players/humanlike/settings_service.py, M,REQUIRES_AUDIT_RECHECK,B1-A,STATE-010|ALGO-009|ALGO-011,docs/spec-v3/reports/B1-A_E5_trace_matrix.csv,,b07eb9dc7f34393bf5cddc576a2318575a028d2c0c7d58a8c58b1d715e55c265,4308,false,B1-A trace references file but no full per-file audit hash is available,HIGH,true,INCLUDE_REQUIRED_PRODUCTION_BASELINE,ALGO-009,true,"Scoped B1-A re-audit passed: approved E5 symbol/test attribution, two deterministic direct-test runs, current full SHA-256 captured in supplemental manifest",false
protocols/player_view_builder.py, M,REQUIRES_OWNER_DECISION,MULTI_TASK_CODE,,,,95e1612af39ca755b53027240a14d6499060a72030f3bfeb8ce6ec1ada5cfa29,7901,false,Business/test code has no unique full-hash audit attribution in available manifests,HIGH,true,INCLUDE_REQUIRED_PRODUCTION_BASELINE,STATE-005,true,Production symbol is directly used by an AUDITED unit or its public export closure,false
protocols/player_view_v2.py, M,REQUIRES_OWNER_DECISION,MULTI_TASK_CODE,,,,159b270c09315d9d677e8806932c801db8ca6cc9129f87d80ecabd184a8b0e69,2321,false,Business/test code has no unique full-hash audit attribution in available manifests,HIGH,true,INCLUDE_REQUIRED_PRODUCTION_BASELINE,STATE-005,true,Production symbol is directly used by an AUDITED unit or its public export closure,false
training/action_codec_v2.py, M,REQUIRES_OWNER_DECISION,MULTI_TASK_CODE,,,,1755b685586e18863cbc0c7e1b1eb8bf2f446598d1ec64c0f9e2ef87875730c6,2927,false,Business/test code has no unique full-hash audit attribution in available manifests,HIGH,true,INCLUDE_REQUIRED_PRODUCTION_BASELINE,TRAIN-003|AUDIT-003,true,Production symbol is directly used by an AUDITED unit or its public export closure,false
training/runner.py, M,REQUIRES_AUDIT_RECHECK,B1-A,STATE-010|ALGO-009|ALGO-011,docs/spec-v3/reports/B1-A_E5_trace_matrix.csv,,2061904326f5243145afb9c82b094d0885d9156268a63db7f5fb916c6ddc6d9a,3824,false,B1-A trace references file but no full per-file audit hash is available,HIGH,true,INCLUDE_REQUIRED_PRODUCTION_BASELINE,ALGO-011,true,"Scoped B1-A re-audit passed: approved E5 symbol/test attribution, two deterministic direct-test runs, current full SHA-256 captured in supplemental manifest",false
docs/spec-v3/audit/B1-B_defects.csv,??,REQUIRES_OWNER_DECISION,TASK15-19/MODEL001,,,,abb61acc49e9770bb9b721772a72a11a33235530d8f077d8bee7fe4dfdddf6d4,67,false,Spec-v3 artifact exists but is not uniquely attributable to audited B1-A/B1-B or approved B2-A1,MEDIUM,true,INCLUDE_REQUIRED_PROJECT_HISTORY,TASK18_HISTORY,true,"Task 18/B1-A/B1-B semantic, audit, evidence, status, or queue provenance",false
docs/spec-v3/audit/B1-B_final_independent_audit_report.md,??,REQUIRES_OWNER_DECISION,TASK15-19/MODEL001,,,,cd0b814aff8440be290bf9ef8e4baea10e06b1abef57144b7d8fdbfddd9ac7d8,4683,false,Spec-v3 artifact exists but is not uniquely attributable to audited B1-A/B1-B or approved B2-A1,MEDIUM,true,INCLUDE_REQUIRED_PROJECT_HISTORY,TASK18_HISTORY,true,"Task 18/B1-A/B1-B semantic, audit, evidence, status, or queue provenance",false
docs/spec-v3/audit/B1-B_independent_audit_report.md,??,REQUIRES_OWNER_DECISION,TASK15-19/MODEL001,,,,595bef42bb76f92b1fb883a1705e5a490b5cf3662ecfc936d7daed8f665d69de,1854,false,Spec-v3 artifact exists but is not uniquely attributable to audited B1-A/B1-B or approved B2-A1,MEDIUM,true,INCLUDE_REQUIRED_PROJECT_HISTORY,TASK18_HISTORY,true,"Task 18/B1-A/B1-B semantic, audit, evidence, status, or queue provenance",false
docs/spec-v3/audit/B1-B_test_results.md,??,REQUIRES_OWNER_DECISION,TASK15-19/MODEL001,,,,4c686ba569a29abee5c27c8a8586a7880a173bf65db513499d2b252ea6657eac,2744,false,Spec-v3 artifact exists but is not uniquely attributable to audited B1-A/B1-B or approved B2-A1,MEDIUM,true,INCLUDE_REQUIRED_PROJECT_HISTORY,TASK18_HISTORY,true,"Task 18/B1-A/B1-B semantic, audit, evidence, status, or queue provenance",false
docs/spec-v3/audit/B1-B_unit_results.csv,??,REQUIRES_OWNER_DECISION,TASK15-19/MODEL001,,,,f7061c9d2fc355716ce8ae870910c8de8d99c522a9c788c45e7fc1fc1a21d652,296,false,Spec-v3 artifact exists but is not uniquely attributable to audited B1-A/B1-B or approved B2-A1,MEDIUM,true,INCLUDE_REQUIRED_PROJECT_HISTORY,TASK18_HISTORY,true,"Task 18/B1-A/B1-B semantic, audit, evidence, status, or queue provenance",false
docs/spec-v3/audit/task17_96_unit_audit_clarification.md,??,REQUIRES_OWNER_DECISION,TASK15-19/MODEL001,,,,5d00945f4b3aa09505b0cfee2b4879683af75411c313a6f83da2ec257aced0cf,8533,false,Spec-v3 artifact exists but is not uniquely attributable to audited B1-A/B1-B or approved B2-A1,MEDIUM,true,INCLUDE_REQUIRED_PROJECT_HISTORY,TASK15-17,true,Task 15-17 verification provenance,false
docs/spec-v3/audit/task17_full_junit.xml,??,REQUIRES_OWNER_DECISION,TASK15-19/MODEL001,,,,15fd5dd19b4dd54af9ae2cc05467609d965509f04f4f3bf5efcd34c7c9440961,42780,false,Spec-v3 artifact exists but is not uniquely attributable to audited B1-A/B1-B or approved B2-A1,MEDIUM,true,INCLUDE_REQUIRED_PROJECT_HISTORY,TASK15-17,true,Task 15-17 verification provenance,false
docs/spec-v3/audit/task18_b1a_audit_status_delta.csv,??,REQUIRES_OWNER_DECISION,TASK15-19/MODEL001,,,,d9d654d97bf7f5b32b0685d69a62dd6a3c1c179dcfd2c9254d18802910b50364,913,false,Spec-v3 artifact exists but is not uniquely attributable to audited B1-A/B1-B or approved B2-A1,MEDIUM,true,INCLUDE_REQUIRED_PROJECT_HISTORY,TASK18_HISTORY,true,"Task 18/B1-A/B1-B semantic, audit, evidence, status, or queue provenance",false
docs/spec-v3/audit/task18_b1b_acceptance_audit.csv,??,REQUIRES_OWNER_DECISION,TASK15-19/MODEL001,,,,73234bf17bd3d322ce249610644683106bc5b216adf9b866ecd7851a891ccaa0,6511,false,Spec-v3 artifact exists but is not uniquely attributable to audited B1-A/B1-B or approved B2-A1,MEDIUM,true,INCLUDE_REQUIRED_PROJECT_HISTORY,TASK18_HISTORY,true,"Task 18/B1-A/B1-B semantic, audit, evidence, status, or queue provenance",false
docs/spec-v3/audit/task18_b1b_audit_findings.csv,??,REQUIRES_OWNER_DECISION,TASK15-19/MODEL001,,,,3356ac73cb3a641858deb2621920b0e63f0d08552d6e853dd584e5721c5cb135,2444,false,Spec-v3 artifact exists but is not uniquely attributable to audited B1-A/B1-B or approved B2-A1,MEDIUM,true,INCLUDE_REQUIRED_PROJECT_HISTORY,TASK18_HISTORY,true,"Task 18/B1-A/B1-B semantic, audit, evidence, status, or queue provenance",false
docs/spec-v3/audit/task18_b1b_audit_status_delta.csv,??,REQUIRES_OWNER_DECISION,TASK15-19/MODEL001,,,,207e818c05c33a667c3f47b87c52ea10d72e123512a13997134cec9149b1f08a,346,false,Spec-v3 artifact exists but is not uniquely attributable to audited B1-A/B1-B or approved B2-A1,MEDIUM,true,INCLUDE_REQUIRED_PROJECT_HISTORY,TASK18_HISTORY,true,"Task 18/B1-A/B1-B semantic, audit, evidence, status, or queue provenance",false
docs/spec-v3/audit/task18_b1b_independent_audit_report.md,??,REQUIRES_OWNER_DECISION,TASK15-19/MODEL001,,,,b48eb0f9dbdf44e9a205d54265c53de2d7bbc132694281f4435311eff46adfd2,1964,false,Spec-v3 artifact exists but is not uniquely attributable to audited B1-A/B1-B or approved B2-A1,MEDIUM,true,INCLUDE_REQUIRED_PROJECT_HISTORY,TASK18_HISTORY,true,"Task 18/B1-A/B1-B semantic, audit, evidence, status, or queue provenance",false
docs/spec-v3/audit/task18_current_96_unit_status.csv,??,REQUIRES_OWNER_DECISION,TASK15-19/MODEL001,,,,3dc5f4fb9df5841d02c95f7a9944f18015d26e2a027f03f5b27e64a4cc72c4ea,10563,false,Spec-v3 artifact exists but is not uniquely attributable to audited B1-A/B1-B or approved B2-A1,MEDIUM,true,INCLUDE_REQUIRED_PROJECT_HISTORY,TASK18_HISTORY,true,"Task 18/B1-A/B1-B semantic, audit, evidence, status, or queue provenance",false
docs/spec-v3/audit/task18_current_96_unit_status.json,??,REQUIRES_OWNER_DECISION,TASK15-19/MODEL001,,,,79f3308f9acd0232cdfad3a304a032ae1e4fb160fc5c57f48ad7eec5f78aae58,1432,false,Spec-v3 artifact exists but is not uniquely attributable to audited B1-A/B1-B or approved B2-A1,MEDIUM,true,INCLUDE_REQUIRED_PROJECT_HISTORY,TASK18_HISTORY,true,"Task 18/B1-A/B1-B semantic, audit, evidence, status, or queue provenance",false
docs/spec-v3/audit/task18_current_96_unit_status_summary.md,??,REQUIRES_OWNER_DECISION,TASK15-19/MODEL001,,,,41a169167c677fe565f68b030c2211dbb4ee4b1bd9478066c16ed6bb8a84f643,962,false,Spec-v3 artifact exists but is not uniquely attributable to audited B1-A/B1-B or approved B2-A1,MEDIUM,true,INCLUDE_REQUIRED_PROJECT_HISTORY,TASK18_HISTORY,true,"Task 18/B1-A/B1-B semantic, audit, evidence, status, or queue provenance",false
docs/spec-v3/audit/task18_current_status_view.json,??,REQUIRES_OWNER_DECISION,TASK15-19/MODEL001,,,,7da0c81dc55ef1eda886e2d8d2f776357ee4ba57f01a3fd5739174143056c4f5,1531,false,Spec-v3 artifact exists but is not uniquely attributable to audited B1-A/B1-B or approved B2-A1,MEDIUM,true,INCLUDE_REQUIRED_PROJECT_HISTORY,TASK18_HISTORY,true,"Task 18/B1-A/B1-B semantic, audit, evidence, status, or queue provenance",false
docs/spec-v3/audit/unit_catalog_v3.csv,??,REQUIRES_OWNER_DECISION,TASK15-19/MODEL001,,,,80b56efa2a3a19b79bccd13ba8719a391cab9f178ec0987b74f529a2e18ad3e4,48016,false,Spec-v3 artifact exists but is not uniquely attributable to audited B1-A/B1-B or approved B2-A1,MEDIUM,true,INCLUDE_REQUIRED_PROJECT_HISTORY,TASK18_HISTORY,true,"Task 18/B1-A/B1-B semantic, audit, evidence, status, or queue provenance",false
docs/spec-v3/audit/unit_dependency_graph.md,??,REQUIRES_OWNER_DECISION,TASK15-19/MODEL001,,,,b6cefd68fea3413583970a967a6048118c06102eda5b67ae9a34616c350be280,8818,false,Spec-v3 artifact exists but is not uniquely attributable to audited B1-A/B1-B or approved B2-A1,MEDIUM,true,INCLUDE_REQUIRED_PROJECT_HISTORY,TASK18_HISTORY,true,"Task 18/B1-A/B1-B semantic, audit, evidence, status, or queue provenance",false
docs/spec-v3/audit/unit_gap_matrix_v3.csv,??,REQUIRES_OWNER_DECISION,TASK15-19/MODEL001,,,,507dc8755cbadc3a21943f92b2e40c328fcab7e8e0b43e94f8be979f1cfc7d43,263827,false,Spec-v3 artifact exists but is not uniquely attributable to audited B1-A/B1-B or approved B2-A1,MEDIUM,true,INCLUDE_REQUIRED_PROJECT_HISTORY,TASK18_HISTORY,true,"Task 18/B1-A/B1-B semantic, audit, evidence, status, or queue provenance",false
docs/spec-v3/audit/unit_rebaseline_report.md,??,REQUIRES_OWNER_DECISION,TASK15-19/MODEL001,,,,0b7338aab44dc88992a19721ae5d9a23a07889a145e4039953572eb255525604,5509,false,Spec-v3 artifact exists but is not uniquely attributable to audited B1-A/B1-B or approved B2-A1,MEDIUM,true,INCLUDE_REQUIRED_PROJECT_HISTORY,TASK18_HISTORY,true,"Task 18/B1-A/B1-B semantic, audit, evidence, status, or queue provenance",false
docs/spec-v3/audit/unit_rebaseline_summary.json,??,REQUIRES_OWNER_DECISION,TASK15-19/MODEL001,,,,980bc913a0a3660af7012e84c9bfcfaeff20d91c5bee8fc072b5481ef7661243,5854,false,Spec-v3 artifact exists but is not uniquely attributable to audited B1-A/B1-B or approved B2-A1,MEDIUM,true,INCLUDE_REQUIRED_PROJECT_HISTORY,TASK18_HISTORY,true,"Task 18/B1-A/B1-B semantic, audit, evidence, status, or queue provenance",false
docs/spec-v3/decisions/B1-B_STATE004_authority_adapter_decision.md,??,REQUIRES_OWNER_DECISION,TASK15-19/MODEL001,,,,bd4edece137ec0ca71213d17a25aadc1a735079b5823dccf50d00351238be350,3032,false,Spec-v3 artifact exists but is not uniquely attributable to audited B1-A/B1-B or approved B2-A1,MEDIUM,true,INCLUDE_REQUIRED_PROJECT_HISTORY,TASK18_HISTORY,true,"Task 18/B1-A/B1-B semantic, audit, evidence, status, or queue provenance",false
docs/spec-v3/decisions/MODEL-001_sim_label_approval_form.md,??,REQUIRES_OWNER_DECISION,TASK15-19/MODEL001,,,,5f54c739b26136cf7851f8180c931e96ce1b75e916bd521ff0238073de20c948,654,false,Spec-v3 artifact exists but is not uniquely attributable to audited B1-A/B1-B or approved B2-A1,MEDIUM,true,INCLUDE_REQUIRED_MODEL001_BASELINE,MODEL-001,true,MODEL-001 engineering/data-gate baseline,false
docs/spec-v3/decisions/MODEL-001_sim_label_decision_pack.md,??,REQUIRES_OWNER_DECISION,TASK15-19/MODEL001,,,,a63d34d658d18a55fada10a32004aa0df3c4d24582675f22d74efe9af182054e,2609,false,Spec-v3 artifact exists but is not uniquely attributable to audited B1-A/B1-B or approved B2-A1,MEDIUM,true,INCLUDE_REQUIRED_MODEL001_BASELINE,MODEL-001,true,MODEL-001 engineering/data-gate baseline,false
docs/spec-v3/decisions/MODEL-001_sim_label_examples.json,??,REQUIRES_OWNER_DECISION,TASK15-19/MODEL001,,,,154bdc3b0eace803fdfdf48e895f51e96c42a79b71ca5f01f1b7ad84fe17bbe7,1339,false,Spec-v3 artifact exists but is not uniquely attributable to audited B1-A/B1-B or approved B2-A1,MEDIUM,true,INCLUDE_REQUIRED_MODEL001_BASELINE,MODEL-001,true,MODEL-001 engineering/data-gate baseline,false
docs/spec-v3/decisions/STATE-011_legacy_deal_golden_approval.md,??,REQUIRES_OWNER_DECISION,TASK15-19/MODEL001,,,,6312780368b3c77024116a27bdfe3d511e1a003ee023fc71b915c692486dfbdf,883,false,Spec-v3 artifact exists but is not uniquely attributable to audited B1-A/B1-B or approved B2-A1,MEDIUM,true,INCLUDE_REQUIRED_PROJECT_HISTORY,TASK18_HISTORY,true,"Task 18/B1-A/B1-B semantic, audit, evidence, status, or queue provenance",false
docs/spec-v3/evidence/task18b_b1a/B1-A_E5_manifest.json,??,REQUIRES_OWNER_DECISION,TASK15-19/MODEL001,,,,75c6d7d6d233b7b3f4083d663e3caa1a4811111bedc3f0afdd2ee43358292b11,994,false,Spec-v3 artifact exists but is not uniquely attributable to audited B1-A/B1-B or approved B2-A1,MEDIUM,true,INCLUDE_REQUIRED_PROJECT_HISTORY,TASK18_HISTORY,true,"Task 18/B1-A/B1-B semantic, audit, evidence, status, or queue provenance",false
docs/spec-v3/evidence/task18b_b1a/B1-A_evidence_manifest.json,??,REQUIRES_OWNER_DECISION,TASK15-19/MODEL001,,,,57edd1e41cf28652304c6f4e185474ba338b3629d0e396881cc6a5ac888e9ec1,418,false,Spec-v3 artifact exists but is not uniquely attributable to audited B1-A/B1-B or approved B2-A1,MEDIUM,true,INCLUDE_REQUIRED_PROJECT_HISTORY,TASK18_HISTORY,true,"Task 18/B1-A/B1-B semantic, audit, evidence, status, or queue provenance",false
docs/spec-v3/evidence/task18b_b1a/B1-A_golden_execution.json,??,REQUIRES_OWNER_DECISION,TASK15-19/MODEL001,,,,712816cbc918b5d8396fd4d60ea9e8f3d3193dc2dbb187eadcbd19eea7c9a642,3307,false,Spec-v3 artifact exists but is not uniquely attributable to audited B1-A/B1-B or approved B2-A1,MEDIUM,true,INCLUDE_REQUIRED_PROJECT_HISTORY,TASK18_HISTORY,true,"Task 18/B1-A/B1-B semantic, audit, evidence, status, or queue provenance",false
docs/spec-v3/evidence/task18b_b1a/B1-A_performance_baseline.json,??,REQUIRES_OWNER_DECISION,TASK15-19/MODEL001,,,,30485b2d3c10152559b8daaea1ac7556faebdb303e0fd1c0f58e6c86deba9ab2,738,false,Spec-v3 artifact exists but is not uniquely attributable to audited B1-A/B1-B or approved B2-A1,MEDIUM,true,INCLUDE_REQUIRED_PROJECT_HISTORY,TASK18_HISTORY,true,"Task 18/B1-A/B1-B semantic, audit, evidence, status, or queue provenance",false
docs/spec-v3/evidence/task18b_b1b/B1-B_E4_runtime.json,??,REQUIRES_OWNER_DECISION,TASK15-19/MODEL001,,,,9c06c00d4edab1910fa2658fd6574e484f530e2a9507b83f3a763ecc800147ef,2086,false,Spec-v3 artifact exists but is not uniquely attributable to audited B1-A/B1-B or approved B2-A1,MEDIUM,true,INCLUDE_REQUIRED_PROJECT_HISTORY,TASK18_HISTORY,true,"Task 18/B1-A/B1-B semantic, audit, evidence, status, or queue provenance",false
docs/spec-v3/evidence/task18b_b1b/B1-B_E5_trace.csv,??,REQUIRES_OWNER_DECISION,TASK15-19/MODEL001,,,,ecf739eb92521d856d90e7efd75fa30718a1dfdbcc29ff33bdd07390ef5eda0d,1212,false,Spec-v3 artifact exists but is not uniquely attributable to audited B1-A/B1-B or approved B2-A1,MEDIUM,true,INCLUDE_REQUIRED_PROJECT_HISTORY,TASK18_HISTORY,true,"Task 18/B1-A/B1-B semantic, audit, evidence, status, or queue provenance",false
docs/spec-v3/evidence/task18b_b1b_independent/B1-B_AC_results.csv,??,REQUIRES_OWNER_DECISION,TASK15-19/MODEL001,,,,36466150179497628046eebd4d9f0f8a5be729f574aadbbf4342190fbbd6fc4e,3607,false,Spec-v3 artifact exists but is not uniquely attributable to audited B1-A/B1-B or approved B2-A1,MEDIUM,true,INCLUDE_REQUIRED_PROJECT_HISTORY,TASK18_HISTORY,true,"Task 18/B1-A/B1-B semantic, audit, evidence, status, or queue provenance",false
docs/spec-v3/evidence/task18b_b1b_independent/B1-B_E5_trace.csv,??,REQUIRES_OWNER_DECISION,TASK15-19/MODEL001,,,,ecabc780baa964ecda9a5a27d29bd41556114e4916a2ad9657b916a897fede49,7234,false,Spec-v3 artifact exists but is not uniquely attributable to audited B1-A/B1-B or approved B2-A1,MEDIUM,true,INCLUDE_REQUIRED_PROJECT_HISTORY,TASK18_HISTORY,true,"Task 18/B1-A/B1-B semantic, audit, evidence, status, or queue provenance",false
docs/spec-v3/evidence/task18b_b1b_independent/B1-B_evidence_manifest.csv,??,REQUIRES_OWNER_DECISION,TASK15-19/MODEL001,,,,5d445813f54035cc883e5449d3accd6a473071f5112921cd86bcdbf48f68871d,1081,false,Spec-v3 artifact exists but is not uniquely attributable to audited B1-A/B1-B or approved B2-A1,MEDIUM,true,INCLUDE_REQUIRED_PROJECT_HISTORY,TASK18_HISTORY,true,"Task 18/B1-A/B1-B semantic, audit, evidence, status, or queue provenance",false
docs/spec-v3/evidence/task18b_b1b_independent/B1-B_evidence_validation.json,??,REQUIRES_OWNER_DECISION,TASK15-19/MODEL001,,,,a74c38aee972a8894b5f1ba53f60caccadeb80f81d9937849598fa9d17a38649,886,false,Spec-v3 artifact exists but is not uniquely attributable to audited B1-A/B1-B or approved B2-A1,MEDIUM,true,INCLUDE_REQUIRED_PROJECT_HISTORY,TASK18_HISTORY,true,"Task 18/B1-A/B1-B semantic, audit, evidence, status, or queue provenance",false
docs/spec-v3/plans/B1-B_completion_and_queue_refresh.md,??,REQUIRES_OWNER_DECISION,TASK15-19/MODEL001,,,,5f098d78e954b9792b88a89cbfbfc9e5490f857168da1a87184574c7a40a822a,864,false,Spec-v3 artifact exists but is not uniquely attributable to audited B1-A/B1-B or approved B2-A1,MEDIUM,true,INCLUDE_REQUIRED_PROJECT_HISTORY,TASK18_HISTORY,true,"Task 18/B1-A/B1-B semantic, audit, evidence, status, or queue provenance",false
docs/spec-v3/plans/development_batches_v3.csv,??,REQUIRES_OWNER_DECISION,TASK15-19/MODEL001,,,,d7dba0a253f3c726d8d93c50c626f9f995c400498db272086188b86e0d721e5c,22008,false,Spec-v3 artifact exists but is not uniquely attributable to audited B1-A/B1-B or approved B2-A1,MEDIUM,true,INCLUDE_REQUIRED_PROJECT_HISTORY,TASK18_HISTORY,true,"Task 18/B1-A/B1-B semantic, audit, evidence, status, or queue provenance",false
docs/spec-v3/plans/development_batches_v3.md,??,REQUIRES_OWNER_DECISION,TASK15-19/MODEL001,,,,72f17d4eab95f951770f4d9691db66e68f2092c33172ad6d80222d3dfb9587db,5101,false,Spec-v3 artifact exists but is not uniquely attributable to audited B1-A/B1-B or approved B2-A1,MEDIUM,true,INCLUDE_REQUIRED_PROJECT_HISTORY,TASK18_HISTORY,true,"Task 18/B1-A/B1-B semantic, audit, evidence, status, or queue provenance",false
docs/spec-v3/plans/model001_data_track.md,??,REQUIRES_OWNER_DECISION,TASK15-19/MODEL001,,,,5c30f3a6f1150538a1cdb127c616625d6e7b0af225020c7acd638662690cb6e7,1844,false,Spec-v3 artifact exists but is not uniquely attributable to audited B1-A/B1-B or approved B2-A1,MEDIUM,true,INCLUDE_REQUIRED_MODEL001_BASELINE,MODEL-001,true,MODEL-001 engineering/data-gate baseline,false
docs/spec-v3/plans/task18_execution_authorization.json,??,REQUIRES_OWNER_DECISION,TASK15-19/MODEL001,,,,9f4e47fd60df9f2c9e4ecdea92fa92742ff9aa9464a509d46a972b007332ca8e,668,false,Spec-v3 artifact exists but is not uniquely attributable to audited B1-A/B1-B or approved B2-A1,MEDIUM,true,INCLUDE_REQUIRED_PROJECT_HISTORY,TASK18_HISTORY,true,"Task 18/B1-A/B1-B semantic, audit, evidence, status, or queue provenance",false
docs/spec-v3/plans/task18_execution_queue.json,??,REQUIRES_OWNER_DECISION,TASK15-19/MODEL001,,,,01aa25f4b2c79c919ee69d10c0736021f6d49015ba3a2dc045e3355065a0070e,25661,false,Spec-v3 artifact exists but is not uniquely attributable to audited B1-A/B1-B or approved B2-A1,MEDIUM,true,INCLUDE_REQUIRED_PROJECT_HISTORY,TASK18_HISTORY,true,"Task 18/B1-A/B1-B semantic, audit, evidence, status, or queue provenance",false
docs/spec-v3/plans/task18_execution_queue_current.json,??,REQUIRES_OWNER_DECISION,TASK15-19/MODEL001,,,,40095bf54c222c656050d6838c4c6b288e631f3ba0262591f24d278eb9979813,28384,false,Spec-v3 artifact exists but is not uniquely attributable to audited B1-A/B1-B or approved B2-A1,MEDIUM,true,INCLUDE_REQUIRED_PROJECT_HISTORY,TASK18_HISTORY,true,"Task 18/B1-A/B1-B semantic, audit, evidence, status, or queue provenance",false
docs/spec-v3/plans/task18_execution_queue_current.md,??,REQUIRES_OWNER_DECISION,TASK15-19/MODEL001,,,,633eb14e474a55bb3f139b750c5102a2f9642ce87ec90f12e6913d5ac027a636,1197,false,Spec-v3 artifact exists but is not uniquely attributable to audited B1-A/B1-B or approved B2-A1,MEDIUM,true,INCLUDE_REQUIRED_PROJECT_HISTORY,TASK18_HISTORY,true,"Task 18/B1-A/B1-B semantic, audit, evidence, status, or queue provenance",false
docs/spec-v3/plans/task18_gap_classification.csv,??,REQUIRES_OWNER_DECISION,TASK15-19/MODEL001,,,,2596720d73d68d2765fbd742d807d97428802e778f973c96e688163740e27130,216864,false,Spec-v3 artifact exists but is not uniquely attributable to audited B1-A/B1-B or approved B2-A1,MEDIUM,true,INCLUDE_REQUIRED_PROJECT_HISTORY,TASK18_HISTORY,true,"Task 18/B1-A/B1-B semantic, audit, evidence, status, or queue provenance",false
docs/spec-v3/plans/task18_next_batch_design_gate.md,??,REQUIRES_OWNER_DECISION,TASK15-19/MODEL001,,,,9a6c3e92971749d737c7c788c89a8e793e9dcda0c40397e1a31b7b13c6cebf48,4349,false,Spec-v3 artifact exists but is not uniquely attributable to audited B1-A/B1-B or approved B2-A1,MEDIUM,true,INCLUDE_REQUIRED_PROJECT_HISTORY,TASK18_HISTORY,true,"Task 18/B1-A/B1-B semantic, audit, evidence, status, or queue provenance",false
docs/spec-v3/plans/task18_next_batch_selection.md,??,REQUIRES_OWNER_DECISION,TASK15-19/MODEL001,,,,0e754be16e60c690bdda311f5b2225634f6d7b038a1f4661130252ddd23a4387,2765,false,Spec-v3 artifact exists but is not uniquely attributable to audited B1-A/B1-B or approved B2-A1,MEDIUM,true,INCLUDE_REQUIRED_PROJECT_HISTORY,TASK18_HISTORY,true,"Task 18/B1-A/B1-B semantic, audit, evidence, status, or queue provenance",false
docs/spec-v3/plans/task18_next_batch_units.csv,??,REQUIRES_OWNER_DECISION,TASK15-19/MODEL001,,,,fb460ddce7d60601311ff9489abf73648ea7cd647d552238aee86148c1a9afc6,5704,false,Spec-v3 artifact exists but is not uniquely attributable to audited B1-A/B1-B or approved B2-A1,MEDIUM,true,INCLUDE_REQUIRED_PROJECT_HISTORY,TASK18_HISTORY,true,"Task 18/B1-A/B1-B semantic, audit, evidence, status, or queue provenance",false
docs/spec-v3/plans/task18_post_b1b_dependency_graph.json,??,REQUIRES_OWNER_DECISION,TASK15-19/MODEL001,,,,79b60214781f3c7e3875e4d94b089ef9e10b0a7cb8b4d84b7f6aaa309b2870dd,16719,false,Spec-v3 artifact exists but is not uniquely attributable to audited B1-A/B1-B or approved B2-A1,MEDIUM,true,INCLUDE_REQUIRED_PROJECT_HISTORY,TASK18_HISTORY,true,"Task 18/B1-A/B1-B semantic, audit, evidence, status, or queue provenance",false
docs/spec-v3/plans/task18_post_b1b_queue.csv,??,REQUIRES_OWNER_DECISION,TASK15-19/MODEL001,,,,c819d047b446fcbcd71ba4b08d75858da1425c0d627425cf8d9d93aba4fcc736,17060,false,Spec-v3 artifact exists but is not uniquely attributable to audited B1-A/B1-B or approved B2-A1,MEDIUM,true,INCLUDE_REQUIRED_PROJECT_HISTORY,TASK18_HISTORY,true,"Task 18/B1-A/B1-B semantic, audit, evidence, status, or queue provenance",false
docs/spec-v3/reports/B1-A_E5_trace_matrix.csv,??,REQUIRES_OWNER_DECISION,TASK15-19/MODEL001,,,,2a1c71bf19d6b308138d7a66ac1c562f251c9241dca47ce0a6eb4a3c6f9711fc,9904,false,Spec-v3 artifact exists but is not uniquely attributable to audited B1-A/B1-B or approved B2-A1,MEDIUM,true,INCLUDE_REQUIRED_PROJECT_HISTORY,TASK18_HISTORY,true,"Task 18/B1-A/B1-B semantic, audit, evidence, status, or queue provenance",false
docs/spec-v3/reports/B1-A_acceptance_audit_matrix.csv,??,REQUIRES_OWNER_DECISION,TASK15-19/MODEL001,,,,7bdc459529883f4077e32ecc3ba06847a77010ee8053d5240d7d7ddb6ffe3f00,12580,false,Spec-v3 artifact exists but is not uniquely attributable to audited B1-A/B1-B or approved B2-A1,MEDIUM,true,INCLUDE_REQUIRED_PROJECT_HISTORY,TASK18_HISTORY,true,"Task 18/B1-A/B1-B semantic, audit, evidence, status, or queue provenance",false
docs/spec-v3/reports/B1-A_implementation_audit.md,??,REQUIRES_OWNER_DECISION,TASK15-19/MODEL001,,,,99113c2218515b497cc197c2150a22081260a5fbe49f50adf2f317c0814d4ac9,4123,false,Spec-v3 artifact exists but is not uniquely attributable to audited B1-A/B1-B or approved B2-A1,MEDIUM,true,INCLUDE_REQUIRED_PROJECT_HISTORY,TASK18_HISTORY,true,"Task 18/B1-A/B1-B semantic, audit, evidence, status, or queue provenance",false
docs/spec-v3/reports/MODEL-001_formal_dataset_acceptance.md,??,REQUIRES_OWNER_DECISION,TASK15-19/MODEL001,,,,268d2c71a72df93152ba38a0dc25383fdb1b5a1fb876414f42ff0a830385d903,892,false,Spec-v3 artifact exists but is not uniquely attributable to audited B1-A/B1-B or approved B2-A1,MEDIUM,true,INCLUDE_REQUIRED_MODEL001_BASELINE,MODEL-001,true,MODEL-001 engineering/data-gate baseline,false
docs/spec-v3/reports/MODEL-001_generator_preimplementation_gate.md,??,REQUIRES_OWNER_DECISION,TASK15-19/MODEL001,,,,0432dc940a02177150d94898601cd53ac1c14d7f1dd4cf94f1bd07d4f75af0fe,1152,false,Spec-v3 artifact exists but is not uniquely attributable to audited B1-A/B1-B or approved B2-A1,MEDIUM,true,INCLUDE_REQUIRED_MODEL001_BASELINE,MODEL-001,true,MODEL-001 engineering/data-gate baseline,false
docs/spec-v3/reports/MODEL-001_simulation_training_calibration_report.md,??,REQUIRES_OWNER_DECISION,TASK15-19/MODEL001,,,,cd1dea9daa7994fbdbf2bb666a5708e6e15ba02ff9c0fbf3729513d40edd0af0,1248,false,Spec-v3 artifact exists but is not uniquely attributable to audited B1-A/B1-B or approved B2-A1,MEDIUM,true,INCLUDE_REQUIRED_MODEL001_BASELINE,MODEL-001,true,MODEL-001 engineering/data-gate baseline,false
docs/spec-v3/reports/MODEL-001_smoke_data_quality_review.md,??,REQUIRES_OWNER_DECISION,TASK15-19/MODEL001,,,,d7ba5d9571eb177b44b8e36a8acb910cc47ca1c748aa971d07602c2efbae49f4,856,false,Spec-v3 artifact exists but is not uniquely attributable to audited B1-A/B1-B or approved B2-A1,MEDIUM,true,INCLUDE_REQUIRED_MODEL001_BASELINE,MODEL-001,true,MODEL-001 engineering/data-gate baseline,false
docs/spec-v3/reports/task15_branch_coverage.csv,??,REQUIRES_OWNER_DECISION,TASK15-19/MODEL001,,,,0adf2a0197aabd049204b3773db99e0f45bd79d6e837aac864866f0854acff7a,987,false,Spec-v3 artifact exists but is not uniquely attributable to audited B1-A/B1-B or approved B2-A1,MEDIUM,true,INCLUDE_REQUIRED_PROJECT_HISTORY,TASK15-17,true,Task 15-17 verification provenance,false
docs/spec-v3/reports/task15_entry_gate.json,??,REQUIRES_OWNER_DECISION,TASK15-19/MODEL001,,,,20d6df9971660d39576817da9a0968034404116db1adf26d3eca25396d7d8641,1188,false,Spec-v3 artifact exists but is not uniquely attributable to audited B1-A/B1-B or approved B2-A1,MEDIUM,true,INCLUDE_REQUIRED_PROJECT_HISTORY,TASK15-17,true,Task 15-17 verification provenance,false
docs/spec-v3/reports/task15_evidence/fixed_seed_replay_comparison.json,??,REQUIRES_OWNER_DECISION,TASK15-19/MODEL001,,,,f541cad1f66df94fc03a6d4e17b5a7e643e6298988013c3a53fc6f7a01027ef2,859,false,Spec-v3 artifact exists but is not uniquely attributable to audited B1-A/B1-B or approved B2-A1,MEDIUM,true,INCLUDE_REQUIRED_PROJECT_HISTORY,TASK15-17,true,Task 15-17 verification provenance,false
docs/spec-v3/reports/task15_evidence/run_a/task15-fixed-seed-game.json,??,REQUIRES_OWNER_DECISION,TASK15-19/MODEL001,,,,20f35b15c48cd48f5f65c26ba10ed1666261236cfefc2267cea97cf18fa9cce1,13626,false,Spec-v3 artifact exists but is not uniquely attributable to audited B1-A/B1-B or approved B2-A1,MEDIUM,true,INCLUDE_REQUIRED_PROJECT_HISTORY,TASK15-17,true,Task 15-17 verification provenance,false
docs/spec-v3/reports/task15_evidence/run_b/task15-fixed-seed-game.json,??,REQUIRES_OWNER_DECISION,TASK15-19/MODEL001,,,,308d4af30a0d1eb360997bfc5726f9ff728a32549372ee61173a702424fa0562,13626,false,Spec-v3 artifact exists but is not uniquely attributable to audited B1-A/B1-B or approved B2-A1,MEDIUM,true,INCLUDE_REQUIRED_PROJECT_HISTORY,TASK15-17,true,Task 15-17 verification provenance,false
docs/spec-v3/reports/task15_full_junit.xml,??,REQUIRES_OWNER_DECISION,TASK15-19/MODEL001,,,,6e14af267d79e9e9df7518dd454cad6784049aaf62fd495437fd0c945e52c6be,40530,false,Spec-v3 artifact exists but is not uniquely attributable to audited B1-A/B1-B or approved B2-A1,MEDIUM,true,INCLUDE_REQUIRED_PROJECT_HISTORY,TASK15-17,true,Task 15-17 verification provenance,false
docs/spec-v3/reports/task15_pilot_findings.csv,??,REQUIRES_OWNER_DECISION,TASK15-19/MODEL001,,,,220a6ff71df2f83935560094da643527069cd986dba036e5e4c6368b8194b199,3528,false,Spec-v3 artifact exists but is not uniquely attributable to audited B1-A/B1-B or approved B2-A1,MEDIUM,true,INCLUDE_REQUIRED_PROJECT_HISTORY,TASK15-17,true,Task 15-17 verification provenance,false
docs/spec-v3/reports/task15_pilot_review.md,??,REQUIRES_OWNER_DECISION,TASK15-19/MODEL001,,,,6ee1426ea3719fd7d011944d89f2c565bb6f9e885dcf02d2975f3020abbe2917,3937,false,Spec-v3 artifact exists but is not uniquely attributable to audited B1-A/B1-B or approved B2-A1,MEDIUM,true,INCLUDE_REQUIRED_PROJECT_HISTORY,TASK15-17,true,Task 15-17 verification provenance,false
docs/spec-v3/reports/task15_targeted_junit.xml,??,REQUIRES_OWNER_DECISION,TASK15-19/MODEL001,,,,a67ac295cdf8cfabf7237e5c4ef1226e202c5e3743f6b6866df739c65773dc7a,1900,false,Spec-v3 artifact exists but is not uniquely attributable to audited B1-A/B1-B or approved B2-A1,MEDIUM,true,INCLUDE_REQUIRED_PROJECT_HISTORY,TASK15-17,true,Task 15-17 verification provenance,false
docs/spec-v3/reports/task16_contract_junit.xml,??,REQUIRES_OWNER_DECISION,TASK15-19/MODEL001,,,,39a64e1ed33ced042a86d5ed8bf9e313acc624b14377119e0ea06bbde2104611,2492,false,Spec-v3 artifact exists but is not uniquely attributable to audited B1-A/B1-B or approved B2-A1,MEDIUM,true,INCLUDE_REQUIRED_PROJECT_HISTORY,TASK15-17,true,Task 15-17 verification provenance,false
docs/spec-v3/reports/task16_full_junit.xml,??,REQUIRES_OWNER_DECISION,TASK15-19/MODEL001,,,,8ad8a57d0758ec6aa9a67e6eeba98b0923943ac6932db6a7d704930d4d2da2b5,42780,false,Spec-v3 artifact exists but is not uniquely attributable to audited B1-A/B1-B or approved B2-A1,MEDIUM,true,INCLUDE_REQUIRED_PROJECT_HISTORY,TASK15-17,true,Task 15-17 verification provenance,false
docs/spec-v3/reports/task18_b1b_implementation_report.md,??,REQUIRES_OWNER_DECISION,TASK15-19/MODEL001,,,,5623d2a35da3e610debb1743e20645a273f227c5400949209b7d05bfae19a9eb,1422,false,Spec-v3 artifact exists but is not uniquely attributable to audited B1-A/B1-B or approved B2-A1,MEDIUM,true,INCLUDE_REQUIRED_PROJECT_HISTORY,TASK18_HISTORY,true,"Task 18/B1-A/B1-B semantic, audit, evidence, status, or queue provenance",false
docs/spec-v3/reports/task18_current_test_baseline.md,??,REQUIRES_OWNER_DECISION,TASK15-19/MODEL001,,,,126f80d772c5c8f7f88abc1f42297f965888541e741cccc68a1f5b921ebd5f46,795,false,Spec-v3 artifact exists but is not uniquely attributable to audited B1-A/B1-B or approved B2-A1,MEDIUM,true,INCLUDE_REQUIRED_PROJECT_HISTORY,TASK18_HISTORY,true,"Task 18/B1-A/B1-B semantic, audit, evidence, status, or queue provenance",false
docs/spec-v3/reports/task18_planning_report.md,??,REQUIRES_OWNER_DECISION,TASK15-19/MODEL001,,,,33a96d8aa93d94fb280a6b5c7ad7ec62f5759a9f972e8e511bcfda783399da06,5519,false,Spec-v3 artifact exists but is not uniquely attributable to audited B1-A/B1-B or approved B2-A1,MEDIUM,true,INCLUDE_REQUIRED_PROJECT_HISTORY,TASK18_HISTORY,true,"Task 18/B1-A/B1-B semantic, audit, evidence, status, or queue provenance",false
docs/spec-v3/reports/task18_tasks_1_5_execution_gate.md,??,REQUIRES_OWNER_DECISION,TASK15-19/MODEL001,,,,1dfd86e72bc035f03ec5b1b44dda34c9736febfad40e85a81362b6d2165776ee,2881,false,Spec-v3 artifact exists but is not uniquely attributable to audited B1-A/B1-B or approved B2-A1,MEDIUM,true,INCLUDE_REQUIRED_PROJECT_HISTORY,TASK18_HISTORY,true,"Task 18/B1-A/B1-B semantic, audit, evidence, status, or queue provenance",false
docs/spec-v3/semantic-completion/first_batch_acceptance_matrix.csv,??,REQUIRES_OWNER_DECISION,TASK15-19/MODEL001,,,,aa114330b386eaacdb6268cd2ca0f1b02fc4e39b14a221288c9d55820c6dfc35,19872,false,Spec-v3 artifact exists but is not uniquely attributable to audited B1-A/B1-B or approved B2-A1,MEDIUM,true,INCLUDE_REQUIRED_PROJECT_HISTORY,TASK18_HISTORY,true,"Task 18/B1-A/B1-B semantic, audit, evidence, status, or queue provenance",false
docs/spec-v3/semantic-completion/first_batch_implementation_design.md,??,REQUIRES_OWNER_DECISION,TASK15-19/MODEL001,,,,1f625e92930f335a3ffa2acdc08e82f467fa04051d77e3d1d15e6042531c619f,2591,false,Spec-v3 artifact exists but is not uniquely attributable to audited B1-A/B1-B or approved B2-A1,MEDIUM,true,INCLUDE_REQUIRED_PROJECT_HISTORY,TASK18_HISTORY,true,"Task 18/B1-A/B1-B semantic, audit, evidence, status, or queue provenance",false
docs/spec-v3/semantic-completion/interface_change_proposals.md,??,REQUIRES_OWNER_DECISION,TASK15-19/MODEL001,,,,c68ddde22a4cc1a07b3ae1a01c709c11ec3c9b5fa8be96fc65826a736ba218de,1133,false,Spec-v3 artifact exists but is not uniquely attributable to audited B1-A/B1-B or approved B2-A1,MEDIUM,true,INCLUDE_REQUIRED_PROJECT_HISTORY,TASK18_HISTORY,true,"Task 18/B1-A/B1-B semantic, audit, evidence, status, or queue provenance",false
docs/spec-v3/semantic-completion/misclassification_report.md,??,REQUIRES_OWNER_DECISION,TASK15-19/MODEL001,,,,8d007fd3c337fe1c4ce5ebeb0a02fe14be3d8206d3f59b88e0b0e9cce9795943,561,false,Spec-v3 artifact exists but is not uniquely attributable to audited B1-A/B1-B or approved B2-A1,MEDIUM,true,INCLUDE_REQUIRED_PROJECT_HISTORY,TASK18_HISTORY,true,"Task 18/B1-A/B1-B semantic, audit, evidence, status, or queue provenance",false
docs/spec-v3/semantic-completion/reviews/task18b_83_parameter_recheck.csv,??,REQUIRES_OWNER_DECISION,TASK15-19/MODEL001,,,,050d0180143cdb65829c6079a394bfe43b5dd7d1e3fbef1df30accbdcb799c9a,67002,false,Spec-v3 artifact exists but is not uniquely attributable to audited B1-A/B1-B or approved B2-A1,MEDIUM,true,INCLUDE_REQUIRED_PROJECT_HISTORY,TASK18_HISTORY,true,"Task 18/B1-A/B1-B semantic, audit, evidence, status, or queue provenance",false
docs/spec-v3/semantic-completion/semantic_completion_matrix.csv,??,REQUIRES_OWNER_DECISION,TASK15-19/MODEL001,,,,3d58afa6ae0c5648daa8e70c4710eb96e095d872ddc929c25ffec6e2f0cc2ce3,1097008,false,Spec-v3 artifact exists but is not uniquely attributable to audited B1-A/B1-B or approved B2-A1,MEDIUM,true,INCLUDE_REQUIRED_PROJECT_HISTORY,TASK18_HISTORY,true,"Task 18/B1-A/B1-B semantic, audit, evidence, status, or queue provenance",false
docs/spec-v3/semantic-completion/semantic_completion_summary.md,??,REQUIRES_OWNER_DECISION,TASK15-19/MODEL001,,,,882ced5cc5db7d77d5c1fe9adf3f92f792682dd7cba8cbdff1f5bbd3beb37b77,3600,false,Spec-v3 artifact exists but is not uniquely attributable to audited B1-A/B1-B or approved B2-A1,MEDIUM,true,INCLUDE_REQUIRED_PROJECT_HISTORY,TASK18_HISTORY,true,"Task 18/B1-A/B1-B semantic, audit, evidence, status, or queue provenance",false
docs/spec-v3/semantic-completion/semantic_delta_catalog.csv,??,REQUIRES_OWNER_DECISION,TASK15-19/MODEL001,,,,b56e2eb7f9b8ea56ad2386873d0dd0e6c63198a9df54a8f48690c82f75c66aa0,2689036,false,Spec-v3 artifact exists but is not uniquely attributable to audited B1-A/B1-B or approved B2-A1,MEDIUM,true,INCLUDE_REQUIRED_PROJECT_HISTORY,TASK18_HISTORY,true,"Task 18/B1-A/B1-B semantic, audit, evidence, status, or queue provenance",false
docs/spec-v3/semantic-completion/task18b_r1_effective_delta_catalog.csv,??,REQUIRES_OWNER_DECISION,TASK15-19/MODEL001,,,,828c118a35ab746a6ef9cbc9a0e35b444d81ffccf395cd3b0bfe52b228cec06d,29387,false,Spec-v3 artifact exists but is not uniquely attributable to audited B1-A/B1-B or approved B2-A1,MEDIUM,true,INCLUDE_REQUIRED_PROJECT_HISTORY,TASK18_HISTORY,true,"Task 18/B1-A/B1-B semantic, audit, evidence, status, or queue provenance",false
docs/spec-v3/semantic-completion/task18b_r1_supersession_map.csv,??,REQUIRES_OWNER_DECISION,TASK15-19/MODEL001,,,,778091e8eb43ec38f454d6bba408f912ef11cb908952680333c4946f26c724c9,11463,false,Spec-v3 artifact exists but is not uniquely attributable to audited B1-A/B1-B or approved B2-A1,MEDIUM,true,INCLUDE_REQUIRED_PROJECT_HISTORY,TASK18_HISTORY,true,"Task 18/B1-A/B1-B semantic, audit, evidence, status, or queue provenance",false
engine/rng_v2.py,??,REQUIRES_AUDIT_RECHECK,B1-A,STATE-010|ALGO-009|ALGO-011,docs/spec-v3/reports/B1-A_E5_trace_matrix.csv,,623c0e0e9b653add7bf15052a790be2ff15e7b45b8c6a0679cab35fb66b9101f,5025,false,B1-A trace references file but no full per-file audit hash is available,HIGH,true,INCLUDE_REQUIRED_PRODUCTION_BASELINE,ALGO-011,true,"Scoped B1-A re-audit passed: approved E5 symbol/test attribution, two deterministic direct-test runs, current full SHA-256 captured in supplemental manifest",false
players/humanlike/config_v2.py,??,REQUIRES_AUDIT_RECHECK,B1-A,STATE-010|ALGO-009|ALGO-011,docs/spec-v3/reports/B1-A_E5_trace_matrix.csv,,7450691363c33b012d5d0aaf43d45829caa91294db6aa36c53080e25aa4a22fc,7111,false,B1-A trace references file but no full per-file audit hash is available,HIGH,true,INCLUDE_REQUIRED_PRODUCTION_BASELINE,ALGO-009,true,"Scoped B1-A re-audit passed: approved E5 symbol/test attribution, two deterministic direct-test runs, current full SHA-256 captured in supplemental manifest",false
players/humanlike/parameter_registry_v2.json,??,REQUIRES_OWNER_DECISION,MULTI_TASK_CODE,,,,b1b0f4a7f1426e234133be9e1cc021e42c02aabcb359fc40407cc8f3d2638ef1,39303,false,Business/test code has no unique full-hash audit attribution in available manifests,HIGH,true,INCLUDE_REQUIRED_PRODUCTION_BASELINE,STATE-010|ALGO-009,true,B1-A parameter registry runtime dependency,false
players/humanlike/state010.py,??,REQUIRES_AUDIT_RECHECK,B1-A,STATE-010|ALGO-009|ALGO-011,docs/spec-v3/reports/B1-A_E5_trace_matrix.csv,,373b0b7ba604394050d9a1f9d7b3bac012d803b6d110e1d121683f8c62df95b7,7080,false,B1-A trace references file but no full per-file audit hash is available,HIGH,true,INCLUDE_REQUIRED_PRODUCTION_BASELINE,STATE-010,true,"Scoped B1-A re-audit passed: approved E5 symbol/test attribution, two deterministic direct-test runs, current full SHA-256 captured in supplemental manifest",false
tests/contracts/test_common_contracts.py,??,REQUIRES_OWNER_DECISION,MULTI_TASK_CODE,,,,c3ec226332d86852f765e9e396c24fb6439094a6ced7da93ec66c9cd3cc9b442,3193,false,Business/test code has no unique full-hash audit attribution in available manifests,HIGH,true,INCLUDE_REQUIRED_TEST_BASELINE,CONTRACTS,true,Contract regression suite required to reproduce audited baseline,false
tests/contracts/test_decision_contracts.py,??,REQUIRES_OWNER_DECISION,MULTI_TASK_CODE,,,,fe1c1a2a30b3d58b6fa8de81a144981754cd0a69af3ac019de9b4afdba068bcc,1737,false,Business/test code has no unique full-hash audit attribution in available manifests,HIGH,true,INCLUDE_REQUIRED_TEST_BASELINE,CONTRACTS,true,Contract regression suite required to reproduce audited baseline,false
tests/contracts/test_fixture_and_visibility_contracts.py,??,REQUIRES_OWNER_DECISION,MULTI_TASK_CODE,,,,4d3f29fb8539ec3631cdd53e81143785f9dc317284e4cee91038ed8ab6b83a13,2132,false,Business/test code has no unique full-hash audit attribution in available manifests,HIGH,true,INCLUDE_REQUIRED_TEST_BASELINE,CONTRACTS,true,Contract regression suite required to reproduce audited baseline,false
tests/contracts/test_versioning_contract.py,??,REQUIRES_OWNER_DECISION,MULTI_TASK_CODE,,,,6ff2bb53fb311d383095d83dcf26d00624961fc6dc14469f4310352d7a3e002e,797,false,Business/test code has no unique full-hash audit attribution in available manifests,HIGH,true,INCLUDE_REQUIRED_TEST_BASELINE,CONTRACTS,true,Contract regression suite required to reproduce audited baseline,false
tests/spec_v3/test_algo_001.py,??,REQUIRES_OWNER_DECISION,MULTI_TASK_CODE,,,,90d233f388296509e0f2ae0ee1c50961eca1a7c633eaad2b76e969dd9592580a,1220,false,Business/test code has no unique full-hash audit attribution in available manifests,HIGH,true,INCLUDE_REQUIRED_TEST_BASELINE,ALGO-001,true,Direct collected test for current audited/integrated unit baseline,false
tests/spec_v3/test_algo_010.py,??,REQUIRES_OWNER_DECISION,MULTI_TASK_CODE,,,,4f09728ac9c11ef9d36fac53625d780ab0922510dd794bc3b329eead063c2026,675,false,Business/test code has no unique full-hash audit attribution in available manifests,HIGH,true,INCLUDE_REQUIRED_TEST_BASELINE,ALGO-010,true,Direct collected test for current audited/integrated unit baseline,false
tests/spec_v3/test_audit_003.py,??,REQUIRES_OWNER_DECISION,MULTI_TASK_CODE,,,,db7520413c3beb636e415ae9470d919daa081e6a137f10cd80c9e2659cd0f302,1029,false,Business/test code has no unique full-hash audit attribution in available manifests,HIGH,true,INCLUDE_REQUIRED_TEST_BASELINE,AUDIT-003,true,Direct collected test for current audited/integrated unit baseline,false
tests/spec_v3/test_b1a_algo009.py,??,REQUIRES_AUDIT_RECHECK,B1-A,STATE-010|ALGO-009|ALGO-011,docs/spec-v3/reports/B1-A_E5_trace_matrix.csv,,4d8705a845a25feff1096c93de716f361679c169a9783c95d6f239eacb3c00d0,4160,false,B1-A trace references file but no full per-file audit hash is available,HIGH,true,INCLUDE_REQUIRED_TEST_BASELINE,ALGO-009,true,"Scoped B1-A re-audit passed: approved E5 symbol/test attribution, two deterministic direct-test runs, current full SHA-256 captured in supplemental manifest",false
tests/spec_v3/test_b1a_algo011.py,??,REQUIRES_AUDIT_RECHECK,B1-A,STATE-010|ALGO-009|ALGO-011,docs/spec-v3/reports/B1-A_E5_trace_matrix.csv,,d626d5945e4cd1374df91fc5182ceaefc16c9554f9320391cf107c7ad7a980cb,6013,false,B1-A trace references file but no full per-file audit hash is available,HIGH,true,INCLUDE_REQUIRED_TEST_BASELINE,ALGO-011,true,"Scoped B1-A re-audit passed: approved E5 symbol/test attribution, two deterministic direct-test runs, current full SHA-256 captured in supplemental manifest",false
tests/spec_v3/test_b1a_state010.py,??,REQUIRES_AUDIT_RECHECK,B1-A,STATE-010|ALGO-009|ALGO-011,docs/spec-v3/reports/B1-A_E5_trace_matrix.csv,,f046ffc9d5a5febbe2913610a971c2944bdaed4acc917c8a91e7a7c690ecd57f,3450,false,B1-A trace references file but no full per-file audit hash is available,HIGH,true,INCLUDE_REQUIRED_TEST_BASELINE,STATE-010,true,"Scoped B1-A re-audit passed: approved E5 symbol/test attribution, two deterministic direct-test runs, current full SHA-256 captured in supplemental manifest",false
tests/spec_v3/test_heur_019.py,??,REQUIRES_OWNER_DECISION,MULTI_TASK_CODE,,,,ec3fe0db220ad3ba78bfd197ab2b4ef9fd658139922938b9d4d5d9ff5f638c21,1144,false,Business/test code has no unique full-hash audit attribution in available manifests,HIGH,true,INCLUDE_REQUIRED_TEST_BASELINE,HEUR-019,true,Direct collected test for current audited/integrated unit baseline,false
tests/spec_v3/test_model_001.py,??,REQUIRES_OWNER_DECISION,MULTI_TASK_CODE,,,,2b11df1c0bd5e97e0a65745cc8a2e193a56f89ff8d415113c29ca998d6c342b7,1190,false,Business/test code has no unique full-hash audit attribution in available manifests,HIGH,true,INCLUDE_REQUIRED_MODEL001_BASELINE,MODEL-001,true,Direct collected test for current audited/integrated unit baseline,false
tests/spec_v3/test_rule_003.py,??,REQUIRES_OWNER_DECISION,MULTI_TASK_CODE,,,,103b27454710791d43e97004f1117e4041daaceda5bf1f6ddbe17b4af6214e0b,1704,false,Business/test code has no unique full-hash audit attribution in available manifests,HIGH,true,INCLUDE_REQUIRED_TEST_BASELINE,RULE-003,true,Direct collected test for current audited/integrated unit baseline,false
tests/spec_v3/test_rule_016.py,??,REQUIRES_OWNER_DECISION,MULTI_TASK_CODE,,,,1188a59616208e74122ca03b7e056147d355619fd39fb01a801cd14c7b118dd3,544,false,Business/test code has no unique full-hash audit attribution in available manifests,HIGH,true,INCLUDE_REQUIRED_TEST_BASELINE,RULE-016,true,Direct collected test for current audited/integrated unit baseline,false
tests/spec_v3/test_score_001.py,??,REQUIRES_OWNER_DECISION,MULTI_TASK_CODE,,,,3ba9f4ab6ad284647a48498132bcad39b98001abb3778ecad2d7ec0ae802d1cc,1451,false,Business/test code has no unique full-hash audit attribution in available manifests,HIGH,true,INCLUDE_REQUIRED_TEST_BASELINE,SCORE-001,true,Direct collected test for current audited/integrated unit baseline,false
tests/spec_v3/test_state_001.py,??,REQUIRES_OWNER_DECISION,MULTI_TASK_CODE,,,,8b81968887b8e75dbd004fe1b2a19dfeb699272d7a56e8b3787e1f7a85946b49,3058,false,Business/test code has no unique full-hash audit attribution in available manifests,HIGH,true,INCLUDE_REQUIRED_TEST_BASELINE,STATE-001,true,Direct collected test for current audited/integrated unit baseline,false
tests/spec_v3/test_state_004.py,??,REQUIRES_OWNER_DECISION,MULTI_TASK_CODE,,,,c927a39ea460a6b339433fa61d5c043c3f173d7c5f95b092042fc1761ea79e35,2591,false,Business/test code has no unique full-hash audit attribution in available manifests,HIGH,true,INCLUDE_REQUIRED_TEST_BASELINE,STATE-004,true,Direct collected test for current audited/integrated unit baseline,false
tests/spec_v3/test_state_005.py,??,REQUIRES_OWNER_DECISION,MULTI_TASK_CODE,,,,07070ff58bbaa2609c687f66626115f0d09da6f53c3ea35b0573c824e7e964d1,516,false,Business/test code has no unique full-hash audit attribution in available manifests,HIGH,true,INCLUDE_REQUIRED_TEST_BASELINE,STATE-005,true,Direct collected test for current audited/integrated unit baseline,false
tests/spec_v3/test_state_011.py,??,REQUIRES_OWNER_DECISION,MULTI_TASK_CODE,,,,9c3358c0eb58689ece5b8cda99ae111b3a6a7123a14d522c99f94922f441a50b,2421,false,Business/test code has no unique full-hash audit attribution in available manifests,HIGH,true,INCLUDE_REQUIRED_TEST_BASELINE,STATE-011,true,Direct collected test for current audited/integrated unit baseline,false
tests/spec_v3/test_train_003.py,??,REQUIRES_OWNER_DECISION,MULTI_TASK_CODE,,,,2a0f3b21655f719a0146e4e9bc69bfb4d8231478a0bc5b10a1bd1c04ce5c1e5c,1358,false,Business/test code has no unique full-hash audit attribution in available manifests,HIGH,true,INCLUDE_REQUIRED_TEST_BASELINE,TRAIN-003,true,Direct collected test for current audited/integrated unit baseline,false
