path,classification,sha256,byte_size,source_task,related_units,evidence_reference,generated_at,included_in_checkpoint
docs/changelog.md,INCLUDE_TASK19_PLAN,d0e9b3413a22cf37a8e5d35b15992ee9b17e0631e0650e46024913849a705644,105389,TASK18/TASK19,,AGENTS.md rules 6-7,2026-07-30T23:00:30+08:00,true
docs/spec-v3/02-unit-catalog/dependency_graph.md,INCLUDE_APPROVED_DESIGN,6f70d2d9a58085e542ddef31f2a4d79e4ddeed0502f342adb5caa62b56deb213,7588,SPEC-V3/TASK16/B1-A/B1-B,,Locked/Frozen authority chain,2026-07-30T23:00:30+08:00,true
docs/spec-v3/02-unit-catalog/locked_unit_catalog.csv,INCLUDE_APPROVED_DESIGN,abbe1fc84774528b4ab78bd1a926879d56e81baf4be97004efe892348683b7c4,58185,SPEC-V3/TASK16/B1-A/B1-B,,Locked/Frozen authority chain,2026-07-30T23:00:30+08:00,true
docs/spec-v3/02-unit-catalog/locked_unit_catalog.md,INCLUDE_APPROVED_DESIGN,0e0a9e977cd0c0c09e0ea698c6d5433da203521435957bae4554123b573ff62e,62861,SPEC-V3/TASK16/B1-A/B1-B,,Locked/Frozen authority chain,2026-07-30T23:00:30+08:00,true
docs/spec-v3/02-unit-catalog/proposed_unit_catalog.md,INCLUDE_APPROVED_DESIGN,8c931dfa69ab923190c9e326cbdaa2e8274d65f3b57b08bc5c7bfb7109791211,15080,SPEC-V3/TASK16/B1-A/B1-B,,Locked/Frozen authority chain,2026-07-30T23:00:30+08:00,true
docs/spec-v3/02-unit-catalog/unit_boundary_review.md,INCLUDE_APPROVED_DESIGN,99345079e966f9da5c1ddf7a69e1625e77ef9a5a928d1b38713cd6618f21f882,10274,SPEC-V3/TASK16/B1-A/B1-B,,Locked/Frozen authority chain,2026-07-30T23:00:30+08:00,true
docs/spec-v3/02-unit-catalog/unit_migration_map.csv,INCLUDE_APPROVED_DESIGN,0f6aa7977c452f2935754d7fcd445621b60e491a62b1cfc4b0a8462dc8085ff3,13662,SPEC-V3/TASK16/B1-A/B1-B,,Locked/Frozen authority chain,2026-07-30T23:00:30+08:00,true
docs/spec-v3/03-unit-specs/UNIT_SPEC_TEMPLATE.md,INCLUDE_APPROVED_DESIGN,928772d899b159f53e9bb489e18bbfa214338fbdec9e1579b19a3604deb1273e,4779,SPEC-V3/TASK16/B1-A/B1-B,,Locked/Frozen authority chain,2026-07-30T23:00:30+08:00,true
docs/spec-v3/03-unit-specs/audit_specs.md,INCLUDE_APPROVED_DESIGN,ce19e0f0067841782f0f8ad6daa8bdcdf4b13698c946591683c9376e7129e08e,72589,SPEC-V3/TASK16/B1-A/B1-B,,Locked/Frozen authority chain,2026-07-30T23:00:30+08:00,true
docs/spec-v3/03-unit-specs/deterministic_algorithm_scoring_specs.md,INCLUDE_APPROVED_DESIGN,bcd82974ab84c3dbd99d80c27b5a599814b2e75eae3fa2397ba928ce177712a4,61427,SPEC-V3/TASK16/B1-A/B1-B,,Locked/Frozen authority chain,2026-07-30T23:00:30+08:00,true
docs/spec-v3/03-unit-specs/deterministic_rule_state_specs.md,INCLUDE_APPROVED_DESIGN,f32b8444ae12cc0ae651bf88ce2e477b85e510c34e2309bb8bd9450e856f039e,159862,SPEC-V3/TASK16/B1-A/B1-B,,Locked/Frozen authority chain,2026-07-30T23:00:30+08:00,true
docs/spec-v3/03-unit-specs/human_heuristic_specs.md,INCLUDE_APPROVED_DESIGN,16ef9b5c10e3ad2022d875adb9f3be02beebb1da5aaf71858028f913d7ea4114,108033,SPEC-V3/TASK16/B1-A/B1-B,,Locked/Frozen authority chain,2026-07-30T23:00:30+08:00,true
docs/spec-v3/03-unit-specs/pilot_unit_contracts_3_0_3.md,INCLUDE_APPROVED_DESIGN,84c4be47c10d42cfd30f401bd2d58e39ea81dce8a47d66d9aaafefc7864103a0,6343,SPEC-V3/TASK16/B1-A/B1-B,,Locked/Frozen authority chain,2026-07-30T23:00:30+08:00,true
docs/spec-v3/03-unit-specs/probabilistic_model_specs.md,INCLUDE_APPROVED_DESIGN,29a49fe6390d22c4220cfadb8d10600c15bfa0060b811e710acc92447db1d700,26023,SPEC-V3/TASK16/B1-A/B1-B,,Locked/Frozen authority chain,2026-07-30T23:00:30+08:00,true
docs/spec-v3/03-unit-specs/training_environment_specs.md,INCLUDE_APPROVED_DESIGN,206b0ea5c315e59fe142487adf32afe09501ded4e34abf9a7dbbb59feec6d4e1,49413,SPEC-V3/TASK16/B1-A/B1-B,,Locked/Frozen authority chain,2026-07-30T23:00:30+08:00,true
docs/spec-v3/06-audit-acceptance/acceptance_checklist.md,INCLUDE_APPROVED_DESIGN,7263891458b54fca5a399be99218745e62e633c89d4181a5a769a4f498a74325,367667,SPEC-V3/TASK16/B1-A/B1-B,,Locked/Frozen authority chain,2026-07-30T23:00:30+08:00,true
docs/spec-v3/06-audit-acceptance/audit_report_template.md,INCLUDE_APPROVED_DESIGN,dbf9e3a7cc4bd236bd431ad94effdd214923dddf758ab948110e60b87fd56125,4517,SPEC-V3/TASK16/B1-A/B1-B,,Locked/Frozen authority chain,2026-07-30T23:00:30+08:00,true
docs/spec-v3/06-audit-acceptance/audit_standard.md,INCLUDE_APPROVED_DESIGN,fa222690d2c6dcee57e73f4c1a9d9dcba7ac9116453a2d060f6f65f6e4938162,11956,SPEC-V3/TASK16/B1-A/B1-B,,Locked/Frozen authority chain,2026-07-30T23:00:30+08:00,true
docs/spec-v3/06-audit-acceptance/evidence_template.md,INCLUDE_APPROVED_DESIGN,288d512ab1ebdcefeefc8ae71c1f918aa32d86de374287073172fd7673a37bbc,6007,SPEC-V3/TASK16/B1-A/B1-B,,Locked/Frozen authority chain,2026-07-30T23:00:30+08:00,true
docs/spec-v3/07-traceability/parameter_registry.csv,INCLUDE_APPROVED_DESIGN,2b1720df6a507a0944efd840c4516b5bf53120982b741e43a83d168d07ae5a66,93829,SPEC-V3/TASK16/B1-A/B1-B,,Locked/Frozen authority chain,2026-07-30T23:00:30+08:00,true
docs/spec-v3/07-traceability/rule_parameter_unit_matrix.csv,INCLUDE_APPROVED_DESIGN,e38373679363419cf50e5e568733b745ccee37b78ef489903d6a7b923b89ea35,46940,SPEC-V3/TASK16/B1-A/B1-B,,Locked/Frozen authority chain,2026-07-30T23:00:30+08:00,true
docs/spec-v3/audit/B1-B_defects.csv,INCLUDE_REQUIRED_PROJECT_HISTORY,abb61acc49e9770bb9b721772a72a11a33235530d8f077d8bee7fe4dfdddf6d4,67,TASK15-19/MODEL001,TASK18_HISTORY,docs/spec-v3/task19/checkpoint/task19_checkpoint_final_review.md,2026-07-30T23:00:30+08:00,true
docs/spec-v3/audit/B1-B_final_independent_audit_report.md,INCLUDE_REQUIRED_PROJECT_HISTORY,cd0b814aff8440be290bf9ef8e4baea10e06b1abef57144b7d8fdbfddd9ac7d8,4683,TASK15-19/MODEL001,TASK18_HISTORY,docs/spec-v3/task19/checkpoint/task19_checkpoint_final_review.md,2026-07-30T23:00:30+08:00,true
docs/spec-v3/audit/B1-B_independent_audit_report.md,INCLUDE_REQUIRED_PROJECT_HISTORY,595bef42bb76f92b1fb883a1705e5a490b5cf3662ecfc936d7daed8f665d69de,1854,TASK15-19/MODEL001,TASK18_HISTORY,docs/spec-v3/task19/checkpoint/task19_checkpoint_final_review.md,2026-07-30T23:00:30+08:00,true
docs/spec-v3/audit/B1-B_test_results.md,INCLUDE_REQUIRED_PROJECT_HISTORY,4c686ba569a29abee5c27c8a8586a7880a173bf65db513499d2b252ea6657eac,2744,TASK15-19/MODEL001,TASK18_HISTORY,docs/spec-v3/task19/checkpoint/task19_checkpoint_final_review.md,2026-07-30T23:00:30+08:00,true
docs/spec-v3/audit/B1-B_test_results_final.md,INCLUDE_AUDITED_RESULT,df8044c8d301794c8d0955a18819235c12220aad9eb712b5a656d35ab753dbaf,1094,B1-B,,B1-B_evidence_manifest.csv,2026-07-30T23:00:30+08:00,true
docs/spec-v3/audit/B1-B_unit_results.csv,INCLUDE_REQUIRED_PROJECT_HISTORY,f7061c9d2fc355716ce8ae870910c8de8d99c522a9c788c45e7fc1fc1a21d652,296,TASK15-19/MODEL001,TASK18_HISTORY,docs/spec-v3/task19/checkpoint/task19_checkpoint_final_review.md,2026-07-30T23:00:30+08:00,true
docs/spec-v3/audit/task17_96_unit_audit_clarification.md,INCLUDE_REQUIRED_PROJECT_HISTORY,5d00945f4b3aa09505b0cfee2b4879683af75411c313a6f83da2ec257aced0cf,8533,TASK15-19/MODEL001,TASK15-17,docs/spec-v3/task19/checkpoint/task19_checkpoint_final_review.md,2026-07-30T23:00:30+08:00,true
docs/spec-v3/audit/task17_full_junit.xml,INCLUDE_REQUIRED_PROJECT_HISTORY,15fd5dd19b4dd54af9ae2cc05467609d965509f04f4f3bf5efcd34c7c9440961,42780,TASK15-19/MODEL001,TASK15-17,docs/spec-v3/task19/checkpoint/task19_checkpoint_final_review.md,2026-07-30T23:00:30+08:00,true
docs/spec-v3/audit/task18_b1a_audit_status_delta.csv,INCLUDE_REQUIRED_PROJECT_HISTORY,d9d654d97bf7f5b32b0685d69a62dd6a3c1c179dcfd2c9254d18802910b50364,913,TASK15-19/MODEL001,TASK18_HISTORY,docs/spec-v3/task19/checkpoint/task19_checkpoint_final_review.md,2026-07-30T23:00:30+08:00,true
docs/spec-v3/audit/task18_b1b_acceptance_audit.csv,INCLUDE_REQUIRED_PROJECT_HISTORY,73234bf17bd3d322ce249610644683106bc5b216adf9b866ecd7851a891ccaa0,6511,TASK15-19/MODEL001,TASK18_HISTORY,docs/spec-v3/task19/checkpoint/task19_checkpoint_final_review.md,2026-07-30T23:00:30+08:00,true
docs/spec-v3/audit/task18_b1b_audit_findings.csv,INCLUDE_REQUIRED_PROJECT_HISTORY,3356ac73cb3a641858deb2621920b0e63f0d08552d6e853dd584e5721c5cb135,2444,TASK15-19/MODEL001,TASK18_HISTORY,docs/spec-v3/task19/checkpoint/task19_checkpoint_final_review.md,2026-07-30T23:00:30+08:00,true
docs/spec-v3/audit/task18_b1b_audit_status_delta.csv,INCLUDE_REQUIRED_PROJECT_HISTORY,207e818c05c33a667c3f47b87c52ea10d72e123512a13997134cec9149b1f08a,346,TASK15-19/MODEL001,TASK18_HISTORY,docs/spec-v3/task19/checkpoint/task19_checkpoint_final_review.md,2026-07-30T23:00:30+08:00,true
docs/spec-v3/audit/task18_b1b_audit_status_delta_final.csv,INCLUDE_AUDITED_RESULT,7e8893919122043d34634ce90233ef3d0f8d5b935d803a343e1398d2549f8766,656,B1-B,,B1-B_evidence_manifest.csv,2026-07-30T23:00:30+08:00,true
docs/spec-v3/audit/task18_b1b_independent_audit_report.md,INCLUDE_REQUIRED_PROJECT_HISTORY,b48eb0f9dbdf44e9a205d54265c53de2d7bbc132694281f4435311eff46adfd2,1964,TASK15-19/MODEL001,TASK18_HISTORY,docs/spec-v3/task19/checkpoint/task19_checkpoint_final_review.md,2026-07-30T23:00:30+08:00,true
docs/spec-v3/audit/task18_current_96_unit_status.csv,INCLUDE_REQUIRED_PROJECT_HISTORY,3dc5f4fb9df5841d02c95f7a9944f18015d26e2a027f03f5b27e64a4cc72c4ea,10563,TASK15-19/MODEL001,TASK18_HISTORY,docs/spec-v3/task19/checkpoint/task19_checkpoint_final_review.md,2026-07-30T23:00:30+08:00,true
docs/spec-v3/audit/task18_current_96_unit_status.json,INCLUDE_REQUIRED_PROJECT_HISTORY,79f3308f9acd0232cdfad3a304a032ae1e4fb160fc5c57f48ad7eec5f78aae58,1432,TASK15-19/MODEL001,TASK18_HISTORY,docs/spec-v3/task19/checkpoint/task19_checkpoint_final_review.md,2026-07-30T23:00:30+08:00,true
docs/spec-v3/audit/task18_current_96_unit_status_summary.md,INCLUDE_REQUIRED_PROJECT_HISTORY,41a169167c677fe565f68b030c2211dbb4ee4b1bd9478066c16ed6bb8a84f643,962,TASK15-19/MODEL001,TASK18_HISTORY,docs/spec-v3/task19/checkpoint/task19_checkpoint_final_review.md,2026-07-30T23:00:30+08:00,true
docs/spec-v3/audit/task18_current_status_view.json,INCLUDE_REQUIRED_PROJECT_HISTORY,7da0c81dc55ef1eda886e2d8d2f776357ee4ba57f01a3fd5739174143056c4f5,1531,TASK15-19/MODEL001,TASK18_HISTORY,docs/spec-v3/task19/checkpoint/task19_checkpoint_final_review.md,2026-07-30T23:00:30+08:00,true
docs/spec-v3/audit/unit_catalog_v3.csv,INCLUDE_REQUIRED_PROJECT_HISTORY,80b56efa2a3a19b79bccd13ba8719a391cab9f178ec0987b74f529a2e18ad3e4,48016,TASK15-19/MODEL001,TASK18_HISTORY,docs/spec-v3/task19/checkpoint/task19_checkpoint_final_review.md,2026-07-30T23:00:30+08:00,true
docs/spec-v3/audit/unit_dependency_graph.md,INCLUDE_REQUIRED_PROJECT_HISTORY,b6cefd68fea3413583970a967a6048118c06102eda5b67ae9a34616c350be280,8818,TASK15-19/MODEL001,TASK18_HISTORY,docs/spec-v3/task19/checkpoint/task19_checkpoint_final_review.md,2026-07-30T23:00:30+08:00,true
docs/spec-v3/audit/unit_gap_matrix_v3.csv,INCLUDE_REQUIRED_PROJECT_HISTORY,507dc8755cbadc3a21943f92b2e40c328fcab7e8e0b43e94f8be979f1cfc7d43,263827,TASK15-19/MODEL001,TASK18_HISTORY,docs/spec-v3/task19/checkpoint/task19_checkpoint_final_review.md,2026-07-30T23:00:30+08:00,true
docs/spec-v3/audit/unit_rebaseline_report.md,INCLUDE_REQUIRED_PROJECT_HISTORY,0b7338aab44dc88992a19721ae5d9a23a07889a145e4039953572eb255525604,5509,TASK15-19/MODEL001,TASK18_HISTORY,docs/spec-v3/task19/checkpoint/task19_checkpoint_final_review.md,2026-07-30T23:00:30+08:00,true
docs/spec-v3/audit/unit_rebaseline_summary.json,INCLUDE_REQUIRED_PROJECT_HISTORY,980bc913a0a3660af7012e84c9bfcfaeff20d91c5bee8fc072b5481ef7661243,5854,TASK15-19/MODEL001,TASK18_HISTORY,docs/spec-v3/task19/checkpoint/task19_checkpoint_final_review.md,2026-07-30T23:00:30+08:00,true
docs/spec-v3/contracts/common_contracts.md,INCLUDE_APPROVED_DESIGN,fe819c81beb1d092680eee96cdf72e2bda69794ffeba61e66a6a23ac968c6ae2,7951,SPEC-V3/TASK16/B1-A/B1-B,,Locked/Frozen authority chain,2026-07-30T23:00:30+08:00,true
docs/spec-v3/contracts/data_visibility_contract.md,INCLUDE_APPROVED_DESIGN,40c1a0a397b901bef7214fef7791b9122110a44bf5ae928dbc5f50b91478d6c5,2167,SPEC-V3/TASK16/B1-A/B1-B,,Locked/Frozen authority chain,2026-07-30T23:00:30+08:00,true
docs/spec-v3/contracts/model001_sim_label_contract.md,INCLUDE_APPROVED_DESIGN,dddba46ecb2f2ae228083af55de4e3208f8fa08baa2df60a31afb1c9786a4085,1789,SPEC-V3/TASK16/B1-A/B1-B,,Locked/Frozen authority chain,2026-07-30T23:00:30+08:00,true
docs/spec-v3/contracts/schemas/common_contracts.schema.json,INCLUDE_APPROVED_DESIGN,16312edd709bc22c09e72b4e44afc74e554171fa4fb8068369b68f4cacf15943,5859,SPEC-V3/TASK16/B1-A/B1-B,,Locked/Frozen authority chain,2026-07-30T23:00:30+08:00,true
docs/spec-v3/contracts/schemas/decision.schema.json,INCLUDE_APPROVED_DESIGN,8a83bc95d6ba4e13b3a340bc396b1b119e11a05b12ceef5dd290bdede2acf993,1220,SPEC-V3/TASK16/B1-A/B1-B,,Locked/Frozen authority chain,2026-07-30T23:00:30+08:00,true
docs/spec-v3/contracts/schemas/fixture.schema.json,INCLUDE_APPROVED_DESIGN,3a510b8026db48c4451744c9e4b61483f4add77ad39d50c99b498b9f98c7e1ee,1469,SPEC-V3/TASK16/B1-A/B1-B,,Locked/Frozen authority chain,2026-07-30T23:00:30+08:00,true
docs/spec-v3/contracts/versioning_policy.md,INCLUDE_APPROVED_DESIGN,b11c8a1e1684e0675998d99e602310690ac2203ae7c252c6e9c03cfa7cdfbe09,1786,SPEC-V3/TASK16/B1-A/B1-B,,Locked/Frozen authority chain,2026-07-30T23:00:30+08:00,true
docs/spec-v3/decisions/B1-A_approval_form.md,INCLUDE_APPROVED_DESIGN,ced62a300846a81604bdefee3a3f55019a316578100678b9bb460f35622903d3,1990,SPEC-V3/TASK16/B1-A/B1-B,,Locked/Frozen authority chain,2026-07-30T23:00:30+08:00,true
docs/spec-v3/decisions/B1-A_authority_correction.md,INCLUDE_APPROVED_DESIGN,2f3c540053cdada932ac2aaf949c72a7da1be3d657f44fb734c4530de5bf2f44,1544,SPEC-V3/TASK16/B1-A/B1-B,,Locked/Frozen authority chain,2026-07-30T23:00:30+08:00,true
docs/spec-v3/decisions/B1-A_contract_v2_approval_form.md,INCLUDE_APPROVED_DESIGN,90de30501ba105efb19bfc3e36042147783e86d3320b83782cc28edeb1429b96,614,SPEC-V3/TASK16/B1-A/B1-B,,Locked/Frozen authority chain,2026-07-30T23:00:30+08:00,true
docs/spec-v3/decisions/B1-A_contract_v2_change_proposal.md,INCLUDE_APPROVED_DESIGN,327392ddce0ea4f36553f8d8016a36fe6419bce00a29c4b94f996b051269a213,2340,SPEC-V3/TASK16/B1-A/B1-B,,Locked/Frozen authority chain,2026-07-30T23:00:30+08:00,true
docs/spec-v3/decisions/B1-A_decimal_scale_registry.csv,INCLUDE_APPROVED_DESIGN,84cc1909dd4c0514f1c603805955efa7d119049492ab9993bd64d587e979a45d,399,SPEC-V3/TASK16/B1-A/B1-B,,Locked/Frozen authority chain,2026-07-30T23:00:30+08:00,true
docs/spec-v3/decisions/B1-A_decision_matrix.csv,INCLUDE_APPROVED_DESIGN,56b7df028d9191d70d47f6081b16da3ec501096e2e33b1d62f691762a897221d,17218,SPEC-V3/TASK16/B1-A/B1-B,,Locked/Frozen authority chain,2026-07-30T23:00:30+08:00,true
docs/spec-v3/decisions/B1-A_decision_pack.md,INCLUDE_APPROVED_DESIGN,6bb5e8841e4b103b253dbb47c0995a39bb672524c24cc000ed1c2d0a5943537b,21561,SPEC-V3/TASK16/B1-A/B1-B,,Locked/Frozen authority chain,2026-07-30T23:00:30+08:00,true
docs/spec-v3/decisions/B1-A_effective_spec_overlay.md,INCLUDE_APPROVED_DESIGN,02523f20a3062a7a5fcfac6dfc143e3233b72215e137b69b2b2c263212cbe81a,710,SPEC-V3/TASK16/B1-A/B1-B,,Locked/Frozen authority chain,2026-07-30T23:00:30+08:00,true
docs/spec-v3/decisions/B1-A_executable_golden_vectors.json,INCLUDE_APPROVED_DESIGN,a857cbfd90aa334c5995f171483af6ad29743b0b9afbd457b63194b3e965a7a7,24477,SPEC-V3/TASK16/B1-A/B1-B,,Locked/Frozen authority chain,2026-07-30T23:00:30+08:00,true
docs/spec-v3/decisions/B1-A_frozen_contract_v2_approval.md,INCLUDE_APPROVED_DESIGN,2789747c5ac424e49d7bae9efe21548e9558a5f454133989be5d5596e57a9d9b,769,SPEC-V3/TASK16/B1-A/B1-B,,Locked/Frozen authority chain,2026-07-30T23:00:30+08:00,true
docs/spec-v3/decisions/B1-A_frozen_contract_v2_matrix.csv,INCLUDE_APPROVED_DESIGN,ed4de851d9fc1c28c31d72e35b4bf42ac1ff8c6dd0b6ed4e121e169deef82a95,2683,SPEC-V3/TASK16/B1-A/B1-B,,Locked/Frozen authority chain,2026-07-30T23:00:30+08:00,true
docs/spec-v3/decisions/B1-A_frozen_contract_v2_proposal.md,INCLUDE_APPROVED_DESIGN,02c2e7d3950201b1791f3debfb41cf5c63169c565e5484b63c6a569e115ff320,5285,SPEC-V3/TASK16/B1-A/B1-B,,Locked/Frozen authority chain,2026-07-30T23:00:30+08:00,true
docs/spec-v3/decisions/B1-A_golden_vector_review.csv,INCLUDE_APPROVED_DESIGN,6c8c73cc095a3b121a661caf0c43eeb88191e176a0d8cc4b2d1eef567d693e6c,3594,SPEC-V3/TASK16/B1-A/B1-B,,Locked/Frozen authority chain,2026-07-30T23:00:30+08:00,true
docs/spec-v3/decisions/B1-A_golden_vectors.json,INCLUDE_APPROVED_DESIGN,2ffb7ab476f3c8a3248bfb167822bc4642f3f28a454b8511713b5f3d3c4eb4fa,8859,SPEC-V3/TASK16/B1-A/B1-B,,Locked/Frozen authority chain,2026-07-30T23:00:30+08:00,true
docs/spec-v3/decisions/B1-A_hash_wording_findings.md,INCLUDE_APPROVED_DESIGN,ebf42aa16f8359272f23341de978b8379610270b145231b2c86d43de7b647108,2323,SPEC-V3/TASK16/B1-A/B1-B,,Locked/Frozen authority chain,2026-07-30T23:00:30+08:00,true
docs/spec-v3/decisions/B1-A_migration_edges.csv,INCLUDE_APPROVED_DESIGN,c60c05a18fa0fd89ad432cf66136b4f1347f7fa258ad3ed398e4a34462cbbb25,777,SPEC-V3/TASK16/B1-A/B1-B,,Locked/Frozen authority chain,2026-07-30T23:00:30+08:00,true
docs/spec-v3/decisions/B1-A_version_matrix.csv,INCLUDE_APPROVED_DESIGN,c943a63dffa533f9428860d8d00379742024f759f486d2388de27f1d8cecf989,809,SPEC-V3/TASK16/B1-A/B1-B,,Locked/Frozen authority chain,2026-07-30T23:00:30+08:00,true
docs/spec-v3/decisions/B1-B_STATE004_authority_adapter_decision.md,INCLUDE_REQUIRED_PROJECT_HISTORY,bd4edece137ec0ca71213d17a25aadc1a735079b5823dccf50d00351238be350,3032,TASK15-19/MODEL001,TASK18_HISTORY,docs/spec-v3/task19/checkpoint/task19_checkpoint_final_review.md,2026-07-30T23:00:30+08:00,true
docs/spec-v3/decisions/MODEL-001_sim_label_approval_form.md,INCLUDE_REQUIRED_MODEL001_BASELINE,5f54c739b26136cf7851f8180c931e96ce1b75e916bd521ff0238073de20c948,654,TASK15-19/MODEL001,MODEL-001,docs/spec-v3/task19/checkpoint/task19_checkpoint_final_review.md,2026-07-30T23:00:30+08:00,true
docs/spec-v3/decisions/MODEL-001_sim_label_decision_pack.md,INCLUDE_REQUIRED_MODEL001_BASELINE,a63d34d658d18a55fada10a32004aa0df3c4d24582675f22d74efe9af182054e,2609,TASK15-19/MODEL001,MODEL-001,docs/spec-v3/task19/checkpoint/task19_checkpoint_final_review.md,2026-07-30T23:00:30+08:00,true
docs/spec-v3/decisions/MODEL-001_sim_label_examples.json,INCLUDE_REQUIRED_MODEL001_BASELINE,154bdc3b0eace803fdfdf48e895f51e96c42a79b71ca5f01f1b7ad84fe17bbe7,1339,TASK15-19/MODEL001,MODEL-001,docs/spec-v3/task19/checkpoint/task19_checkpoint_final_review.md,2026-07-30T23:00:30+08:00,true
docs/spec-v3/decisions/STATE-011_legacy_deal_golden_approval.md,INCLUDE_REQUIRED_PROJECT_HISTORY,6312780368b3c77024116a27bdfe3d511e1a003ee023fc71b915c692486dfbdf,883,TASK15-19/MODEL001,TASK18_HISTORY,docs/spec-v3/task19/checkpoint/task19_checkpoint_final_review.md,2026-07-30T23:00:30+08:00,true
docs/spec-v3/evidence/task18b_b1a/B1-A_E5_manifest.json,INCLUDE_REQUIRED_PROJECT_HISTORY,75c6d7d6d233b7b3f4083d663e3caa1a4811111bedc3f0afdd2ee43358292b11,994,TASK15-19/MODEL001,TASK18_HISTORY,docs/spec-v3/task19/checkpoint/task19_checkpoint_final_review.md,2026-07-30T23:00:30+08:00,true
docs/spec-v3/evidence/task18b_b1a/B1-A_evidence_manifest.json,INCLUDE_REQUIRED_PROJECT_HISTORY,57edd1e41cf28652304c6f4e185474ba338b3629d0e396881cc6a5ac888e9ec1,418,TASK15-19/MODEL001,TASK18_HISTORY,docs/spec-v3/task19/checkpoint/task19_checkpoint_final_review.md,2026-07-30T23:00:30+08:00,true
docs/spec-v3/evidence/task18b_b1a/B1-A_golden_execution.json,INCLUDE_REQUIRED_PROJECT_HISTORY,712816cbc918b5d8396fd4d60ea9e8f3d3193dc2dbb187eadcbd19eea7c9a642,3307,TASK15-19/MODEL001,TASK18_HISTORY,docs/spec-v3/task19/checkpoint/task19_checkpoint_final_review.md,2026-07-30T23:00:30+08:00,true
docs/spec-v3/evidence/task18b_b1a/B1-A_performance_baseline.json,INCLUDE_REQUIRED_PROJECT_HISTORY,30485b2d3c10152559b8daaea1ac7556faebdb303e0fd1c0f58e6c86deba9ab2,738,TASK15-19/MODEL001,TASK18_HISTORY,docs/spec-v3/task19/checkpoint/task19_checkpoint_final_review.md,2026-07-30T23:00:30+08:00,true
docs/spec-v3/evidence/task18b_b1a/B1-A_runtime_evidence.json,INCLUDE_AUDITED_RESULT,6c51731812e6e1f49419260a13ed3b859ab1b123c6beb1dfefecf9496bdcd393,10148,B1-A,,B1-A_evidence_manifest.json,2026-07-30T23:00:30+08:00,true
docs/spec-v3/evidence/task18b_b1b/B1-B_E4_runtime.json,INCLUDE_REQUIRED_PROJECT_HISTORY,9c06c00d4edab1910fa2658fd6574e484f530e2a9507b83f3a763ecc800147ef,2086,TASK15-19/MODEL001,TASK18_HISTORY,docs/spec-v3/task19/checkpoint/task19_checkpoint_final_review.md,2026-07-30T23:00:30+08:00,true
docs/spec-v3/evidence/task18b_b1b/B1-B_E5_trace.csv,INCLUDE_REQUIRED_PROJECT_HISTORY,ecf739eb92521d856d90e7efd75fa30718a1dfdbcc29ff33bdd07390ef5eda0d,1212,TASK15-19/MODEL001,TASK18_HISTORY,docs/spec-v3/task19/checkpoint/task19_checkpoint_final_review.md,2026-07-30T23:00:30+08:00,true
docs/spec-v3/evidence/task18b_b1b_independent/B1-B_AC_results.csv,INCLUDE_REQUIRED_PROJECT_HISTORY,36466150179497628046eebd4d9f0f8a5be729f574aadbbf4342190fbbd6fc4e,3607,TASK15-19/MODEL001,TASK18_HISTORY,docs/spec-v3/task19/checkpoint/task19_checkpoint_final_review.md,2026-07-30T23:00:30+08:00,true
docs/spec-v3/evidence/task18b_b1b_independent/B1-B_AC_results_final.csv,INCLUDE_AUDITED_RESULT,077ef16daa7ad3561f2761c55069555f83f4698d48d42e316e1d12eabaaf0f54,3650,B1-B,,B1-B_evidence_manifest.csv,2026-07-30T23:00:30+08:00,true
docs/spec-v3/evidence/task18b_b1b_independent/B1-B_E5_trace.csv,INCLUDE_REQUIRED_PROJECT_HISTORY,ecabc780baa964ecda9a5a27d29bd41556114e4916a2ad9657b916a897fede49,7234,TASK15-19/MODEL001,TASK18_HISTORY,docs/spec-v3/task19/checkpoint/task19_checkpoint_final_review.md,2026-07-30T23:00:30+08:00,true
docs/spec-v3/evidence/task18b_b1b_independent/B1-B_E5_trace_final.csv,INCLUDE_AUDITED_RESULT,9705f21bee8cd7f2631a73c6290413235f9a1a722c39f27bda674aea334ff6a8,10241,B1-B,,B1-B_evidence_manifest.csv,2026-07-30T23:00:30+08:00,true
docs/spec-v3/evidence/task18b_b1b_independent/B1-B_evidence_manifest.csv,INCLUDE_REQUIRED_PROJECT_HISTORY,5d445813f54035cc883e5449d3accd6a473071f5112921cd86bcdbf48f68871d,1081,TASK15-19/MODEL001,TASK18_HISTORY,docs/spec-v3/task19/checkpoint/task19_checkpoint_final_review.md,2026-07-30T23:00:30+08:00,true
docs/spec-v3/evidence/task18b_b1b_independent/B1-B_evidence_validation.json,INCLUDE_REQUIRED_PROJECT_HISTORY,a74c38aee972a8894b5f1ba53f60caccadeb80f81d9937849598fa9d17a38649,886,TASK15-19/MODEL001,TASK18_HISTORY,docs/spec-v3/task19/checkpoint/task19_checkpoint_final_review.md,2026-07-30T23:00:30+08:00,true
docs/spec-v3/plans/B1-B_completion_and_queue_refresh.md,INCLUDE_REQUIRED_PROJECT_HISTORY,5f098d78e954b9792b88a89cbfbfc9e5490f857168da1a87184574c7a40a822a,864,TASK15-19/MODEL001,TASK18_HISTORY,docs/spec-v3/task19/checkpoint/task19_checkpoint_final_review.md,2026-07-30T23:00:30+08:00,true
docs/spec-v3/plans/development_batches_v3.csv,INCLUDE_REQUIRED_PROJECT_HISTORY,d7dba0a253f3c726d8d93c50c626f9f995c400498db272086188b86e0d721e5c,22008,TASK15-19/MODEL001,TASK18_HISTORY,docs/spec-v3/task19/checkpoint/task19_checkpoint_final_review.md,2026-07-30T23:00:30+08:00,true
docs/spec-v3/plans/development_batches_v3.md,INCLUDE_REQUIRED_PROJECT_HISTORY,11460512279b20ed96f98acffc2941ceef67ac3cd4ff2b47a21bd0de906730c8,5035,TASK15-19/MODEL001,TASK18_HISTORY,docs/spec-v3/task19/checkpoint/task19_checkpoint_final_review.md,2026-07-30T23:00:30+08:00,true
docs/spec-v3/plans/model001_data_track.md,INCLUDE_REQUIRED_MODEL001_BASELINE,d5103257f296b338aab63b7190813b9142812e52d7262ede6a0b6f940a83387a,1811,TASK15-19/MODEL001,MODEL-001,docs/spec-v3/task19/checkpoint/task19_checkpoint_final_review.md,2026-07-30T23:00:30+08:00,true
docs/spec-v3/plans/task18_execution_authorization.json,INCLUDE_REQUIRED_PROJECT_HISTORY,9f4e47fd60df9f2c9e4ecdea92fa92742ff9aa9464a509d46a972b007332ca8e,668,TASK15-19/MODEL001,TASK18_HISTORY,docs/spec-v3/task19/checkpoint/task19_checkpoint_final_review.md,2026-07-30T23:00:30+08:00,true
docs/spec-v3/plans/task18_execution_queue.json,INCLUDE_REQUIRED_PROJECT_HISTORY,01aa25f4b2c79c919ee69d10c0736021f6d49015ba3a2dc045e3355065a0070e,25661,TASK15-19/MODEL001,TASK18_HISTORY,docs/spec-v3/task19/checkpoint/task19_checkpoint_final_review.md,2026-07-30T23:00:30+08:00,true
docs/spec-v3/plans/task18_execution_queue_current.json,INCLUDE_REQUIRED_PROJECT_HISTORY,40095bf54c222c656050d6838c4c6b288e631f3ba0262591f24d278eb9979813,28384,TASK15-19/MODEL001,TASK18_HISTORY,docs/spec-v3/task19/checkpoint/task19_checkpoint_final_review.md,2026-07-30T23:00:30+08:00,true
docs/spec-v3/plans/task18_execution_queue_current.md,INCLUDE_REQUIRED_PROJECT_HISTORY,4ea4a20ca90a95284b0fd4ee2340c2fde5892cc93823f94f42818b9af32aa1b6,1178,TASK15-19/MODEL001,TASK18_HISTORY,docs/spec-v3/task19/checkpoint/task19_checkpoint_final_review.md,2026-07-30T23:00:30+08:00,true
docs/spec-v3/plans/task18_gap_classification.csv,INCLUDE_REQUIRED_PROJECT_HISTORY,2596720d73d68d2765fbd742d807d97428802e778f973c96e688163740e27130,216864,TASK15-19/MODEL001,TASK18_HISTORY,docs/spec-v3/task19/checkpoint/task19_checkpoint_final_review.md,2026-07-30T23:00:30+08:00,true
docs/spec-v3/plans/task18_next_batch_design_gate.md,INCLUDE_REQUIRED_PROJECT_HISTORY,9a6c3e92971749d737c7c788c89a8e793e9dcda0c40397e1a31b7b13c6cebf48,4349,TASK15-19/MODEL001,TASK18_HISTORY,docs/spec-v3/task19/checkpoint/task19_checkpoint_final_review.md,2026-07-30T23:00:30+08:00,true
docs/spec-v3/plans/task18_next_batch_selection.md,INCLUDE_REQUIRED_PROJECT_HISTORY,0e754be16e60c690bdda311f5b2225634f6d7b038a1f4661130252ddd23a4387,2765,TASK15-19/MODEL001,TASK18_HISTORY,docs/spec-v3/task19/checkpoint/task19_checkpoint_final_review.md,2026-07-30T23:00:30+08:00,true
docs/spec-v3/plans/task18_next_batch_units.csv,INCLUDE_REQUIRED_PROJECT_HISTORY,fb460ddce7d60601311ff9489abf73648ea7cd647d552238aee86148c1a9afc6,5704,TASK15-19/MODEL001,TASK18_HISTORY,docs/spec-v3/task19/checkpoint/task19_checkpoint_final_review.md,2026-07-30T23:00:30+08:00,true
docs/spec-v3/plans/task18_post_b1b_dependency_graph.json,INCLUDE_REQUIRED_PROJECT_HISTORY,79b60214781f3c7e3875e4d94b089ef9e10b0a7cb8b4d84b7f6aaa309b2870dd,16719,TASK15-19/MODEL001,TASK18_HISTORY,docs/spec-v3/task19/checkpoint/task19_checkpoint_final_review.md,2026-07-30T23:00:30+08:00,true
docs/spec-v3/plans/task18_post_b1b_queue.csv,INCLUDE_REQUIRED_PROJECT_HISTORY,c819d047b446fcbcd71ba4b08d75858da1425c0d627425cf8d9d93aba4fcc736,17060,TASK15-19/MODEL001,TASK18_HISTORY,docs/spec-v3/task19/checkpoint/task19_checkpoint_final_review.md,2026-07-30T23:00:30+08:00,true
docs/spec-v3/reports/B1-A_E5_trace_matrix.csv,INCLUDE_REQUIRED_PROJECT_HISTORY,2a1c71bf19d6b308138d7a66ac1c562f251c9241dca47ce0a6eb4a3c6f9711fc,9904,TASK15-19/MODEL001,TASK18_HISTORY,docs/spec-v3/task19/checkpoint/task19_checkpoint_final_review.md,2026-07-30T23:00:30+08:00,true
docs/spec-v3/reports/B1-A_acceptance_audit_matrix.csv,INCLUDE_REQUIRED_PROJECT_HISTORY,7bdc459529883f4077e32ecc3ba06847a77010ee8053d5240d7d7ddb6ffe3f00,12580,TASK15-19/MODEL001,TASK18_HISTORY,docs/spec-v3/task19/checkpoint/task19_checkpoint_final_review.md,2026-07-30T23:00:30+08:00,true
docs/spec-v3/reports/B1-A_implementation_audit.md,INCLUDE_REQUIRED_PROJECT_HISTORY,99113c2218515b497cc197c2150a22081260a5fbe49f50adf2f317c0814d4ac9,4123,TASK15-19/MODEL001,TASK18_HISTORY,docs/spec-v3/task19/checkpoint/task19_checkpoint_final_review.md,2026-07-30T23:00:30+08:00,true
docs/spec-v3/reports/MODEL-001_formal_dataset_acceptance.md,INCLUDE_REQUIRED_MODEL001_BASELINE,268d2c71a72df93152ba38a0dc25383fdb1b5a1fb876414f42ff0a830385d903,892,TASK15-19/MODEL001,MODEL-001,docs/spec-v3/task19/checkpoint/task19_checkpoint_final_review.md,2026-07-30T23:00:30+08:00,true
docs/spec-v3/reports/MODEL-001_generator_preimplementation_gate.md,INCLUDE_REQUIRED_MODEL001_BASELINE,0432dc940a02177150d94898601cd53ac1c14d7f1dd4cf94f1bd07d4f75af0fe,1152,TASK15-19/MODEL001,MODEL-001,docs/spec-v3/task19/checkpoint/task19_checkpoint_final_review.md,2026-07-30T23:00:30+08:00,true
docs/spec-v3/reports/MODEL-001_simulation_training_calibration_report.md,INCLUDE_REQUIRED_MODEL001_BASELINE,cd1dea9daa7994fbdbf2bb666a5708e6e15ba02ff9c0fbf3729513d40edd0af0,1248,TASK15-19/MODEL001,MODEL-001,docs/spec-v3/task19/checkpoint/task19_checkpoint_final_review.md,2026-07-30T23:00:30+08:00,true
docs/spec-v3/reports/MODEL-001_smoke_data_quality_review.md,INCLUDE_REQUIRED_MODEL001_BASELINE,d7ba5d9571eb177b44b8e36a8acb910cc47ca1c748aa971d07602c2efbae49f4,856,TASK15-19/MODEL001,MODEL-001,docs/spec-v3/task19/checkpoint/task19_checkpoint_final_review.md,2026-07-30T23:00:30+08:00,true
docs/spec-v3/reports/task15_branch_coverage.csv,INCLUDE_REQUIRED_PROJECT_HISTORY,0adf2a0197aabd049204b3773db99e0f45bd79d6e837aac864866f0854acff7a,987,TASK15-19/MODEL001,TASK15-17,docs/spec-v3/task19/checkpoint/task19_checkpoint_final_review.md,2026-07-30T23:00:30+08:00,true
docs/spec-v3/reports/task15_entry_gate.json,INCLUDE_REQUIRED_PROJECT_HISTORY,20d6df9971660d39576817da9a0968034404116db1adf26d3eca25396d7d8641,1188,TASK15-19/MODEL001,TASK15-17,docs/spec-v3/task19/checkpoint/task19_checkpoint_final_review.md,2026-07-30T23:00:30+08:00,true
docs/spec-v3/reports/task15_evidence/fixed_seed_replay_comparison.json,INCLUDE_REQUIRED_PROJECT_HISTORY,f541cad1f66df94fc03a6d4e17b5a7e643e6298988013c3a53fc6f7a01027ef2,859,TASK15-19/MODEL001,TASK15-17,docs/spec-v3/task19/checkpoint/task19_checkpoint_final_review.md,2026-07-30T23:00:30+08:00,true
docs/spec-v3/reports/task15_evidence/run_a/task15-fixed-seed-game.json,INCLUDE_REQUIRED_PROJECT_HISTORY,20f35b15c48cd48f5f65c26ba10ed1666261236cfefc2267cea97cf18fa9cce1,13626,TASK15-19/MODEL001,TASK15-17,docs/spec-v3/task19/checkpoint/task19_checkpoint_final_review.md,2026-07-30T23:00:30+08:00,true
docs/spec-v3/reports/task15_evidence/run_b/task15-fixed-seed-game.json,INCLUDE_REQUIRED_PROJECT_HISTORY,308d4af30a0d1eb360997bfc5726f9ff728a32549372ee61173a702424fa0562,13626,TASK15-19/MODEL001,TASK15-17,docs/spec-v3/task19/checkpoint/task19_checkpoint_final_review.md,2026-07-30T23:00:30+08:00,true
docs/spec-v3/reports/task15_full_junit.xml,INCLUDE_REQUIRED_PROJECT_HISTORY,6e14af267d79e9e9df7518dd454cad6784049aaf62fd495437fd0c945e52c6be,40530,TASK15-19/MODEL001,TASK15-17,docs/spec-v3/task19/checkpoint/task19_checkpoint_final_review.md,2026-07-30T23:00:30+08:00,true
docs/spec-v3/reports/task15_pilot_findings.csv,INCLUDE_REQUIRED_PROJECT_HISTORY,220a6ff71df2f83935560094da643527069cd986dba036e5e4c6368b8194b199,3528,TASK15-19/MODEL001,TASK15-17,docs/spec-v3/task19/checkpoint/task19_checkpoint_final_review.md,2026-07-30T23:00:30+08:00,true
docs/spec-v3/reports/task15_pilot_review.md,INCLUDE_REQUIRED_PROJECT_HISTORY,6ee1426ea3719fd7d011944d89f2c565bb6f9e885dcf02d2975f3020abbe2917,3937,TASK15-19/MODEL001,TASK15-17,docs/spec-v3/task19/checkpoint/task19_checkpoint_final_review.md,2026-07-30T23:00:30+08:00,true
docs/spec-v3/reports/task15_targeted_junit.xml,INCLUDE_REQUIRED_PROJECT_HISTORY,a67ac295cdf8cfabf7237e5c4ef1226e202c5e3743f6b6866df739c65773dc7a,1900,TASK15-19/MODEL001,TASK15-17,docs/spec-v3/task19/checkpoint/task19_checkpoint_final_review.md,2026-07-30T23:00:30+08:00,true
docs/spec-v3/reports/task16_contract_junit.xml,INCLUDE_REQUIRED_PROJECT_HISTORY,39a64e1ed33ced042a86d5ed8bf9e313acc624b14377119e0ea06bbde2104611,2492,TASK15-19/MODEL001,TASK15-17,docs/spec-v3/task19/checkpoint/task19_checkpoint_final_review.md,2026-07-30T23:00:30+08:00,true
docs/spec-v3/reports/task16_full_junit.xml,INCLUDE_REQUIRED_PROJECT_HISTORY,8ad8a57d0758ec6aa9a67e6eeba98b0923943ac6932db6a7d704930d4d2da2b5,42780,TASK15-19/MODEL001,TASK15-17,docs/spec-v3/task19/checkpoint/task19_checkpoint_final_review.md,2026-07-30T23:00:30+08:00,true
docs/spec-v3/reports/task18_b1b_implementation_report.md,INCLUDE_REQUIRED_PROJECT_HISTORY,5623d2a35da3e610debb1743e20645a273f227c5400949209b7d05bfae19a9eb,1422,TASK15-19/MODEL001,TASK18_HISTORY,docs/spec-v3/task19/checkpoint/task19_checkpoint_final_review.md,2026-07-30T23:00:30+08:00,true
docs/spec-v3/reports/task18_current_test_baseline.md,INCLUDE_REQUIRED_PROJECT_HISTORY,126f80d772c5c8f7f88abc1f42297f965888541e741cccc68a1f5b921ebd5f46,795,TASK15-19/MODEL001,TASK18_HISTORY,docs/spec-v3/task19/checkpoint/task19_checkpoint_final_review.md,2026-07-30T23:00:30+08:00,true
docs/spec-v3/reports/task18_planning_report.md,INCLUDE_REQUIRED_PROJECT_HISTORY,33a96d8aa93d94fb280a6b5c7ad7ec62f5759a9f972e8e511bcfda783399da06,5519,TASK15-19/MODEL001,TASK18_HISTORY,docs/spec-v3/task19/checkpoint/task19_checkpoint_final_review.md,2026-07-30T23:00:30+08:00,true
docs/spec-v3/reports/task18_tasks_1_5_execution_gate.md,INCLUDE_REQUIRED_PROJECT_HISTORY,1dfd86e72bc035f03ec5b1b44dda34c9736febfad40e85a81362b6d2165776ee,2881,TASK15-19/MODEL001,TASK18_HISTORY,docs/spec-v3/task19/checkpoint/task19_checkpoint_final_review.md,2026-07-30T23:00:30+08:00,true
docs/spec-v3/semantic-completion/first_batch_acceptance_matrix.csv,INCLUDE_REQUIRED_PROJECT_HISTORY,aa114330b386eaacdb6268cd2ca0f1b02fc4e39b14a221288c9d55820c6dfc35,19872,TASK15-19/MODEL001,TASK18_HISTORY,docs/spec-v3/task19/checkpoint/task19_checkpoint_final_review.md,2026-07-30T23:00:30+08:00,true
docs/spec-v3/semantic-completion/first_batch_implementation_design.md,INCLUDE_REQUIRED_PROJECT_HISTORY,1f625e92930f335a3ffa2acdc08e82f467fa04051d77e3d1d15e6042531c619f,2591,TASK15-19/MODEL001,TASK18_HISTORY,docs/spec-v3/task19/checkpoint/task19_checkpoint_final_review.md,2026-07-30T23:00:30+08:00,true
docs/spec-v3/semantic-completion/interface_change_proposals.md,INCLUDE_REQUIRED_PROJECT_HISTORY,c68ddde22a4cc1a07b3ae1a01c709c11ec3c9b5fa8be96fc65826a736ba218de,1133,TASK15-19/MODEL001,TASK18_HISTORY,docs/spec-v3/task19/checkpoint/task19_checkpoint_final_review.md,2026-07-30T23:00:30+08:00,true
docs/spec-v3/semantic-completion/misclassification_report.md,INCLUDE_REQUIRED_PROJECT_HISTORY,8d007fd3c337fe1c4ce5ebeb0a02fe14be3d8206d3f59b88e0b0e9cce9795943,561,TASK15-19/MODEL001,TASK18_HISTORY,docs/spec-v3/task19/checkpoint/task19_checkpoint_final_review.md,2026-07-30T23:00:30+08:00,true
docs/spec-v3/semantic-completion/reviews/B1-A_R3_readiness_matrix.csv,INCLUDE_APPROVED_DESIGN,546804d4afecc5179d8c0037b31ac092711f3ddcc8faf647334b302b208d2cf4,611,SPEC-V3/TASK16/B1-A/B1-B,,Locked/Frozen authority chain,2026-07-30T23:00:30+08:00,true
docs/spec-v3/semantic-completion/reviews/B1-A_R3_readiness_review.md,INCLUDE_APPROVED_DESIGN,91009cea31b8cfd17c742ce717fcec318718362cd277a28ab155847a10c737ad,2640,SPEC-V3/TASK16/B1-A/B1-B,,Locked/Frozen authority chain,2026-07-30T23:00:30+08:00,true
docs/spec-v3/semantic-completion/reviews/B1-A_R4_final_gate_review.md,INCLUDE_APPROVED_DESIGN,86691b31ee1cdbaf96a2181ce60f9aeb1985a4c284fcb2823630895eb1e5890f,1023,SPEC-V3/TASK16/B1-A/B1-B,,Locked/Frozen authority chain,2026-07-30T23:00:30+08:00,true
docs/spec-v3/semantic-completion/reviews/B1-A_contract_v2_acceptance_rebinding.csv,INCLUDE_APPROVED_DESIGN,bc6d2c7d7bc0cc4c9d785418ee8434dabf0f2daca06d29c361846ca596b82b38,12013,SPEC-V3/TASK16/B1-A/B1-B,,Locked/Frozen authority chain,2026-07-30T23:00:30+08:00,true
docs/spec-v3/semantic-completion/reviews/B1-A_design_review.md,INCLUDE_APPROVED_DESIGN,88378ab3cd9fe9e56438ffa47acf7bc789e0aaa9dc2e506b7baaa9c1a0409660,14318,SPEC-V3/TASK16/B1-A/B1-B,,Locked/Frozen authority chain,2026-07-30T23:00:30+08:00,true
docs/spec-v3/semantic-completion/reviews/B1-A_evidence_deltas.csv,INCLUDE_APPROVED_DESIGN,628c10b4e4cbd2562b856eac829c25360c0fd418c705e70f0261bf2c8f49dec7,2409,SPEC-V3/TASK16/B1-A/B1-B,,Locked/Frozen authority chain,2026-07-30T23:00:30+08:00,true
docs/spec-v3/semantic-completion/reviews/B1-A_interface_impact.csv,INCLUDE_APPROVED_DESIGN,d63251c4e7ad0026513923843f5b260b95619d7c1f7a10c00a5a0e5b178ae262,4050,SPEC-V3/TASK16/B1-A/B1-B,,Locked/Frozen authority chain,2026-07-30T23:00:30+08:00,true
docs/spec-v3/semantic-completion/reviews/B1-A_seed_visibility_matrix.csv,INCLUDE_APPROVED_DESIGN,1bf17a63c97001e9fa7fb1c8fcdcf134837a09aedec5a35bcdbc910f313fb920,1308,SPEC-V3/TASK16/B1-A/B1-B,,Locked/Frozen authority chain,2026-07-30T23:00:30+08:00,true
docs/spec-v3/semantic-completion/reviews/B1-A_semantic_deltas.csv,INCLUDE_APPROVED_DESIGN,ae01493a665bb075eeeba11c9986b58a8173cdeb47d37988dc61d505f27e5aca,16756,SPEC-V3/TASK16/B1-A/B1-B,,Locked/Frozen authority chain,2026-07-30T23:00:30+08:00,true
docs/spec-v3/semantic-completion/reviews/B1-A_test_deltas.csv,INCLUDE_APPROVED_DESIGN,412f4a2f92235ea451370eb08462419f89bef75f69a24e17694e25603488e799,3050,SPEC-V3/TASK16/B1-A/B1-B,,Locked/Frozen authority chain,2026-07-30T23:00:30+08:00,true
docs/spec-v3/semantic-completion/reviews/B1-B_acceptance_matrix.csv,INCLUDE_APPROVED_DESIGN,93a41c367d2004075b5bbecc45bebabcf93bb155cf9c2b86cb75be7dcc34d1ee,11144,SPEC-V3/TASK16/B1-A/B1-B,,Locked/Frozen authority chain,2026-07-30T23:00:30+08:00,true
docs/spec-v3/semantic-completion/reviews/B1-B_approval_form.md,INCLUDE_APPROVED_DESIGN,36b1279c49ec06f9cc4b4a895b578ee0a9d8e49636261f94308a7f2536996712,923,SPEC-V3/TASK16/B1-A/B1-B,,Locked/Frozen authority chain,2026-07-30T23:00:30+08:00,true
docs/spec-v3/semantic-completion/reviews/B1-B_design_review.md,INCLUDE_APPROVED_DESIGN,cc697da10b021fa188f7f256d705b491ad7bc1311a450ee55643b631131dabe0,6594,SPEC-V3/TASK16/B1-A/B1-B,,Locked/Frozen authority chain,2026-07-30T23:00:30+08:00,true
docs/spec-v3/semantic-completion/reviews/B1-B_evidence_deltas.csv,INCLUDE_APPROVED_DESIGN,63c289695cb3ae75c8de96bfff5e506e0ace475be3bdff5252146c8564b50300,3765,SPEC-V3/TASK16/B1-A/B1-B,,Locked/Frozen authority chain,2026-07-30T23:00:30+08:00,true
docs/spec-v3/semantic-completion/reviews/B1-B_interface_impact.csv,INCLUDE_APPROVED_DESIGN,82435426af04e781036d596379842f617d8bb1cf21e684b0f8dcd9259f977f0b,2458,SPEC-V3/TASK16/B1-A/B1-B,,Locked/Frozen authority chain,2026-07-30T23:00:30+08:00,true
docs/spec-v3/semantic-completion/reviews/B1-B_semantic_deltas.csv,INCLUDE_APPROVED_DESIGN,52b15845931480dfe176faf680f1d9d36c06e8a13b5383d90694df083914d672,17599,SPEC-V3/TASK16/B1-A/B1-B,,Locked/Frozen authority chain,2026-07-30T23:00:30+08:00,true
docs/spec-v3/semantic-completion/reviews/B1-B_test_deltas.csv,INCLUDE_APPROVED_DESIGN,f5ef5e81dcecd43e286f358bb26b91315e72765818794344a649d2586ca52487,5386,SPEC-V3/TASK16/B1-A/B1-B,,Locked/Frozen authority chain,2026-07-30T23:00:30+08:00,true
docs/spec-v3/semantic-completion/reviews/B2-A1_acceptance_matrix.csv,INCLUDE_APPROVED_DESIGN,00392a0118aca81a37bee34541a2f73054bdf3ded8a34bed50a1ab0bbd162b81,16037,B2-A1,STATE-002|STATE-003|ALGO-002,docs/spec-v3/semantic-completion/reviews/B2-A1_approval_form.md,2026-07-30T23:00:30+08:00,true
docs/spec-v3/semantic-completion/reviews/B2-A1_approval_form.md,INCLUDE_APPROVED_DESIGN,027f2847d124a27a97f168256ff77e96c66b2ec1cd44ca33a66fb841b772e4e3,969,B2-A1,STATE-002|STATE-003|ALGO-002,docs/spec-v3/semantic-completion/reviews/B2-A1_approval_form.md,2026-07-30T23:00:30+08:00,true
docs/spec-v3/semantic-completion/reviews/B2-A1_decision_matrix.csv,INCLUDE_APPROVED_DESIGN,baad944eb99ff77168c65da8882d177cd8e5c097643dde953b52a8aff079204d,5365,B2-A1,STATE-002|STATE-003|ALGO-002,docs/spec-v3/semantic-completion/reviews/B2-A1_approval_form.md,2026-07-30T23:00:30+08:00,true
docs/spec-v3/semantic-completion/reviews/B2-A1_decision_pack.md,INCLUDE_APPROVED_DESIGN,730825a65f444b5e708ccdbe4d136786e0d62b511a9db5a298cb2030a6d7c48a,1497,B2-A1,STATE-002|STATE-003|ALGO-002,docs/spec-v3/semantic-completion/reviews/B2-A1_approval_form.md,2026-07-30T23:00:30+08:00,true
docs/spec-v3/semantic-completion/reviews/B2-A1_dependency_and_call_chain.md,INCLUDE_APPROVED_DESIGN,8457b14dd0168367b865c6439ac08365b01268bc3a329483ceab547f91bd514c,1459,B2-A1,STATE-002|STATE-003|ALGO-002,docs/spec-v3/semantic-completion/reviews/B2-A1_approval_form.md,2026-07-30T23:00:30+08:00,true
docs/spec-v3/semantic-completion/reviews/B2-A1_design_review.md,INCLUDE_APPROVED_DESIGN,6581cf76f7892652610137ea2d9dcdf5d4efca928399cf329078a7dd3c211cfc,8541,B2-A1,STATE-002|STATE-003|ALGO-002,docs/spec-v3/semantic-completion/reviews/B2-A1_approval_form.md,2026-07-30T23:00:30+08:00,true
docs/spec-v3/semantic-completion/reviews/B2-A1_evidence_deltas.csv,INCLUDE_APPROVED_DESIGN,cf041d7ed4f56581d89ced2ab8354909557ecfa38492eb7ccde8ae5124d40926,1861,B2-A1,STATE-002|STATE-003|ALGO-002,docs/spec-v3/semantic-completion/reviews/B2-A1_approval_form.md,2026-07-30T23:00:30+08:00,true
docs/spec-v3/semantic-completion/reviews/B2-A1_execution_authorization.json,INCLUDE_APPROVED_DESIGN,eb9539b3fd4e7e159e9353645d1a83b313e31058db20da7c708f06c4364b979f,800,B2-A1,STATE-002|STATE-003|ALGO-002,docs/spec-v3/semantic-completion/reviews/B2-A1_approval_form.md,2026-07-30T23:00:30+08:00,true
docs/spec-v3/semantic-completion/reviews/B2-A1_interface_impact.csv,INCLUDE_APPROVED_DESIGN,d7de6ceaad43d444c41d259a67308b63cc274dcc63101dbf8b1b31145a3ed90a,1223,B2-A1,STATE-002|STATE-003|ALGO-002,docs/spec-v3/semantic-completion/reviews/B2-A1_approval_form.md,2026-07-30T23:00:30+08:00,true
docs/spec-v3/semantic-completion/reviews/B2-A1_parameter_matrix.csv,INCLUDE_APPROVED_DESIGN,5e522dfafc206bfb901f46d47ea005e58860ba66f378fb2e2c208176cad8edca,20480,B2-A1,STATE-002|STATE-003|ALGO-002,docs/spec-v3/semantic-completion/reviews/B2-A1_approval_form.md,2026-07-30T23:00:30+08:00,true
docs/spec-v3/semantic-completion/reviews/B2-A1_semantic_deltas.csv,INCLUDE_APPROVED_DESIGN,00759977711c3247e60e0c620b75befa32bc2d5e0341d311c436dd9513ce4d1f,7026,B2-A1,STATE-002|STATE-003|ALGO-002,docs/spec-v3/semantic-completion/reviews/B2-A1_approval_form.md,2026-07-30T23:00:30+08:00,true
docs/spec-v3/semantic-completion/reviews/B2-A1_test_deltas.csv,INCLUDE_APPROVED_DESIGN,59d9bb5c2931efd480d213beda64b2545f64197506391c20e263e60a1a51b918,2901,B2-A1,STATE-002|STATE-003|ALGO-002,docs/spec-v3/semantic-completion/reviews/B2-A1_approval_form.md,2026-07-30T23:00:30+08:00,true
docs/spec-v3/semantic-completion/reviews/B2-A1_visibility_matrix.csv,INCLUDE_APPROVED_DESIGN,ed230a8f44307c545ff41d33aa6b332a98d32d6df0ccfb731227fae0afdf4252,1010,B2-A1,STATE-002|STATE-003|ALGO-002,docs/spec-v3/semantic-completion/reviews/B2-A1_approval_form.md,2026-07-30T23:00:30+08:00,true
docs/spec-v3/semantic-completion/reviews/task18b_83_parameter_recheck.csv,INCLUDE_REQUIRED_PROJECT_HISTORY,050d0180143cdb65829c6079a394bfe43b5dd7d1e3fbef1df30accbdcb799c9a,67002,TASK15-19/MODEL001,TASK18_HISTORY,docs/spec-v3/task19/checkpoint/task19_checkpoint_final_review.md,2026-07-30T23:00:30+08:00,true
docs/spec-v3/semantic-completion/semantic_completion_matrix.csv,INCLUDE_REQUIRED_PROJECT_HISTORY,3d58afa6ae0c5648daa8e70c4710eb96e095d872ddc929c25ffec6e2f0cc2ce3,1097008,TASK15-19/MODEL001,TASK18_HISTORY,docs/spec-v3/task19/checkpoint/task19_checkpoint_final_review.md,2026-07-30T23:00:30+08:00,true
docs/spec-v3/semantic-completion/semantic_completion_summary.md,INCLUDE_REQUIRED_PROJECT_HISTORY,882ced5cc5db7d77d5c1fe9adf3f92f792682dd7cba8cbdff1f5bbd3beb37b77,3600,TASK15-19/MODEL001,TASK18_HISTORY,docs/spec-v3/task19/checkpoint/task19_checkpoint_final_review.md,2026-07-30T23:00:30+08:00,true
docs/spec-v3/semantic-completion/semantic_delta_catalog.csv,INCLUDE_REQUIRED_PROJECT_HISTORY,b56e2eb7f9b8ea56ad2386873d0dd0e6c63198a9df54a8f48690c82f75c66aa0,2689036,TASK15-19/MODEL001,TASK18_HISTORY,docs/spec-v3/task19/checkpoint/task19_checkpoint_final_review.md,2026-07-30T23:00:30+08:00,true
docs/spec-v3/semantic-completion/task18b_r1_effective_delta_catalog.csv,INCLUDE_REQUIRED_PROJECT_HISTORY,828c118a35ab746a6ef9cbc9a0e35b444d81ffccf395cd3b0bfe52b228cec06d,29387,TASK15-19/MODEL001,TASK18_HISTORY,docs/spec-v3/task19/checkpoint/task19_checkpoint_final_review.md,2026-07-30T23:00:30+08:00,true
docs/spec-v3/semantic-completion/task18b_r1_supersession_map.csv,INCLUDE_REQUIRED_PROJECT_HISTORY,778091e8eb43ec38f454d6bba408f912ef11cb908952680333c4946f26c724c9,11463,TASK15-19/MODEL001,TASK18_HISTORY,docs/spec-v3/task19/checkpoint/task19_checkpoint_final_review.md,2026-07-30T23:00:30+08:00,true
docs/spec-v3/task19/checkpoint/task19_checkpoint_b1a_supplemental_manifest.csv,INCLUDE_REQUIRED_TASK19_PLAN,65667dde7d91f963657288358dbd723b9a92b6e9abe172ac07a43f91f846b2f3,5864,TASK19_CHECKPOINT,ALL,docs/spec-v3/task19/checkpoint/task19_checkpoint_provenance_manifest.csv,2026-07-30T23:00:30+08:00,true
docs/spec-v3/task19/checkpoint/task19_checkpoint_deferred_paths.txt,INCLUDE_REQUIRED_TASK19_PLAN,24bb7bf6a9b2cde10168f57ed1cf1e9935b80627e536180ba542aa495b3c0b7e,28,TASK19_CHECKPOINT,ALL,docs/spec-v3/task19/checkpoint/task19_checkpoint_provenance_manifest.csv,2026-07-30T23:00:30+08:00,true
docs/spec-v3/task19/checkpoint/task19_checkpoint_final_authorization.json,INCLUDE_REQUIRED_TASK19_PLAN,7d915d9fae9f2d183829ca29a5580d98227c9e5b1d47c6581d70a3d2fad884a8,1028,TASK19_CHECKPOINT,ALL,docs/spec-v3/task19/checkpoint/task19_checkpoint_provenance_manifest.csv,2026-07-30T23:00:30+08:00,true
docs/spec-v3/task19/checkpoint/task19_checkpoint_final_candidate.csv,INCLUDE_REQUIRED_TASK19_PLAN,f8d9a9681cb8d594d6ffe885c04e8ff3a027b9eea4e13e580c6d5867f70f71a3,1895757,TASK19_CHECKPOINT,ALL,docs/spec-v3/task19/checkpoint/task19_checkpoint_provenance_manifest.csv,2026-07-30T23:00:30+08:00,true
docs/spec-v3/task19/checkpoint/task19_checkpoint_final_exclude_paths.txt,INCLUDE_REQUIRED_TASK19_PLAN,992ce1eade126c098484cf3e75f7ca8213b8ff1b9d666fabe9b668afa83546bd,624694,TASK19_CHECKPOINT,ALL,docs/spec-v3/task19/checkpoint/task19_checkpoint_provenance_manifest.csv,2026-07-30T23:00:30+08:00,true
docs/spec-v3/task19/checkpoint/task19_checkpoint_final_include_paths.txt,INCLUDE_REQUIRED_TASK19_PLAN,7ba2d7320f622c9c9b15c63f5f7586264e9208864b96a06426e6b38d384267e2,12823,TASK19_CHECKPOINT,ALL,docs/spec-v3/task19/checkpoint/task19_checkpoint_provenance_manifest.csv,2026-07-30T23:00:30+08:00,true
docs/spec-v3/task19/checkpoint/task19_checkpoint_final_review.md,INCLUDE_REQUIRED_TASK19_PLAN,2864604e54a00e71fdcb45682078131dde1d0a7df31f57efbae2495e9233d5d9,1212,TASK19_CHECKPOINT,ALL,docs/spec-v3/task19/checkpoint/task19_checkpoint_provenance_manifest.csv,2026-07-30T23:00:30+08:00,true
docs/spec-v3/task19/checkpoint/task19_checkpoint_local_path_findings.md,INCLUDE_REQUIRED_TASK19_PLAN,7ae11649e95b748265c5fd1a90b0505721d22fc4c4a4d78b52e2fa48d08ccedf,870,TASK19_CHECKPOINT,ALL,docs/spec-v3/task19/checkpoint/task19_checkpoint_provenance_manifest.csv,2026-07-30T23:00:30+08:00,true
docs/spec-v3/task19/checkpoint/task19_checkpoint_owner_decision_resolution.csv,INCLUDE_REQUIRED_TASK19_PLAN,7cf5c20b19e3affd28c570953711a4a5733de12808abdd4db4bc01d5b393bbf9,49720,TASK19_CHECKPOINT,ALL,docs/spec-v3/task19/checkpoint/task19_checkpoint_provenance_manifest.csv,2026-07-30T23:00:30+08:00,true
docs/spec-v3/task19/checkpoint/task19_checkpoint_provenance_manifest.csv,INCLUDE_REQUIRED_TASK19_PLAN,,65130,TASK19_CHECKPOINT,ALL,docs/spec-v3/task19/checkpoint/task19_checkpoint_provenance_manifest.csv,2026-07-30T23:00:30+08:00,true
docs/spec-v3/task19/checkpoint/task19_checkpoint_runtime_closure.json,INCLUDE_REQUIRED_TASK19_PLAN,968beecd710585ce6501063aa30ae6830cecb5908d8c9a93f58281578d58236a,1745,TASK19_CHECKPOINT,ALL,docs/spec-v3/task19/checkpoint/task19_checkpoint_provenance_manifest.csv,2026-07-30T23:00:30+08:00,true
docs/spec-v3/task19/checkpoint/task19_checkpoint_self_containment_validation.json,INCLUDE_REQUIRED_TASK19_PLAN,78edd83bdf9d88ac7a955eada4d880649a3c4c83591a6a064d42d1922fa59496,972,TASK19_CHECKPOINT,ALL,docs/spec-v3/task19/checkpoint/task19_checkpoint_provenance_manifest.csv,2026-07-30T23:00:30+08:00,true
docs/spec-v3/task19/progress_deltas/README.md,INCLUDE_TASK19_PLAN,3f84becdeddb04380d5843a91709004f4670044161fa37ed1674968c71ed30f1,247,TASK19,,docs/spec-v3/task19/task19_plan_validation.json; task19_progress_validation.json,2026-07-30T23:00:30+08:00,true
docs/spec-v3/task19/prompts/terminal_0_integration.md,INCLUDE_TASK19_PLAN,dffa3a31b188d06c9de7bc603bc81684a9ecda12ceaae7f959d7860815fc66fc,769,TASK19,,docs/spec-v3/task19/task19_plan_validation.json; task19_progress_validation.json,2026-07-30T23:00:30+08:00,true
docs/spec-v3/task19/prompts/terminal_1_wave_1.md,INCLUDE_TASK19_PLAN,cf310a2e5526a0c025ecb186c0577f09460efa6a9b7204bb01dfaea2c94fa387,776,TASK19,,docs/spec-v3/task19/task19_plan_validation.json; task19_progress_validation.json,2026-07-30T23:00:30+08:00,true
docs/spec-v3/task19/prompts/terminal_2_wave_1.md,INCLUDE_TASK19_PLAN,be7e7f27b87851c246b1064c98db2744db3c9d542d360ee148d82c256c1b32cb,647,TASK19,,docs/spec-v3/task19/task19_plan_validation.json; task19_progress_validation.json,2026-07-30T23:00:30+08:00,true
docs/spec-v3/task19/prompts/terminal_3_wave_1.md,INCLUDE_TASK19_PLAN,2991fbb6020bc030ea9f42d49a254d29f4d5b3d2fb721d5e4cfaf7e543d2a02d,673,TASK19,,docs/spec-v3/task19/task19_plan_validation.json; task19_progress_validation.json,2026-07-30T23:00:30+08:00,true
docs/spec-v3/task19/task19_audit_plan.md,INCLUDE_TASK19_PLAN,7a59d30676f200eb552824e449aba2f71406ce74a58d33f277dc6853ee81aa30,569,TASK19,,docs/spec-v3/task19/task19_plan_validation.json; task19_progress_validation.json,2026-07-30T23:00:30+08:00,true
docs/spec-v3/task19/task19_batch_plan.csv,INCLUDE_TASK19_PLAN,ddea07528b15db60e1676361a2dae8a594c2df038eeaab35b717300b6dd48439,12517,TASK19,,docs/spec-v3/task19/task19_plan_validation.json; task19_progress_validation.json,2026-07-30T23:00:30+08:00,true
docs/spec-v3/task19/task19_dependency_graph.json,INCLUDE_TASK19_PLAN,d058e8d3e36b3663d66c703e6d8967d200f2fb7716d6f4a5da5967d0842b6224,17612,TASK19,,docs/spec-v3/task19/task19_plan_validation.json; task19_progress_validation.json,2026-07-30T23:00:30+08:00,true
docs/spec-v3/task19/task19_execution_authorization.json,INCLUDE_TASK19_PLAN,913753558fe4f4fde2bb1af01c3df2b3937c405ea01d0ffd5efde2d3f67887a1,1004,TASK19,,docs/spec-v3/task19/task19_plan_validation.json; task19_progress_validation.json,2026-07-30T23:00:30+08:00,true
docs/spec-v3/task19/task19_file_ownership_matrix.csv,INCLUDE_TASK19_PLAN,70653eb80414fb5b802400f27db306af8593e4431c4994516ca64e97d4761838,33627,TASK19,,docs/spec-v3/task19/task19_plan_validation.json; task19_progress_validation.json,2026-07-30T23:00:30+08:00,true
docs/spec-v3/task19/task19_integration_plan.md,INCLUDE_TASK19_PLAN,2270c1e2de4f82fed7148351bb310fce6b2f4f226d8aa2e5b58dba35a94efcc9,584,TASK19,,docs/spec-v3/task19/task19_plan_validation.json; task19_progress_validation.json,2026-07-30T23:00:30+08:00,true
docs/spec-v3/task19/task19_interface_ownership.csv,INCLUDE_TASK19_PLAN,9b0c1077a74f78bcca57ffdd914a853ee97f9e4acc0ad5e5e0d309799369bb69,871,TASK19,,docs/spec-v3/task19/task19_plan_validation.json; task19_progress_validation.json,2026-07-30T23:00:30+08:00,true
docs/spec-v3/task19/task19_master_plan.md,INCLUDE_TASK19_PLAN,ba94e33ac4d91440d1f5d61ac36361c812e55dc6f6ad69f96914385206b00276,2437,TASK19,,docs/spec-v3/task19/task19_plan_validation.json; task19_progress_validation.json,2026-07-30T23:00:30+08:00,true
docs/spec-v3/task19/task19_parallel_wave_plan.csv,INCLUDE_TASK19_PLAN,89637eb9de63b4bffd642ebddc91a83f2ed17f0fa0d1607559413f693d8beb4d,4242,TASK19,,docs/spec-v3/task19/task19_plan_validation.json; task19_progress_validation.json,2026-07-30T23:00:30+08:00,true
docs/spec-v3/task19/task19_plan_validation.json,INCLUDE_TASK19_PLAN,aa71de884a90d0917edae6e349bb18269e72d4b7c86453966f691681db2cde78,680,TASK19,,docs/spec-v3/task19/task19_plan_validation.json; task19_progress_validation.json,2026-07-30T23:00:30+08:00,true
docs/spec-v3/task19/task19_progress_schema.md,INCLUDE_TASK19_PLAN,047a1852c94ebe45dbcc2fae5eae5821c45b31d6750f60969866d08fe64367fb,410,TASK19,,docs/spec-v3/task19/task19_plan_validation.json; task19_progress_validation.json,2026-07-30T23:00:30+08:00,true
docs/spec-v3/task19/task19_progress_summary.md,INCLUDE_TASK19_PLAN,2170b91b00b60895fcf95c57637072655ce7f232d2b04a6f9b2da49ed1ae359c,898,TASK19,,docs/spec-v3/task19/task19_plan_validation.json; task19_progress_validation.json,2026-07-30T23:00:30+08:00,true
docs/spec-v3/task19/task19_progress_tool_design.md,INCLUDE_TASK19_PLAN,d22019d42b09bd3033de7ab036b3707045e4dc658cc64bdf48d73832374f222e,770,TASK19,,docs/spec-v3/task19/task19_plan_validation.json; task19_progress_validation.json,2026-07-30T23:00:30+08:00,true
docs/spec-v3/task19/task19_progress_tracker.md,INCLUDE_TASK19_PLAN,17739b1bab52ce107fe70cfd55a10d43bd2592bf339b30b543ca216fba2920d0,54625,TASK19,,docs/spec-v3/task19/task19_plan_validation.json; task19_progress_validation.json,2026-07-30T23:00:30+08:00,true
docs/spec-v3/task19/task19_progress_update_policy.md,INCLUDE_TASK19_PLAN,c59f4bb545bbc6f22c8d4ff58f2e1edbb89b15458f486c621dadd2b9c4f1cf89,545,TASK19,,docs/spec-v3/task19/task19_plan_validation.json; task19_progress_validation.json,2026-07-30T23:00:30+08:00,true
docs/spec-v3/task19/task19_progress_validation.json,INCLUDE_TASK19_PLAN,33b78b60472cea69ee055cd75a3ac6bcbd5cf0281104da8066e4c931dbecd6c6,840,TASK19,,docs/spec-v3/task19/task19_plan_validation.json; task19_progress_validation.json,2026-07-30T23:00:30+08:00,true
docs/spec-v3/task19/task19_replan_rules.md,INCLUDE_TASK19_PLAN,c1a9fa25e8bd151987e4bfa695dc0ce66afcb845701047b2d98df9bcdb58f18e,540,TASK19,,docs/spec-v3/task19/task19_plan_validation.json; task19_progress_validation.json,2026-07-30T23:00:30+08:00,true
docs/spec-v3/task19/task19_risk_register.csv,INCLUDE_TASK19_PLAN,f36229c45ad839dd345483ed6278d139d5bad4e966d3fb32ef61bab73f039970,729,TASK19,,docs/spec-v3/task19/task19_plan_validation.json; task19_progress_validation.json,2026-07-30T23:00:30+08:00,true
docs/spec-v3/task19/task19_status_model.md,INCLUDE_TASK19_PLAN,60f24f54c691c5541ddf35d614ef1c3f516c874ceeed562dc2a428e087b209ad,613,TASK19,,docs/spec-v3/task19/task19_plan_validation.json; task19_progress_validation.json,2026-07-30T23:00:30+08:00,true
docs/spec-v3/task19/task19_unit_execution_matrix.csv,INCLUDE_TASK19_PLAN,9acf4e305d5e7d0a47d84202b0abeb87621434f9a599003a0ecfcac5f56ea354,19459,TASK19,,docs/spec-v3/task19/task19_plan_validation.json; task19_progress_validation.json,2026-07-30T23:00:30+08:00,true
docs/spec-v3/task19/task19_worktree_plan.md,INCLUDE_TASK19_PLAN,c11686e55efa08849894981275af435db9acf933acba8e5657d04dddd4c096d4,2723,TASK19,,docs/spec-v3/task19/task19_plan_validation.json; task19_progress_validation.json,2026-07-30T23:00:30+08:00,true
docs/status/LATEST.md,INCLUDE_TASK19_PLAN,c34501dc3651607daf8557418edb20e722d3dffddcf77aa3f6512c23699a4e56,3930,TASK18/TASK19,,AGENTS.md rules 6-7,2026-07-30T23:00:30+08:00,true
engine/__init__.py,INCLUDE_REQUIRED_PRODUCTION_BASELINE,2c068dc8e5cff657381210f1c0b127e2abf752cdc820896b88ec41850152d749,3486,MULTI_TASK_CODE,MULTI_AUDITED_EXPORTS,docs/spec-v3/task19/checkpoint/task19_checkpoint_final_review.md,2026-07-30T23:00:30+08:00,true
engine/deal.py,INCLUDE_AUDITED_RESULT,5233561b1edf7fa8056981d49ba873407f987fa57c25f2b84344f52b46b63b2e,11408,B1-B,STATE-001|STATE-011|STATE-004,B1-B_E5_trace_final.csv,2026-07-30T23:00:30+08:00,true
engine/legal.py,INCLUDE_REQUIRED_PRODUCTION_BASELINE,c9f17533f856a1b3c3e98f72f435137eb801b2ddbc3f0395b4438800d0f598c5,5671,MULTI_TASK_CODE,RULE-003,docs/spec-v3/task19/checkpoint/task19_checkpoint_final_review.md,2026-07-30T23:00:30+08:00,true
engine/match.py,INCLUDE_AUDITED_RESULT,4a1159dacf8e60df657ea348911274aa1e6d19e24766437b7f41f0d618b45e26,13666,B1-B,STATE-001|STATE-011|STATE-004,B1-B_E5_trace_final.csv,2026-07-30T23:00:30+08:00,true
engine/orchestrator.py,INCLUDE_AUDITED_RESULT,3340c9e0348dbdd8149daaee2b2202e7f0511b7cb258ff08265adc3f67c589d8,34949,B1-B,STATE-001|STATE-011|STATE-004,B1-B_E5_trace_final.csv,2026-07-30T23:00:30+08:00,true
engine/physical_tile.py,INCLUDE_REQUIRED_PRODUCTION_BASELINE,3d42acd7b2619478e5c7d6a3069b9224235b454149cb083e2557e956b3ca38f8,5834,MULTI_TASK_CODE,ALGO-001,docs/spec-v3/task19/checkpoint/task19_checkpoint_final_review.md,2026-07-30T23:00:30+08:00,true
engine/replay.py,INCLUDE_REQUIRED_PRODUCTION_BASELINE,a98e2e0be1189080d4ee1a1575a50a2ad761676e8a8d2775fe29a31380a38cf5,4103,B1-A,ALGO-011,docs/spec-v3/reports/B1-A_E5_trace_matrix.csv,2026-07-30T23:00:30+08:00,true
engine/rng_v2.py,INCLUDE_REQUIRED_PRODUCTION_BASELINE,623c0e0e9b653add7bf15052a790be2ff15e7b45b8c6a0679cab35fb66b9101f,5025,B1-A,ALGO-011,docs/spec-v3/reports/B1-A_E5_trace_matrix.csv,2026-07-30T23:00:30+08:00,true
engine/round_state_machine.py,INCLUDE_AUDITED_RESULT,e34f6e9a9c19644e9f517a367cbfe34342f4943ac0eb7b7290d4dab3cbc52ad1,13011,B1-B,STATE-001|STATE-011|STATE-004,B1-B_E5_trace_final.csv,2026-07-30T23:00:30+08:00,true
engine/score.py,INCLUDE_REQUIRED_PRODUCTION_BASELINE,566f605ad7c1b2bcf2fb03c9c303a00270bacab9395a872561121f7f80845c17,16500,MULTI_TASK_CODE,SCORE-001,docs/spec-v3/task19/checkpoint/task19_checkpoint_final_review.md,2026-07-30T23:00:30+08:00,true
players/humanlike/__init__.py,INCLUDE_REQUIRED_PRODUCTION_BASELINE,227d58a5cdc87e661ca8a3c91af6bc127fc692528dad97c0dc700ed4592e15f2,1243,MULTI_TASK_CODE,B1-A_EXPORTS,docs/spec-v3/task19/checkpoint/task19_checkpoint_final_review.md,2026-07-30T23:00:30+08:00,true
players/humanlike/attention.py,INCLUDE_REQUIRED_PRODUCTION_BASELINE,3b4632a45058a859020da99bedf9eb8b4b2fd1232b349e948646bb66a3492677,5124,MULTI_TASK_CODE,HEUR-019,docs/spec-v3/task19/checkpoint/task19_checkpoint_final_review.md,2026-07-30T23:00:30+08:00,true
players/humanlike/config_v2.py,INCLUDE_REQUIRED_PRODUCTION_BASELINE,7450691363c33b012d5d0aaf43d45829caa91294db6aa36c53080e25aa4a22fc,7111,B1-A,ALGO-009,docs/spec-v3/reports/B1-A_E5_trace_matrix.csv,2026-07-30T23:00:30+08:00,true
players/humanlike/parameter_registry_v2.json,INCLUDE_REQUIRED_PRODUCTION_BASELINE,b1b0f4a7f1426e234133be9e1cc021e42c02aabcb359fc40407cc8f3d2638ef1,39303,MULTI_TASK_CODE,STATE-010|ALGO-009,docs/spec-v3/task19/checkpoint/task19_checkpoint_final_review.md,2026-07-30T23:00:30+08:00,true
players/humanlike/player.py,INCLUDE_REQUIRED_PRODUCTION_BASELINE,8626b7cf9a1b253844a2f232aebbda3b83b3f1785bd109495aa32b75121cff50,9568,B1-A,STATE-010,docs/spec-v3/reports/B1-A_E5_trace_matrix.csv,2026-07-30T23:00:30+08:00,true
players/humanlike/settings_service.py,INCLUDE_REQUIRED_PRODUCTION_BASELINE,b07eb9dc7f34393bf5cddc576a2318575a028d2c0c7d58a8c58b1d715e55c265,4308,B1-A,ALGO-009,docs/spec-v3/reports/B1-A_E5_trace_matrix.csv,2026-07-30T23:00:30+08:00,true
players/humanlike/state010.py,INCLUDE_REQUIRED_PRODUCTION_BASELINE,373b0b7ba604394050d9a1f9d7b3bac012d803b6d110e1d121683f8c62df95b7,7080,B1-A,STATE-010,docs/spec-v3/reports/B1-A_E5_trace_matrix.csv,2026-07-30T23:00:30+08:00,true
protocols/player_view_builder.py,INCLUDE_REQUIRED_PRODUCTION_BASELINE,95e1612af39ca755b53027240a14d6499060a72030f3bfeb8ce6ec1ada5cfa29,7901,MULTI_TASK_CODE,STATE-005,docs/spec-v3/task19/checkpoint/task19_checkpoint_final_review.md,2026-07-30T23:00:30+08:00,true
protocols/player_view_v2.py,INCLUDE_REQUIRED_PRODUCTION_BASELINE,159b270c09315d9d677e8806932c801db8ca6cc9129f87d80ecabd184a8b0e69,2321,MULTI_TASK_CODE,STATE-005,docs/spec-v3/task19/checkpoint/task19_checkpoint_final_review.md,2026-07-30T23:00:30+08:00,true
tests/contracts/test_common_contracts.py,INCLUDE_REQUIRED_TEST_BASELINE,c3ec226332d86852f765e9e396c24fb6439094a6ced7da93ec66c9cd3cc9b442,3193,MULTI_TASK_CODE,CONTRACTS,docs/spec-v3/task19/checkpoint/task19_checkpoint_final_review.md,2026-07-30T23:00:30+08:00,true
tests/contracts/test_decision_contracts.py,INCLUDE_REQUIRED_TEST_BASELINE,fe1c1a2a30b3d58b6fa8de81a144981754cd0a69af3ac019de9b4afdba068bcc,1737,MULTI_TASK_CODE,CONTRACTS,docs/spec-v3/task19/checkpoint/task19_checkpoint_final_review.md,2026-07-30T23:00:30+08:00,true
tests/contracts/test_fixture_and_visibility_contracts.py,INCLUDE_REQUIRED_TEST_BASELINE,4d3f29fb8539ec3631cdd53e81143785f9dc317284e4cee91038ed8ab6b83a13,2132,MULTI_TASK_CODE,CONTRACTS,docs/spec-v3/task19/checkpoint/task19_checkpoint_final_review.md,2026-07-30T23:00:30+08:00,true
tests/contracts/test_versioning_contract.py,INCLUDE_REQUIRED_TEST_BASELINE,6ff2bb53fb311d383095d83dcf26d00624961fc6dc14469f4310352d7a3e002e,797,MULTI_TASK_CODE,CONTRACTS,docs/spec-v3/task19/checkpoint/task19_checkpoint_final_review.md,2026-07-30T23:00:30+08:00,true
tests/spec_v3/fixtures/state011_legacy_deal_golden_v1.json,INCLUDE_AUDITED_RESULT,617ec71a752b8544b30651a93d3ca81c6b56eed60123c7f24637b459be073d1b,763,B1-B,STATE-001|STATE-011|STATE-004,B1-B_E5_trace_final.csv,2026-07-30T23:00:30+08:00,true
tests/spec_v3/test_algo_001.py,INCLUDE_REQUIRED_TEST_BASELINE,90d233f388296509e0f2ae0ee1c50961eca1a7c633eaad2b76e969dd9592580a,1220,MULTI_TASK_CODE,ALGO-001,docs/spec-v3/task19/checkpoint/task19_checkpoint_final_review.md,2026-07-30T23:00:30+08:00,true
tests/spec_v3/test_algo_010.py,INCLUDE_REQUIRED_TEST_BASELINE,4f09728ac9c11ef9d36fac53625d780ab0922510dd794bc3b329eead063c2026,675,MULTI_TASK_CODE,ALGO-010,docs/spec-v3/task19/checkpoint/task19_checkpoint_final_review.md,2026-07-30T23:00:30+08:00,true
tests/spec_v3/test_audit_003.py,INCLUDE_REQUIRED_TEST_BASELINE,db7520413c3beb636e415ae9470d919daa081e6a137f10cd80c9e2659cd0f302,1029,MULTI_TASK_CODE,AUDIT-003,docs/spec-v3/task19/checkpoint/task19_checkpoint_final_review.md,2026-07-30T23:00:30+08:00,true
tests/spec_v3/test_b1a_algo009.py,INCLUDE_REQUIRED_TEST_BASELINE,4d8705a845a25feff1096c93de716f361679c169a9783c95d6f239eacb3c00d0,4160,B1-A,ALGO-009,docs/spec-v3/reports/B1-A_E5_trace_matrix.csv,2026-07-30T23:00:30+08:00,true
tests/spec_v3/test_b1a_algo011.py,INCLUDE_REQUIRED_TEST_BASELINE,d626d5945e4cd1374df91fc5182ceaefc16c9554f9320391cf107c7ad7a980cb,6013,B1-A,ALGO-011,docs/spec-v3/reports/B1-A_E5_trace_matrix.csv,2026-07-30T23:00:30+08:00,true
tests/spec_v3/test_b1a_state010.py,INCLUDE_REQUIRED_TEST_BASELINE,f046ffc9d5a5febbe2913610a971c2944bdaed4acc917c8a91e7a7c690ecd57f,3450,B1-A,STATE-010,docs/spec-v3/reports/B1-A_E5_trace_matrix.csv,2026-07-30T23:00:30+08:00,true
tests/spec_v3/test_b1b_remediation.py,INCLUDE_AUDITED_RESULT,3be28e67fccdbbc7e0effe2e50b724fe50dba0ead8c6ab8818b262ac8d840d95,14881,B1-B,STATE-001|STATE-011|STATE-004,B1-B_E5_trace_final.csv,2026-07-30T23:00:30+08:00,true
tests/spec_v3/test_heur_019.py,INCLUDE_REQUIRED_TEST_BASELINE,ec3fe0db220ad3ba78bfd197ab2b4ef9fd658139922938b9d4d5d9ff5f638c21,1144,MULTI_TASK_CODE,HEUR-019,docs/spec-v3/task19/checkpoint/task19_checkpoint_final_review.md,2026-07-30T23:00:30+08:00,true
tests/spec_v3/test_model_001.py,INCLUDE_REQUIRED_MODEL001_BASELINE,2b11df1c0bd5e97e0a65745cc8a2e193a56f89ff8d415113c29ca998d6c342b7,1190,MULTI_TASK_CODE,MODEL-001,docs/spec-v3/task19/checkpoint/task19_checkpoint_final_review.md,2026-07-30T23:00:30+08:00,true
tests/spec_v3/test_rule_003.py,INCLUDE_REQUIRED_TEST_BASELINE,103b27454710791d43e97004f1117e4041daaceda5bf1f6ddbe17b4af6214e0b,1704,MULTI_TASK_CODE,RULE-003,docs/spec-v3/task19/checkpoint/task19_checkpoint_final_review.md,2026-07-30T23:00:30+08:00,true
tests/spec_v3/test_rule_016.py,INCLUDE_REQUIRED_TEST_BASELINE,1188a59616208e74122ca03b7e056147d355619fd39fb01a801cd14c7b118dd3,544,MULTI_TASK_CODE,RULE-016,docs/spec-v3/task19/checkpoint/task19_checkpoint_final_review.md,2026-07-30T23:00:30+08:00,true
tests/spec_v3/test_score_001.py,INCLUDE_REQUIRED_TEST_BASELINE,3ba9f4ab6ad284647a48498132bcad39b98001abb3778ecad2d7ec0ae802d1cc,1451,MULTI_TASK_CODE,SCORE-001,docs/spec-v3/task19/checkpoint/task19_checkpoint_final_review.md,2026-07-30T23:00:30+08:00,true
tests/spec_v3/test_state_001.py,INCLUDE_REQUIRED_TEST_BASELINE,8b81968887b8e75dbd004fe1b2a19dfeb699272d7a56e8b3787e1f7a85946b49,3058,MULTI_TASK_CODE,STATE-001,docs/spec-v3/task19/checkpoint/task19_checkpoint_final_review.md,2026-07-30T23:00:30+08:00,true
tests/spec_v3/test_state_004.py,INCLUDE_REQUIRED_TEST_BASELINE,c927a39ea460a6b339433fa61d5c043c3f173d7c5f95b092042fc1761ea79e35,2591,MULTI_TASK_CODE,STATE-004,docs/spec-v3/task19/checkpoint/task19_checkpoint_final_review.md,2026-07-30T23:00:30+08:00,true
tests/spec_v3/test_state_005.py,INCLUDE_REQUIRED_TEST_BASELINE,07070ff58bbaa2609c687f66626115f0d09da6f53c3ea35b0573c824e7e964d1,516,MULTI_TASK_CODE,STATE-005,docs/spec-v3/task19/checkpoint/task19_checkpoint_final_review.md,2026-07-30T23:00:30+08:00,true
tests/spec_v3/test_state_011.py,INCLUDE_REQUIRED_TEST_BASELINE,9c3358c0eb58689ece5b8cda99ae111b3a6a7123a14d522c99f94922f441a50b,2421,MULTI_TASK_CODE,STATE-011,docs/spec-v3/task19/checkpoint/task19_checkpoint_final_review.md,2026-07-30T23:00:30+08:00,true
tests/spec_v3/test_train_003.py,INCLUDE_REQUIRED_TEST_BASELINE,2a0f3b21655f719a0146e4e9bc69bfb4d8231478a0bc5b10a1bd1c04ce5c1e5c,1358,MULTI_TASK_CODE,TRAIN-003,docs/spec-v3/task19/checkpoint/task19_checkpoint_final_review.md,2026-07-30T23:00:30+08:00,true
tools/finalize_b1b_evidence.py,INCLUDE_TASK19_PLAN,d38fc451181367606cf15f109288eeb8879d42265e8e9fd2301666b689b9b1fd,8252,TASK18/TASK19,,docs/spec-v3/task19/checkpoint/task19_checkpoint_final_review.md,2026-07-30T23:00:30+08:00,true
tools/generate_b2a1_design.py,INCLUDE_APPROVED_DESIGN,e1f42fb47840804e75b1283f5f93c403b20810a0bf0816f9b8c1a6d52d98fe78,15242,B2-A1,STATE-002|STATE-003|ALGO-002,docs/spec-v3/semantic-completion/reviews/B2-A1_approval_form.md,2026-07-30T23:00:30+08:00,true
tools/generate_task19_plan.py,INCLUDE_TASK19_PLAN,1fa5a4bf2dc20a3b945747ace4e2e404d5aaf63865b8795c9f85924f8d869adc,25610,TASK18/TASK19,,docs/spec-v3/task19/checkpoint/task19_checkpoint_final_review.md,2026-07-30T23:00:30+08:00,true
tools/refresh_task18_post_b1b_queue.py,INCLUDE_TASK19_PLAN,a9734d2b0c50c7428293c8877cf5ce2494fe5398995a98cb2d8004be2f3971e0,6246,TASK18/TASK19,,docs/spec-v3/task19/checkpoint/task19_checkpoint_final_review.md,2026-07-30T23:00:30+08:00,true
training/action_codec_v2.py,INCLUDE_REQUIRED_PRODUCTION_BASELINE,1755b685586e18863cbc0c7e1b1eb8bf2f446598d1ec64c0f9e2ef87875730c6,2927,MULTI_TASK_CODE,TRAIN-003|AUDIT-003,docs/spec-v3/task19/checkpoint/task19_checkpoint_final_review.md,2026-07-30T23:00:30+08:00,true
training/runner.py,INCLUDE_REQUIRED_PRODUCTION_BASELINE,2061904326f5243145afb9c82b094d0885d9156268a63db7f5fb916c6ddc6d9a,3824,B1-A,ALGO-011,docs/spec-v3/reports/B1-A_E5_trace_matrix.csv,2026-07-30T23:00:30+08:00,true
